o Mesh
v 0.5235049724578857 -0.3621940016746521 -0.37666448950767517
v 0.4694505035877228 -0.14204250276088715 -0.3396410048007965
v 0.5518699884414673 -0.14038899540901184 -0.17788800597190857
v 0.5518699884414673 -0.14038899540901184 -0.17788800597190857
v 0.6154149770736694 -0.36035001277923584 -0.19628649950027466
v 0.5235049724578857 -0.3621940016746521 -0.37666448950767517
v 0.38034749031066895 -0.36365750432014465 -0.5198150277137756
v 0.34107550978660583 -0.14335499703884125 -0.46800899505615234
v 0.4694505035877228 -0.14204250276088715 -0.3396410048007965
v 0.4694505035877228 -0.14204250276088715 -0.3396410048007965
v 0.5235049724578857 -0.3621940016746521 -0.37666448950767517
v 0.38034749031066895 -0.36365750432014465 -0.5198150277137756
v 0.19996050000190735 -0.36459699273109436 -0.6117200255393982
v 0.1793140023946762 -0.1441974937915802 -0.5504249930381775
v 0.34107550978660583 -0.14335499703884125 -0.46800899505615234
v 0.34107550978660583 -0.14335499703884125 -0.46800899505615234
v 0.38034749031066895 -0.36365750432014465 -0.5198150277137756
v 0.19996050000190735 -0.36459699273109436 -0.6117200255393982
v 0 -0.3649210035800934 -0.6433899998664856
v 0 -0.14448800683021545 -0.5788249969482422
v 0.1793140023946762 -0.1441974937915802 -0.5504249930381775
v 0.1793140023946762 -0.1441974937915802 -0.5504249930381775
v 0.19996050000190735 -0.36459699273109436 -0.6117200255393982
v 0 -0.3649210035800934 -0.6433899998664856
v -0.19996050000190735 -0.36459699273109436 -0.6117200255393982
v -0.1793140023946762 -0.1441974937915802 -0.5504249930381775
v 0 -0.14448800683021545 -0.5788249969482422
v 0 -0.14448800683021545 -0.5788249969482422
v 0 -0.3649210035800934 -0.6433899998664856
v -0.19996050000190735 -0.36459699273109436 -0.6117200255393982
v -0.38034749031066895 -0.36365750432014465 -0.5198150277137756
v -0.34107550978660583 -0.14335499703884125 -0.46800899505615234
v -0.1793140023946762 -0.1441974937915802 -0.5504249930381775
v -0.1793140023946762 -0.1441974937915802 -0.5504249930381775
v -0.19996050000190735 -0.36459699273109436 -0.6117200255393982
v -0.38034749031066895 -0.36365750432014465 -0.5198150277137756
v -0.5235049724578857 -0.3621940016746521 -0.37666448950767517
v -0.4694499969482422 -0.14204250276088715 -0.3396404981613159
v -0.34107550978660583 -0.14335499703884125 -0.46800899505615234
v -0.34107550978660583 -0.14335499703884125 -0.46800899505615234
v -0.38034749031066895 -0.36365750432014465 -0.5198150277137756
v -0.5235049724578857 -0.3621940016746521 -0.37666448950767517
v -0.6154149770736694 -0.36035001277923584 -0.19628700613975525
v -0.5518699884414673 -0.14038899540901184 -0.17788800597190857
v -0.4694499969482422 -0.14204250276088715 -0.3396404981613159
v -0.4694499969482422 -0.14204250276088715 -0.3396404981613159
v -0.5235049724578857 -0.3621940016746521 -0.37666448950767517
v -0.6154149770736694 -0.36035001277923584 -0.19628700613975525
v -0.6470850110054016 -0.35830599069595337 0.003663114970549941
v -0.580269992351532 -0.13855600357055664 0.0014165149768814445
v -0.5518699884414673 -0.14038899540901184 -0.17788800597190857
v -0.5518699884414673 -0.14038899540901184 -0.17788800597190857
v -0.6154149770736694 -0.36035001277923584 -0.19628700613975525
v -0.6470850110054016 -0.35830599069595337 0.003663114970549941
v -0.6154149770736694 -0.3562614917755127 0.20361299812793732
v -0.5518699884414673 -0.13672250509262085 0.1807209998369217
v -0.580269992351532 -0.13855600357055664 0.0014165149768814445
v -0.580269992351532 -0.13855600357055664 0.0014165149768814445
v -0.6470850110054016 -0.35830599069595337 0.003663114970549941
v -0.6154149770736694 -0.3562614917755127 0.20361299812793732
v -0.5235049724578857 -0.35441750288009644 0.38399049639701843
v -0.4694499969482422 -0.13506899774074554 0.3424740135669708
v -0.5518699884414673 -0.13672250509262085 0.1807209998369217
v -0.5518699884414673 -0.13672250509262085 0.1807209998369217
v -0.6154149770736694 -0.3562614917755127 0.20361299812793732
v -0.5235049724578857 -0.35441750288009644 0.38399049639701843
v -0.38034749031066895 -0.3529540002346039 0.5271400213241577
v -0.34107550978660583 -0.13375650346279144 0.47084200382232666
v -0.4694499969482422 -0.13506899774074554 0.3424740135669708
v -0.4694499969482422 -0.13506899774074554 0.3424740135669708
v -0.5235049724578857 -0.35441750288009644 0.38399049639701843
v -0.38034749031066895 -0.3529540002346039 0.5271400213241577
v -0.19996050000190735 -0.3520145118236542 0.6190450191497803
v -0.1793140023946762 -0.1329140067100525 0.5532600283622742
v -0.34107550978660583 -0.13375650346279144 0.47084200382232666
v -0.34107550978660583 -0.13375650346279144 0.47084200382232666
v -0.38034749031066895 -0.3529540002346039 0.5271400213241577
v -0.19996050000190735 -0.3520145118236542 0.6190450191497803
v 0 -0.35169050097465515 0.6507149934768677
v 0 -0.13262349367141724 0.5816599726676941
v -0.1793140023946762 -0.1329140067100525 0.5532600283622742
v -0.1793140023946762 -0.1329140067100525 0.5532600283622742
v -0.19996050000190735 -0.3520145118236542 0.6190450191497803
v 0 -0.35169050097465515 0.6507149934768677
v 0.19996050000190735 -0.3520145118236542 0.6190450191497803
v 0.1793140023946762 -0.1329140067100525 0.5532600283622742
v 0 -0.13262349367141724 0.5816599726676941
v 0 -0.13262349367141724 0.5816599726676941
v 0 -0.35169050097465515 0.6507149934768677
v 0.19996050000190735 -0.3520145118236542 0.6190450191497803
v 0.38034749031066895 -0.3529540002346039 0.5271400213241577
v 0.34107550978660583 -0.13375650346279144 0.47084200382232666
v 0.1793140023946762 -0.1329140067100525 0.5532600283622742
v 0.1793140023946762 -0.1329140067100525 0.5532600283622742
v 0.19996050000190735 -0.3520145118236542 0.6190450191497803
v 0.38034749031066895 -0.3529540002346039 0.5271400213241577
v 0.5235049724578857 -0.35441750288009644 0.38399049639701843
v 0.4694499969482422 -0.13506899774074554 0.3424740135669708
v 0.34107550978660583 -0.13375650346279144 0.47084200382232666
v 0.34107550978660583 -0.13375650346279144 0.47084200382232666
v 0.38034749031066895 -0.3529540002346039 0.5271400213241577
v 0.5235049724578857 -0.35441750288009644 0.38399049639701843
v 0.6154149770736694 -0.3562614917755127 0.20361299812793732
v 0.5518699884414673 -0.13672250509262085 0.1807209998369217
v 0.4694499969482422 -0.13506899774074554 0.3424740135669708
v 0.4694499969482422 -0.13506899774074554 0.3424740135669708
v 0.5235049724578857 -0.35441750288009644 0.38399049639701843
v 0.6154149770736694 -0.3562614917755127 0.20361299812793732
v 0.6470850110054016 -0.35830599069595337 0.0036636150907725096
v 0.580269992351532 -0.13855600357055664 0.0014165149768814445
v 0.5518699884414673 -0.13672250509262085 0.1807209998369217
v 0.5518699884414673 -0.13672250509262085 0.1807209998369217
v 0.6154149770736694 -0.3562614917755127 0.20361299812793732
v 0.6470850110054016 -0.35830599069595337 0.0036636150907725096
v 0.6154149770736694 -0.36035001277923584 -0.19628649950027466
v 0.5518699884414673 -0.14038899540901184 -0.17788800597190857
v 0.580269992351532 -0.13855600357055664 0.0014165149768814445
v 0.580269992351532 -0.13855600357055664 0.0014165149768814445
v 0.6470850110054016 -0.35830599069595337 0.0036636150907725096
v 0.6154149770736694 -0.36035001277923584 -0.19628649950027466
v 0.1903975009918213 0.3576734960079193 -0.06549549847841263
v 0.16359099745750427 0.35711199045181274 -0.12044250220060349
v 0.0010059999767690897 0.35830599069595337 -0.003663114970549941
v 0.16359099745750427 0.35711199045181274 -0.12044250220060349
v 0.11700499802827835 0.35669299960136414 -0.16139750182628632
v 0.0010059999767690897 0.35830599069595337 -0.003663114970549941
v 0.11700499802827835 0.35669299960136414 -0.16139750182628632
v 0.06101499870419502 0.35638850927352905 -0.1911740005016327
v 0.0010059999767690897 0.35830599069595337 -0.003663114970549941
v 0.06101499870419502 0.35638850927352905 -0.1911740005016327
v 0.00008600000001024455 0.3562900125980377 -0.20085200667381287
v 0.0010059999767690897 0.35830599069595337 -0.003663114970549941
v 0.00008600000001024455 0.3562900125980377 -0.20085200667381287
v -0.06086049973964691 0.35638800263404846 -0.19122600555419922
v 0.0010059999767690897 0.35830599069595337 -0.003663114970549941
v -0.06086049973964691 0.35638800263404846 -0.19122600555419922
v -0.11585450172424316 0.3566744923591614 -0.16323299705982208
v 0.0010059999767690897 0.35830599069595337 -0.003663114970549941
v -0.11585450172424316 0.3566744923591614 -0.16323299705982208
v -0.15950800478458405 0.3571205139160156 -0.11960849910974503
v 0.0010059999767690897 0.35830599069595337 -0.003663114970549941
v -0.15950800478458405 0.3571205139160156 -0.11960849910974503
v -0.1875395029783249 0.3576824963092804 -0.06462249904870987
v 0.0010059999767690897 0.35830599069595337 -0.003663114970549941
v -0.1875395029783249 0.3576824963092804 -0.06462249904870987
v -0.1971990019083023 0.35830599069595337 -0.003663114970549941
v 0.0010059999767690897 0.35830599069595337 -0.003663114970549941
v -0.1971990019083023 0.35830599069595337 -0.003663114970549941
v -0.1875395029783249 0.35892900824546814 0.057296499609947205
v 0.0010059999767690897 0.35830599069595337 -0.003663114970549941
v -0.1875395029783249 0.35892900824546814 0.057296499609947205
v -0.15950800478458405 0.3594909906387329 0.11228200048208237
v 0.0010059999767690897 0.35830599069595337 -0.003663114970549941
v -0.15950800478458405 0.3594909906387329 0.11228200048208237
v -0.11585500091314316 0.35993701219558716 0.15590649843215942
v 0.0010059999767690897 0.35830599069595337 -0.003663114970549941
v -0.11585500091314316 0.35993701219558716 0.15590649843215942
v -0.06086049973964691 0.3602235019207001 0.18389999866485596
v 0.0010059999767690897 0.35830599069595337 -0.003663114970549941
v -0.06086049973964691 0.3602235019207001 0.18389999866485596
v 0.00008600000001024455 0.3603214919567108 0.193525493144989
v 0.0010059999767690897 0.35830599069595337 -0.003663114970549941
v 0.00008600000001024455 0.3603214919567108 0.193525493144989
v 0.06101499870419502 0.3602229952812195 0.18384750187397003
v 0.0010059999767690897 0.35830599069595337 -0.003663114970549941
v 0.06101499870419502 0.3602229952812195 0.18384750187397003
v 0.11700499802827835 0.3599185049533844 0.15407049655914307
v 0.0010059999767690897 0.35830599069595337 -0.003663114970549941
v 0.11700499802827835 0.3599185049533844 0.15407049655914307
v 0.16359050571918488 0.3594995141029358 0.11311600357294083
v 0.0010059999767690897 0.35830599069595337 -0.003663114970549941
v 0.16359050571918488 0.3594995141029358 0.11311600357294083
v 0.1903975009918213 0.3589380085468292 0.05816949903964996
v 0.0010059999767690897 0.35830599069595337 -0.003663114970549941
v 0.1903975009918213 0.3589380085468292 0.05816949903964996
v 0.20018799602985382 0.35830599069595337 -0.003663114970549941
v 0.0010059999767690897 0.35830599069595337 -0.003663114970549941
v 0.20018799602985382 0.35830599069595337 -0.003663114970549941
v 0.1903975009918213 0.3576734960079193 -0.06549549847841263
v 0.0010059999767690897 0.35830599069595337 -0.003663114970549941
v 0.4496699869632721 -0.12149149924516678 -0.32547950744628906
v 0.3855695128440857 -0.11921700090169907 -0.2789284884929657
v 0.4532639980316162 -0.11785899847745895 -0.1460770070552826
v 0.4532639980316162 -0.11785899847745895 -0.1460770070552826
v 0.5286200046539307 -0.11990749835968018 -0.17054149508476257
v 0.4496699869632721 -0.12149149924516678 -0.32547950744628906
v 0.3267045021057129 -0.12274850159883499 -0.44843849539756775
v 0.2801325023174286 -0.12029500305652618 -0.3843595087528229
v 0.3855695128440857 -0.11921700090169907 -0.2789284884929657
v 0.3855695128440857 -0.11921700090169907 -0.2789284884929657
v 0.4496699869632721 -0.12149149924516678 -0.32547950744628906
v 0.3267045021057129 -0.12274850159883499 -0.44843849539756775
v 0.1717585027217865 -0.12355600297451019 -0.5273849964141846
v 0.14727449417114258 -0.12098699808120728 -0.45205050706863403
v 0.2801325023174286 -0.12029500305652618 -0.3843595087528229
v 0.2801325023174286 -0.12029500305652618 -0.3843595087528229
v 0.3267045021057129 -0.12274850159883499 -0.44843849539756775
v 0.1717585027217865 -0.12355600297451019 -0.5273849964141846
v 0 -0.12383399903774261 -0.5545849800109863
v 0 -0.1212254986166954 -0.4753749966621399
v 0.14727449417114258 -0.12098699808120728 -0.45205050706863403
v 0.14727449417114258 -0.12098699808120728 -0.45205050706863403
v 0.1717585027217865 -0.12355600297451019 -0.5273849964141846
v 0 -0.12383399903774261 -0.5545849800109863
v -0.1717585027217865 -0.12355600297451019 -0.5273849964141846
v -0.14727449417114258 -0.12098699808120728 -0.45205050706863403
v 0 -0.1212254986166954 -0.4753749966621399
v 0 -0.1212254986166954 -0.4753749966621399
v 0 -0.12383399903774261 -0.5545849800109863
v -0.1717585027217865 -0.12355600297451019 -0.5273849964141846
v -0.3267039954662323 -0.12274850159883499 -0.44843849539756775
v -0.2801325023174286 -0.12029500305652618 -0.3843595087528229
v -0.14727449417114258 -0.12098699808120728 -0.45205050706863403
v -0.14727449417114258 -0.12098699808120728 -0.45205050706863403
v -0.1717585027217865 -0.12355600297451019 -0.5273849964141846
v -0.3267039954662323 -0.12274850159883499 -0.44843849539756775
v -0.4496699869632721 -0.12149149924516678 -0.32547900080680847
v -0.3855690062046051 -0.11921700090169907 -0.2789280116558075
v -0.2801325023174286 -0.12029500305652618 -0.3843595087528229
v -0.2801325023174286 -0.12029500305652618 -0.3843595087528229
v -0.3267039954662323 -0.12274850159883499 -0.44843849539756775
v -0.4496699869632721 -0.12149149924516678 -0.32547900080680847
v -0.5286200046539307 -0.11990749835968018 -0.17054149508476257
v -0.4532634913921356 -0.11785899847745895 -0.1460770070552826
v -0.3855690062046051 -0.11921700090169907 -0.2789280116558075
v -0.3855690062046051 -0.11921700090169907 -0.2789280116558075
v -0.4496699869632721 -0.12149149924516678 -0.32547900080680847
v -0.5286200046539307 -0.11990749835968018 -0.17054149508476257
v -0.5558199882507324 -0.11815200001001358 0.001207915018312633
v -0.47658950090408325 -0.11635349690914154 0.0011895300121977925
v -0.4532634913921356 -0.11785899847745895 -0.1460770070552826
v -0.4532634913921356 -0.11785899847745895 -0.1460770070552826
v -0.5286200046539307 -0.11990749835968018 -0.17054149508476257
v -0.5558199882507324 -0.11815200001001358 0.001207915018312633
v -0.5286200046539307 -0.11639600247144699 0.17295749485492706
v -0.4532634913921356 -0.11484800279140472 0.14845649898052216
v -0.47658950090408325 -0.11635349690914154 0.0011895300121977925
v -0.47658950090408325 -0.11635349690914154 0.0011895300121977925
v -0.5558199882507324 -0.11815200001001358 0.001207915018312633
v -0.5286200046539307 -0.11639600247144699 0.17295749485492706
v -0.4496699869632721 -0.11481200158596039 0.32789549231529236
v -0.3855690062046051 -0.11348950117826462 0.28130748867988586
v -0.4532634913921356 -0.11484800279140472 0.14845649898052216
v -0.4532634913921356 -0.11484800279140472 0.14845649898052216
v -0.5286200046539307 -0.11639600247144699 0.17295749485492706
v -0.4496699869632721 -0.11481200158596039 0.32789549231529236
v -0.3267039954662323 -0.11355499923229218 0.45085451006889343
v -0.2801325023174286 -0.1124119982123375 0.38673850893974304
v -0.3855690062046051 -0.11348950117826462 0.28130748867988586
v -0.3855690062046051 -0.11348950117826462 0.28130748867988586
v -0.4496699869632721 -0.11481200158596039 0.32789549231529236
v -0.3267039954662323 -0.11355499923229218 0.45085451006889343
v -0.1717585027217865 -0.11274799704551697 0.5297999978065491
v -0.14727449417114258 -0.1117200031876564 0.4544295072555542
v -0.2801325023174286 -0.1124119982123375 0.38673850893974304
v -0.2801325023174286 -0.1124119982123375 0.38673850893974304
v -0.3267039954662323 -0.11355499923229218 0.45085451006889343
v -0.1717585027217865 -0.11274799704551697 0.5297999978065491
v 0 -0.11246950179338455 0.5569999814033508
v 0 -0.11148150265216827 0.47775399684906006
v -0.14727449417114258 -0.1117200031876564 0.4544295072555542
v -0.14727449417114258 -0.1117200031876564 0.4544295072555542
v -0.1717585027217865 -0.11274799704551697 0.5297999978065491
v 0 -0.11246950179338455 0.5569999814033508
v 0.1717585027217865 -0.11274799704551697 0.5297999978065491
v 0.14727449417114258 -0.1117200031876564 0.4544295072555542
v 0 -0.11148150265216827 0.47775399684906006
v 0 -0.11148150265216827 0.47775399684906006
v 0 -0.11246950179338455 0.5569999814033508
v 0.1717585027217865 -0.11274799704551697 0.5297999978065491
v 0.3267039954662323 -0.11355499923229218 0.45085400342941284
v 0.2801325023174286 -0.1124119982123375 0.38673850893974304
v 0.14727449417114258 -0.1117200031876564 0.4544295072555542
v 0.14727449417114258 -0.1117200031876564 0.4544295072555542
v 0.1717585027217865 -0.11274799704551697 0.5297999978065491
v 0.3267039954662323 -0.11355499923229218 0.45085400342941284
v 0.4496699869632721 -0.11481200158596039 0.32789549231529236
v 0.3855690062046051 -0.11348950117826462 0.28130748867988586
v 0.2801325023174286 -0.1124119982123375 0.38673850893974304
v 0.2801325023174286 -0.1124119982123375 0.38673850893974304
v 0.3267039954662323 -0.11355499923229218 0.45085400342941284
v 0.4496699869632721 -0.11481200158596039 0.32789549231529236
v 0.5286200046539307 -0.11639600247144699 0.17295749485492706
v 0.4532634913921356 -0.11484800279140472 0.14845649898052216
v 0.3855690062046051 -0.11348950117826462 0.28130748867988586
v 0.3855690062046051 -0.11348950117826462 0.28130748867988586
v 0.4496699869632721 -0.11481200158596039 0.32789549231529236
v 0.5286200046539307 -0.11639600247144699 0.17295749485492706
v 0.5558199882507324 -0.11815200001001358 0.001207915018312633
v 0.47658950090408325 -0.11635349690914154 0.0011895300121977925
v 0.4532634913921356 -0.11484800279140472 0.14845649898052216
v 0.4532634913921356 -0.11484800279140472 0.14845649898052216
v 0.5286200046539307 -0.11639600247144699 0.17295749485492706
v 0.5558199882507324 -0.11815200001001358 0.001207915018312633
v 0.5286200046539307 -0.11990749835968018 -0.17054149508476257
v 0.4532639980316162 -0.11785899847745895 -0.1460770070552826
v 0.47658950090408325 -0.11635349690914154 0.0011895300121977925
v 0.47658950090408325 -0.11635349690914154 0.0011895300121977925
v 0.5558199882507324 -0.11815200001001358 0.001207915018312633
v 0.5286200046539307 -0.11990749835968018 -0.17054149508476257
v 0.3798064887523651 -0.11297299712896347 -0.2748050093650818
v 0.3472430109977722 0.039042700082063675 -0.25269898772239685
v 0.4082084894180298 0.040265899151563644 -0.1330530047416687
v 0.4082084894180298 0.040265899151563644 -0.1330530047416687
v 0.44648900628089905 -0.11163549870252609 -0.14393949508666992
v 0.3798064887523651 -0.11297299712896347 -0.2748050093650818
v 0.2759455144405365 -0.11403500288724899 -0.3786599934101105
v 0.25228649377822876 0.038072001188993454 -0.3476499915122986
v 0.3472430109977722 0.039042700082063675 -0.25269898772239685
v 0.3472430109977722 0.039042700082063675 -0.25269898772239685
v 0.3798064887523651 -0.11297299712896347 -0.2748050093650818
v 0.2759455144405365 -0.11403500288724899 -0.3786599934101105
v 0.14507299661636353 -0.11471650004386902 -0.44533950090408325
v 0.1326349973678589 0.03744874894618988 -0.4086124897003174
v 0.25228649377822876 0.038072001188993454 -0.3476499915122986
v 0.25228649377822876 0.038072001188993454 -0.3476499915122986
v 0.2759455144405365 -0.11403500288724899 -0.3786599934101105
v 0.14507299661636353 -0.11471650004386902 -0.44533950090408325
v 0 -0.11495149880647659 -0.4683155119419098
v 0 0.037234000861644745 -0.4296185076236725
v 0.1326349973678589 0.03744874894618988 -0.4086124897003174
v 0.1326349973678589 0.03744874894618988 -0.4086124897003174
v 0.14507299661636353 -0.11471650004386902 -0.44533950090408325
v 0 -0.11495149880647659 -0.4683155119419098
v -0.14507299661636353 -0.11471650004386902 -0.44533950090408325
v -0.1326349973678589 0.03744874894618988 -0.4086124897003174
v 0 0.037234000861644745 -0.4296185076236725
v 0 0.037234000861644745 -0.4296185076236725
v 0 -0.11495149880647659 -0.4683155119419098
v -0.14507299661636353 -0.11471650004386902 -0.44533950090408325
v -0.2759455144405365 -0.11403500288724899 -0.3786599934101105
v -0.25228649377822876 0.038072001188993454 -0.3476499915122986
v -0.1326349973678589 0.03744874894618988 -0.4086124897003174
v -0.1326349973678589 0.03744874894618988 -0.4086124897003174
v -0.14507299661636353 -0.11471650004386902 -0.44533950090408325
v -0.2759455144405365 -0.11403500288724899 -0.3786599934101105
v -0.3798060119152069 -0.11297299712896347 -0.2748045027256012
v -0.3472425043582916 0.039042700082063675 -0.25269898772239685
v -0.25228649377822876 0.038072001188993454 -0.3476499915122986
v -0.25228649377822876 0.038072001188993454 -0.3476499915122986
v -0.2759455144405365 -0.11403500288724899 -0.3786599934101105
v -0.3798060119152069 -0.11297299712896347 -0.2748045027256012
v -0.44648900628089905 -0.11163549870252609 -0.14393949508666992
v -0.4082080125808716 0.040265899151563644 -0.1330530047416687
v -0.3472425043582916 0.039042700082063675 -0.25269898772239685
v -0.3472425043582916 0.039042700082063675 -0.25269898772239685
v -0.3798060119152069 -0.11297299712896347 -0.2748045027256012
v -0.44648900628089905 -0.11163549870252609 -0.14393949508666992
v -0.4694660007953644 -0.1101519986987114 0.0011261350009590387
v -0.4292154908180237 0.041621800512075424 -0.0004255179956089705
v -0.4082080125808716 0.040265899151563644 -0.1330530047416687
v -0.4082080125808716 0.040265899151563644 -0.1330530047416687
v -0.44648900628089905 -0.11163549870252609 -0.14393949508666992
v -0.4694660007953644 -0.1101519986987114 0.0011261350009590387
v -0.44648900628089905 -0.10866899788379669 0.14619149267673492
v -0.4082080125808716 0.042977750301361084 0.13220250606536865
v -0.4292154908180237 0.041621800512075424 -0.0004255179956089705
v -0.4292154908180237 0.041621800512075424 -0.0004255179956089705
v -0.4694660007953644 -0.1101519986987114 0.0011261350009590387
v -0.44648900628089905 -0.10866899788379669 0.14619149267673492
v -0.3798060119152069 -0.10733149945735931 0.2770569920539856
v -0.3472425043582916 0.04420090094208717 0.2518480122089386
v -0.4082080125808716 0.042977750301361084 0.13220250606536865
v -0.4082080125808716 0.042977750301361084 0.13220250606536865
v -0.44648900628089905 -0.10866899788379669 0.14619149267673492
v -0.3798060119152069 -0.10733149945735931 0.2770569920539856
v -0.2759450078010559 -0.10626950114965439 0.38091251254081726
v -0.25228649377822876 0.045171648263931274 0.34679898619651794
v -0.3472425043582916 0.04420090094208717 0.2518480122089386
v -0.3472425043582916 0.04420090094208717 0.2518480122089386
v -0.3798060119152069 -0.10733149945735931 0.2770569920539856
v -0.2759450078010559 -0.10626950114965439 0.38091251254081726
v -0.14507299661636353 -0.10558799654245377 0.44759199023246765
v -0.1326349973678589 0.04579490050673485 0.40776100754737854
v -0.25228649377822876 0.045171648263931274 0.34679898619651794
v -0.25228649377822876 0.045171648263931274 0.34679898619651794
v -0.2759450078010559 -0.10626950114965439 0.38091251254081726
v -0.14507299661636353 -0.10558799654245377 0.44759199023246765
v 0 -0.10535299777984619 0.4705674946308136
v 0 0.046009648591279984 0.42876750230789185
v -0.1326349973678589 0.04579490050673485 0.40776100754737854
v -0.1326349973678589 0.04579490050673485 0.40776100754737854
v -0.14507299661636353 -0.10558799654245377 0.44759199023246765
v 0 -0.10535299777984619 0.4705674946308136
v 0.14507299661636353 -0.10558799654245377 0.44759199023246765
v 0.1326349973678589 0.04579490050673485 0.40776100754737854
v 0 0.046009648591279984 0.42876750230789185
v 0 0.046009648591279984 0.42876750230789185
v 0 -0.10535299777984619 0.4705674946308136
v 0.14507299661636353 -0.10558799654245377 0.44759199023246765
v 0.2759455144405365 -0.10626950114965439 0.38091251254081726
v 0.25228649377822876 0.045171648263931274 0.34679898619651794
v 0.1326349973678589 0.04579490050673485 0.40776100754737854
v 0.1326349973678589 0.04579490050673485 0.40776100754737854
v 0.14507299661636353 -0.10558799654245377 0.44759199023246765
v 0.2759455144405365 -0.10626950114965439 0.38091251254081726
v 0.3798060119152069 -0.10733149945735931 0.2770569920539856
v 0.3472430109977722 0.04420090094208717 0.2518480122089386
v 0.25228649377822876 0.045171648263931274 0.34679898619651794
v 0.25228649377822876 0.045171648263931274 0.34679898619651794
v 0.2759455144405365 -0.10626950114965439 0.38091251254081726
v 0.3798060119152069 -0.10733149945735931 0.2770569920539856
v 0.44648900628089905 -0.10866899788379669 0.14619149267673492
v 0.4082084894180298 0.042977750301361084 0.13220250606536865
v 0.3472430109977722 0.04420090094208717 0.2518480122089386
v 0.3472430109977722 0.04420090094208717 0.2518480122089386
v 0.3798060119152069 -0.10733149945735931 0.2770569920539856
v 0.44648900628089905 -0.10866899788379669 0.14619149267673492
v 0.4694660007953644 -0.1101519986987114 0.0011261350009590387
v 0.4292154908180237 0.041621800512075424 -0.0004255179956089705
v 0.4082084894180298 0.042977750301361084 0.13220250606536865
v 0.4082084894180298 0.042977750301361084 0.13220250606536865
v 0.44648900628089905 -0.10866899788379669 0.14619149267673492
v 0.4694660007953644 -0.1101519986987114 0.0011261350009590387
v 0.44648900628089905 -0.11163549870252609 -0.14393949508666992
v 0.4082084894180298 0.040265899151563644 -0.1330530047416687
v 0.4292154908180237 0.041621800512075424 -0.0004255179956089705
v 0.4292154908180237 0.041621800512075424 -0.0004255179956089705
v 0.4694660007953644 -0.1101519986987114 0.0011261350009590387
v 0.44648900628089905 -0.11163549870252609 -0.14393949508666992
v 0.3280330002307892 0.05981750041246414 -0.23895399272441864
v 0.28090450167655945 0.06136700138449669 -0.20472750067710876
v 0.3302229940891266 0.06235650181770325 -0.10793899744749069
v 0.3302229940891266 0.06235650181770325 -0.10793899744749069
v 0.3856259882450104 0.06097299978137016 -0.12592749297618866
v 0.3280330002307892 0.05981750041246414 -0.23895399272441864
v 0.23833000659942627 0.05890050157904625 -0.3286519944667816
v 0.2040890008211136 0.060581501573324203 -0.2815384864807129
v 0.28090450167655945 0.06136700138449669 -0.20472750067710876
v 0.28090450167655945 0.06136700138449669 -0.20472750067710876
v 0.3280330002307892 0.05981750041246414 -0.23895399272441864
v 0.23833000659942627 0.05890050157904625 -0.3286519944667816
v 0.12529750168323517 0.058311499655246735 -0.38624200224876404
v 0.10729599744081497 0.060077499598264694 -0.33085450530052185
v 0.2040890008211136 0.060581501573324203 -0.2815384864807129
v 0.2040890008211136 0.060581501573324203 -0.2815384864807129
v 0.23833000659942627 0.05890050157904625 -0.3286519944667816
v 0.12529750168323517 0.058311499655246735 -0.38624200224876404
v 0 0.05810850113630295 -0.4060859978199005
v 0 0.059903498739004135 -0.34784749150276184
v 0.10729599744081497 0.060077499598264694 -0.33085450530052185
v 0.10729599744081497 0.060077499598264694 -0.33085450530052185
v 0.12529750168323517 0.058311499655246735 -0.38624200224876404
v 0 0.05810850113630295 -0.4060859978199005
v -0.12529750168323517 0.058311499655246735 -0.38624200224876404
v -0.10729599744081497 0.060077499598264694 -0.33085450530052185
v 0 0.059903498739004135 -0.34784749150276184
v 0 0.059903498739004135 -0.34784749150276184
v 0 0.05810850113630295 -0.4060859978199005
v -0.12529750168323517 0.058311499655246735 -0.38624200224876404
v -0.23833000659942627 0.05890050157904625 -0.3286519944667816
v -0.2040890008211136 0.060581501573324203 -0.2815384864807129
v -0.10729599744081497 0.060077499598264694 -0.33085450530052185
v -0.10729599744081497 0.060077499598264694 -0.33085450530052185
v -0.12529750168323517 0.058311499655246735 -0.38624200224876404
v -0.23833000659942627 0.05890050157904625 -0.3286519944667816
v -0.3280330002307892 0.05981750041246414 -0.23895399272441864
v -0.28090450167655945 0.06136700138449669 -0.20472699403762817
v -0.2040890008211136 0.060581501573324203 -0.2815384864807129
v -0.2040890008211136 0.060581501573324203 -0.2815384864807129
v -0.23833000659942627 0.05890050157904625 -0.3286519944667816
v -0.3280330002307892 0.05981750041246414 -0.23895399272441864
v -0.3856255114078522 0.06097299978137016 -0.12592749297618866
v -0.3302229940891266 0.06235650181770325 -0.10793899744749069
v -0.28090450167655945 0.06136700138449669 -0.20472699403762817
v -0.28090450167655945 0.06136700138449669 -0.20472699403762817
v -0.3280330002307892 0.05981750041246414 -0.23895399272441864
v -0.3856255114078522 0.06097299978137016 -0.12592749297618866
v -0.40547099709510803 0.062253501266241074 -0.000636445009149611
v -0.34721699357032776 0.06345299631357193 -0.0006487100035883486
v -0.3302229940891266 0.06235650181770325 -0.10793899744749069
v -0.3302229940891266 0.06235650181770325 -0.10793899744749069
v -0.3856255114078522 0.06097299978137016 -0.12592749297618866
v -0.40547099709510803 0.062253501266241074 -0.000636445009149611
v -0.3856255114078522 0.06353449821472168 0.12465450167655945
v -0.3302229940891266 0.0645499974489212 0.1066415011882782
v -0.34721699357032776 0.06345299631357193 -0.0006487100035883486
v -0.34721699357032776 0.06345299631357193 -0.0006487100035883486
v -0.40547099709510803 0.062253501266241074 -0.000636445009149611
v -0.3856255114078522 0.06353449821472168 0.12465450167655945
v -0.3280330002307892 0.064690001308918 0.23768049478530884
v -0.28090450167655945 0.06553950160741806 0.20342950522899628
v -0.3302229940891266 0.0645499974489212 0.1066415011882782
v -0.3302229940891266 0.0645499974489212 0.1066415011882782
v -0.3856255114078522 0.06353449821472168 0.12465450167655945
v -0.3280330002307892 0.064690001308918 0.23768049478530884
v -0.23833000659942627 0.0656069964170456 0.3273794949054718
v -0.2040890008211136 0.06632500141859055 0.2802410125732422
v -0.28090450167655945 0.06553950160741806 0.20342950522899628
v -0.28090450167655945 0.06553950160741806 0.20342950522899628
v -0.3280330002307892 0.064690001308918 0.23768049478530884
v -0.23833000659942627 0.0656069964170456 0.3273794949054718
v -0.12529750168323517 0.0661960020661354 0.38496899604797363
v -0.10729599744081497 0.06682900339365005 0.32955700159072876
v -0.2040890008211136 0.06632500141859055 0.2802410125732422
v -0.2040890008211136 0.06632500141859055 0.2802410125732422
v -0.23833000659942627 0.0656069964170456 0.3273794949054718
v -0.12529750168323517 0.0661960020661354 0.38496899604797363
v 0 0.0663990005850792 0.4048129916191101
v 0 0.06700249761343002 0.34654998779296875
v -0.10729599744081497 0.06682900339365005 0.32955700159072876
v -0.10729599744081497 0.06682900339365005 0.32955700159072876
v -0.12529750168323517 0.0661960020661354 0.38496899604797363
v 0 0.0663990005850792 0.4048129916191101
v 0.12529750168323517 0.0661960020661354 0.38496899604797363
v 0.10729599744081497 0.06682900339365005 0.32955700159072876
v 0 0.06700249761343002 0.34654998779296875
v 0 0.06700249761343002 0.34654998779296875
v 0 0.0663990005850792 0.4048129916191101
v 0.12529750168323517 0.0661960020661354 0.38496899604797363
v 0.23833000659942627 0.0656069964170456 0.3273794949054718
v 0.2040890008211136 0.06632500141859055 0.2802410125732422
v 0.10729599744081497 0.06682900339365005 0.32955700159072876
v 0.10729599744081497 0.06682900339365005 0.32955700159072876
v 0.12529750168323517 0.0661960020661354 0.38496899604797363
v 0.23833000659942627 0.0656069964170456 0.3273794949054718
v 0.3280330002307892 0.064690001308918 0.23768100142478943
v 0.28090450167655945 0.06553950160741806 0.20342950522899628
v 0.2040890008211136 0.06632500141859055 0.2802410125732422
v 0.2040890008211136 0.06632500141859055 0.2802410125732422
v 0.23833000659942627 0.0656069964170456 0.3273794949054718
v 0.3280330002307892 0.064690001308918 0.23768100142478943
v 0.3856259882450104 0.06353449821472168 0.12465450167655945
v 0.3302229940891266 0.0645499974489212 0.1066415011882782
v 0.28090450167655945 0.06553950160741806 0.20342950522899628
v 0.28090450167655945 0.06553950160741806 0.20342950522899628
v 0.3280330002307892 0.064690001308918 0.23768100142478943
v 0.3856259882450104 0.06353449821472168 0.12465450167655945
v 0.40547099709510803 0.062253501266241074 -0.000636445009149611
v 0.34721699357032776 0.06345299631357193 -0.0006487100035883486
v 0.3302229940891266 0.0645499974489212 0.1066415011882782
v 0.3302229940891266 0.0645499974489212 0.1066415011882782
v 0.3856259882450104 0.06353449821472168 0.12465450167655945
v 0.40547099709510803 0.062253501266241074 -0.000636445009149611
v 0.3856259882450104 0.06097299978137016 -0.12592749297618866
v 0.3302229940891266 0.06235650181770325 -0.10793899744749069
v 0.34721699357032776 0.06345299631357193 -0.0006487100035883486
v 0.34721699357032776 0.06345299631357193 -0.0006487100035883486
v 0.40547099709510803 0.062253501266241074 -0.000636445009149611
v 0.3856259882450104 0.06097299978137016 -0.12592749297618866
v 0.2754094898700714 0.06770150363445282 -0.20079949498176575
v 0.25429150462150574 0.19387750327587128 -0.18674549460411072
v 0.29893800616264343 0.19477349519729614 -0.09912700206041336
v 0.29893800616264343 0.19477349519729614 -0.09912700206041336
v 0.32376348972320557 0.06867150217294693 -0.10590449720621109
v 0.2754094898700714 0.06770150363445282 -0.20079949498176575
v 0.2000965029001236 0.06693150103092194 -0.2761079967021942
v 0.18475350737571716 0.19316649436950684 -0.25627949833869934
v 0.25429150462150574 0.19387750327587128 -0.18674549460411072
v 0.25429150462150574 0.19387750327587128 -0.18674549460411072
v 0.2754094898700714 0.06770150363445282 -0.20079949498176575
v 0.2000965029001236 0.06693150103092194 -0.2761079967021942
v 0.1051969975233078 0.0664369985461235 -0.3244589865207672
v 0.09713099896907806 0.1927105039358139 -0.30092349648475647
v 0.18475350737571716 0.19316649436950684 -0.25627949833869934
v 0.18475350737571716 0.19316649436950684 -0.25627949833869934
v 0.2000965029001236 0.06693150103092194 -0.2761079967021942
v 0.1051969975233078 0.0664369985461235 -0.3244589865207672
v 0 0.0662664994597435 -0.34112000465393066
v 0 0.19255299866199493 -0.3163065016269684
v 0.09713099896907806 0.1927105039358139 -0.30092349648475647
v 0.09713099896907806 0.1927105039358139 -0.30092349648475647
v 0.1051969975233078 0.0664369985461235 -0.3244589865207672
v 0 0.0662664994597435 -0.34112000465393066
v -0.1051969975233078 0.0664369985461235 -0.3244589865207672
v -0.09713049978017807 0.1927105039358139 -0.30092349648475647
v 0 0.19255299866199493 -0.3163065016269684
v 0 0.19255299866199493 -0.3163065016269684
v 0 0.0662664994597435 -0.34112000465393066
v -0.1051969975233078 0.0664369985461235 -0.3244589865207672
v -0.2000965029001236 0.06693150103092194 -0.2761079967021942
v -0.18475350737571716 0.19316649436950684 -0.25627949833869934
v -0.09713049978017807 0.1927105039358139 -0.30092349648475647
v -0.09713049978017807 0.1927105039358139 -0.30092349648475647
v -0.1051969975233078 0.0664369985461235 -0.3244589865207672
v -0.2000965029001236 0.06693150103092194 -0.2761079967021942
v -0.2754094898700714 0.06770150363445282 -0.20079900324344635
v -0.25429150462150574 0.19387750327587128 -0.18674549460411072
v -0.18475350737571716 0.19316649436950684 -0.25627949833869934
v -0.18475350737571716 0.19316649436950684 -0.25627949833869934
v -0.2000965029001236 0.06693150103092194 -0.2761079967021942
v -0.2754094898700714 0.06770150363445282 -0.20079900324344635
v -0.32376301288604736 0.06867150217294693 -0.10590449720621109
v -0.29893749952316284 0.19477349519729614 -0.09912700206041336
v -0.25429150462150574 0.19387750327587128 -0.18674549460411072
v -0.25429150462150574 0.19387750327587128 -0.18674549460411072
v -0.2754094898700714 0.06770150363445282 -0.20079900324344635
v -0.32376301288604736 0.06867150217294693 -0.10590449720621109
v -0.340424507856369 0.06974700093269348 -0.0007130500162020326
v -0.31432148814201355 0.19576649367809296 -0.00200140499509871
v -0.29893749952316284 0.19477349519729614 -0.09912700206041336
v -0.29893749952316284 0.19477349519729614 -0.09912700206041336
v -0.32376301288604736 0.06867150217294693 -0.10590449720621109
v -0.340424507856369 0.06974700093269348 -0.0007130500162020326
v -0.32376301288604736 0.07082249969244003 0.10447850078344345
v -0.29893749952316284 0.19675900042057037 0.09512399882078171
v -0.31432148814201355 0.19576649367809296 -0.00200140499509871
v -0.31432148814201355 0.19576649367809296 -0.00200140499509871
v -0.340424507856369 0.06974700093269348 -0.0007130500162020326
v -0.32376301288604736 0.07082249969244003 0.10447850078344345
v -0.2754094898700714 0.07179249823093414 0.1993730068206787
v -0.25429150462150574 0.19765500724315643 0.18274250626564026
v -0.29893749952316284 0.19675900042057037 0.09512399882078171
v -0.29893749952316284 0.19675900042057037 0.09512399882078171
v -0.32376301288604736 0.07082249969244003 0.10447850078344345
v -0.2754094898700714 0.07179249823093414 0.1993730068206787
v -0.2000965029001236 0.07256250083446503 0.2746819853782654
v -0.18475350737571716 0.19836600124835968 0.2522769868373871
v -0.25429150462150574 0.19765500724315643 0.18274250626564026
v -0.25429150462150574 0.19765500724315643 0.18274250626564026
v -0.2754094898700714 0.07179249823093414 0.1993730068206787
v -0.2000965029001236 0.07256250083446503 0.2746819853782654
v -0.1051969975233078 0.07305649667978287 0.32303300499916077
v -0.09713049978017807 0.1988224983215332 0.296920508146286
v -0.18475350737571716 0.19836600124835968 0.2522769868373871
v -0.18475350737571716 0.19836600124835968 0.2522769868373871
v -0.2000965029001236 0.07256250083446503 0.2746819853782654
v -0.1051969975233078 0.07305649667978287 0.32303300499916077
v 0 0.07322700321674347 0.33969348669052124
v 0 0.19897949695587158 0.3123035132884979
v -0.09713049978017807 0.1988224983215332 0.296920508146286
v -0.09713049978017807 0.1988224983215332 0.296920508146286
v -0.1051969975233078 0.07305649667978287 0.32303300499916077
v 0 0.07322700321674347 0.33969348669052124
v 0.1051969975233078 0.07305649667978287 0.32303300499916077
v 0.09713049978017807 0.1988224983215332 0.296920508146286
v 0 0.19897949695587158 0.3123035132884979
v 0 0.19897949695587158 0.3123035132884979
v 0 0.07322700321674347 0.33969348669052124
v 0.1051969975233078 0.07305649667978287 0.32303300499916077
v 0.2000965029001236 0.07256250083446503 0.2746819853782654
v 0.18475350737571716 0.19836600124835968 0.2522769868373871
v 0.09713049978017807 0.1988224983215332 0.296920508146286
v 0.09713049978017807 0.1988224983215332 0.296920508146286
v 0.1051969975233078 0.07305649667978287 0.32303300499916077
v 0.2000965029001236 0.07256250083446503 0.2746819853782654
v 0.2754094898700714 0.07179249823093414 0.1993730068206787
v 0.25429150462150574 0.19765500724315643 0.18274250626564026
v 0.18475350737571716 0.19836600124835968 0.2522769868373871
v 0.18475350737571716 0.19836600124835968 0.2522769868373871
v 0.2000965029001236 0.07256250083446503 0.2746819853782654
v 0.2754094898700714 0.07179249823093414 0.1993730068206787
v 0.32376301288604736 0.07082249969244003 0.10447850078344345
v 0.29893749952316284 0.19675900042057037 0.09512399882078171
v 0.25429150462150574 0.19765500724315643 0.18274250626564026
v 0.25429150462150574 0.19765500724315643 0.18274250626564026
v 0.2754094898700714 0.07179249823093414 0.1993730068206787
v 0.32376301288604736 0.07082249969244003 0.10447850078344345
v 0.3404250144958496 0.06974700093269348 -0.0007130500162020326
v 0.31432148814201355 0.19576649367809296 -0.00200140499509871
v 0.29893749952316284 0.19675900042057037 0.09512399882078171
v 0.29893749952316284 0.19675900042057037 0.09512399882078171
v 0.32376301288604736 0.07082249969244003 0.10447850078344345
v 0.3404250144958496 0.06974700093269348 -0.0007130500162020326
v 0.32376348972320557 0.06867150217294693 -0.10590449720621109
v 0.29893800616264343 0.19477349519729614 -0.09912700206041336
v 0.31432148814201355 0.19576649367809296 -0.00200140499509871
v 0.31432148814201355 0.19576649367809296 -0.00200140499509871
v 0.3404250144958496 0.06974700093269348 -0.0007130500162020326
v 0.32376348972320557 0.06867150217294693 -0.10590449720621109
v 0.23597599565982819 0.21505649387836456 -0.1736540049314499
v 0.19583900272846222 0.2165520042181015 -0.14450649917125702
v 0.23022249341011047 0.21724200248718262 -0.07702849805355072
v 0.23022249341011047 0.21724200248718262 -0.07702849805355072
v 0.2774065136909485 0.21588750183582306 -0.09234700351953506
v 0.23597599565982819 0.21505649387836456 -0.1736540049314499
v 0.17144650220870972 0.21439699828624725 -0.2381799966096878
v 0.14228500425815582 0.21600450575351715 -0.19805699586868286
v 0.19583900272846222 0.2165520042181015 -0.14450649917125702
v 0.19583900272846222 0.2165520042181015 -0.14450649917125702
v 0.23597599565982819 0.21505649387836456 -0.1736540049314499
v 0.17144650220870972 0.21439699828624725 -0.2381799966096878
v 0.09013500064611435 0.2139735072851181 -0.27960848808288574
v 0.07480400055646896 0.21565300226211548 -0.23243850469589233
v 0.14228500425815582 0.21600450575351715 -0.19805699586868286
v 0.14228500425815582 0.21600450575351715 -0.19805699586868286
v 0.17144650220870972 0.21439699828624725 -0.2381799966096878
v 0.09013500064611435 0.2139735072851181 -0.27960848808288574
v 0 0.21382750570774078 -0.2938835024833679
v 0 0.21553200483322144 -0.24428600072860718
v 0.07480400055646896 0.21565300226211548 -0.23243850469589233
v 0.07480400055646896 0.21565300226211548 -0.23243850469589233
v 0.09013500064611435 0.2139735072851181 -0.27960848808288574
v 0 0.21382750570774078 -0.2938835024833679
v -0.09013500064611435 0.2139735072851181 -0.27960848808288574
v -0.07480350136756897 0.21565300226211548 -0.23243850469589233
v 0 0.21553200483322144 -0.24428600072860718
v 0 0.21553200483322144 -0.24428600072860718
v 0 0.21382750570774078 -0.2938835024833679
v -0.09013500064611435 0.2139735072851181 -0.27960848808288574
v -0.17144650220870972 0.21439699828624725 -0.2381799966096878
v -0.14228500425815582 0.21600450575351715 -0.19805699586868286
v -0.07480350136756897 0.21565300226211548 -0.23243850469589233
v -0.07480350136756897 0.21565300226211548 -0.23243850469589233
v -0.09013500064611435 0.2139735072851181 -0.27960848808288574
v -0.17144650220870972 0.21439699828624725 -0.2381799966096878
v -0.23597599565982819 0.21505649387836456 -0.1736540049314499
v -0.19583849608898163 0.2165520042181015 -0.14450649917125702
v -0.14228500425815582 0.21600450575351715 -0.19805699586868286
v -0.14228500425815582 0.21600450575351715 -0.19805699586868286
v -0.17144650220870972 0.21439699828624725 -0.2381799966096878
v -0.23597599565982819 0.21505649387836456 -0.1736540049314499
v -0.2774065136909485 0.21588750183582306 -0.09234700351953506
v -0.23022200167179108 0.21724200248718262 -0.07702849805355072
v -0.19583849608898163 0.2165520042181015 -0.14450649917125702
v -0.19583849608898163 0.2165520042181015 -0.14450649917125702
v -0.23597599565982819 0.21505649387836456 -0.1736540049314499
v -0.2774065136909485 0.21588750183582306 -0.09234700351953506
v -0.29168251156806946 0.2168090045452118 -0.002216534921899438
v -0.2420700043439865 0.21800650656223297 -0.0022287750616669655
v -0.23022200167179108 0.21724200248718262 -0.07702849805355072
v -0.23022200167179108 0.21724200248718262 -0.07702849805355072
v -0.2774065136909485 0.21588750183582306 -0.09234700351953506
v -0.29168251156806946 0.2168090045452118 -0.002216534921899438
v -0.2774065136909485 0.21773050725460052 0.08791349828243256
v -0.23022200167179108 0.21877150237560272 0.07257100194692612
v -0.2420700043439865 0.21800650656223297 -0.0022287750616669655
v -0.2420700043439865 0.21800650656223297 -0.0022287750616669655
v -0.29168251156806946 0.2168090045452118 -0.002216534921899438
v -0.2774065136909485 0.21773050725460052 0.08791349828243256
v -0.23597599565982819 0.21856200695037842 0.16922099888324738
v -0.19583849608898163 0.21946050226688385 0.14004899561405182
v -0.23022200167179108 0.21877150237560272 0.07257100194692612
v -0.23022200167179108 0.21877150237560272 0.07257100194692612
v -0.2774065136909485 0.21773050725460052 0.08791349828243256
v -0.23597599565982819 0.21856200695037842 0.16922099888324738
v -0.17144650220870972 0.21922150254249573 0.23374700546264648
v -0.14228500425815582 0.2200080007314682 0.19359999895095825
v -0.19583849608898163 0.21946050226688385 0.14004899561405182
v -0.19583849608898163 0.21946050226688385 0.14004899561405182
v -0.23597599565982819 0.21856200695037842 0.16922099888324738
v -0.17144650220870972 0.21922150254249573 0.23374700546264648
v -0.09013500064611435 0.21964499354362488 0.2751755118370056
v -0.07480350136756897 0.22035999596118927 0.22798100113868713
v -0.14228500425815582 0.2200080007314682 0.19359999895095825
v -0.14228500425815582 0.2200080007314682 0.19359999895095825
v -0.17144650220870972 0.21922150254249573 0.23374700546264648
v -0.09013500064611435 0.21964499354362488 0.2751755118370056
v 0 0.2197909951210022 0.2894499897956848
v 0 0.2204809933900833 0.23982849717140198
v -0.07480350136756897 0.22035999596118927 0.22798100113868713
v -0.07480350136756897 0.22035999596118927 0.22798100113868713
v -0.09013500064611435 0.21964499354362488 0.2751755118370056
v 0 0.2197909951210022 0.2894499897956848
v 0.09013500064611435 0.21964499354362488 0.2751755118370056
v 0.07480350136756897 0.22035999596118927 0.22798100113868713
v 0 0.2204809933900833 0.23982849717140198
v 0 0.2204809933900833 0.23982849717140198
v 0 0.2197909951210022 0.2894499897956848
v 0.09013500064611435 0.21964499354362488 0.2751755118370056
v 0.17144650220870972 0.21922150254249573 0.23374700546264648
v 0.14228500425815582 0.2200080007314682 0.19359999895095825
v 0.07480350136756897 0.22035999596118927 0.22798100113868713
v 0.07480350136756897 0.22035999596118927 0.22798100113868713
v 0.09013500064611435 0.21964499354362488 0.2751755118370056
v 0.17144650220870972 0.21922150254249573 0.23374700546264648
v 0.23597599565982819 0.21856200695037842 0.16922150552272797
v 0.19583849608898163 0.21946099400520325 0.14004899561405182
v 0.14228500425815582 0.2200080007314682 0.19359999895095825
v 0.14228500425815582 0.2200080007314682 0.19359999895095825
v 0.17144650220870972 0.21922150254249573 0.23374700546264648
v 0.23597599565982819 0.21856200695037842 0.16922150552272797
v 0.2774065136909485 0.21773050725460052 0.08791349828243256
v 0.23022200167179108 0.21877150237560272 0.07257100194692612
v 0.19583849608898163 0.21946099400520325 0.14004899561405182
v 0.19583849608898163 0.21946099400520325 0.14004899561405182
v 0.23597599565982819 0.21856200695037842 0.16922150552272797
v 0.2774065136909485 0.21773050725460052 0.08791349828243256
v 0.29168251156806946 0.2168090045452118 -0.002216534921899438
v 0.2420700043439865 0.21800650656223297 -0.0022287750616669655
v 0.23022200167179108 0.21877150237560272 0.07257100194692612
v 0.23022200167179108 0.21877150237560272 0.07257100194692612
v 0.2774065136909485 0.21773050725460052 0.08791349828243256
v 0.29168251156806946 0.2168090045452118 -0.002216534921899438
v 0.2774065136909485 0.21588750183582306 -0.09234700351953506
v 0.23022249341011047 0.21724200248718262 -0.07702849805355072
v 0.2420700043439865 0.21800650656223297 -0.0022287750616669655
v 0.2420700043439865 0.21800650656223297 -0.0022287750616669655
v 0.29168251156806946 0.2168090045452118 -0.002216534921899438
v 0.2774065136909485 0.21588750183582306 -0.09234700351953506
v 0.22421300411224365 0.22368000447750092 -0.07514149695634842
v 0.19080249965190887 0.22301450371742249 -0.14081449806690216
v 0.18044550716876984 0.336014986038208 -0.13267800211906433
v 0.18044550716876984 0.336014986038208 -0.13267800211906433
v 0.21042500436306 0.33665600419044495 -0.07181599736213684
v 0.22421300411224365 0.22368000447750092 -0.07514149695634842
v 0.19080249965190887 0.22301450371742249 -0.14081449806690216
v 0.13854800164699554 0.2224459946155548 -0.19282299280166626
v 0.12955400347709656 0.3356674909591675 -0.1787935048341751
v 0.12955400347709656 0.3356674909591675 -0.1787935048341751
v 0.18044550716876984 0.336014986038208 -0.13267800211906433
v 0.19080249965190887 0.22301450371742249 -0.14081449806690216
v 0.13854800164699554 0.2224459946155548 -0.19282299280166626
v 0.07281100004911423 0.22211000323295593 -0.22637100517749786
v 0.06758199632167816 0.3353089988231659 -0.2114344984292984
v 0.06758199632167816 0.3353089988231659 -0.2114344984292984
v 0.12955400347709656 0.3356674909591675 -0.1787935048341751
v 0.13854800164699554 0.2224459946155548 -0.19282299280166626
v 0 0.22199200093746185 -0.23790299892425537
v 0 0.3351995050907135 -0.22213800251483917
v 0.06758199632167816 0.3353089988231659 -0.2114344984292984
v 0.06758199632167816 0.3353089988231659 -0.2114344984292984
v 0.07281100004911423 0.22211000323295593 -0.22637100517749786
v 0 0.22199200093746185 -0.23790299892425537
v -0.07281100004911423 0.22211000323295593 -0.22637100517749786
v -0.06758199632167816 0.3353089988231659 -0.2114344984292984
v 0 0.3351995050907135 -0.22213800251483917
v 0 0.3351995050907135 -0.22213800251483917
v 0 0.22199200093746185 -0.23790299892425537
v -0.07281100004911423 0.22211000323295593 -0.22637100517749786
v -0.13849450647830963 0.22245199978351593 -0.192904993891716
v -0.1285485029220581 0.3356265127658844 -0.18037199974060059
v -0.06758199632167816 0.3353089988231659 -0.2114344984292984
v -0.06758199632167816 0.3353089988231659 -0.2114344984292984
v -0.07281100004911423 0.22211000323295593 -0.22637100517749786
v -0.13849450647830963 0.22245199978351593 -0.192904993891716
v -0.1906210035085678 0.22298499941825867 -0.14078150689601898
v -0.1769315004348755 0.33612099289894104 -0.13199150562286377
v -0.1285485029220581 0.3356265127658844 -0.18037199974060059
v -0.1285485029220581 0.3356265127658844 -0.18037199974060059
v -0.13849450647830963 0.22245199978351593 -0.192904993891716
v -0.1906210035085678 0.22298499941825867 -0.14078150689601898
v -0.22408850491046906 0.22365650534629822 -0.07510100305080414
v -0.20799599587917328 0.336744487285614 -0.07102750241756439
v -0.1769315004348755 0.33612099289894104 -0.13199150562286377
v -0.1769315004348755 0.33612099289894104 -0.13199150562286377
v -0.1906210035085678 0.22298499941825867 -0.14078150689601898
v -0.22408850491046906 0.22365650534629822 -0.07510100305080414
v -0.23562049865722656 0.22440099716186523 -0.0022941450588405132
v -0.21869949996471405 0.3374355137348175 -0.003449745010584593
v -0.20799599587917328 0.336744487285614 -0.07102750241756439
v -0.20799599587917328 0.336744487285614 -0.07102750241756439
v -0.22408850491046906 0.22365650534629822 -0.07510100305080414
v -0.23562049865722656 0.22440099716186523 -0.0022941450588405132
v -0.22408850491046906 0.22514499723911285 0.07051300257444382
v -0.20799550414085388 0.338126003742218 0.06412850320339203
v -0.21869949996471405 0.3374355137348175 -0.003449745010584593
v -0.21869949996471405 0.3374355137348175 -0.003449745010584593
v -0.23562049865722656 0.22440099716186523 -0.0022941450588405132
v -0.22408850491046906 0.22514499723911285 0.07051300257444382
v -0.1906210035085678 0.2258165031671524 0.13619300723075867
v -0.17693200707435608 0.338749498128891 0.12509199976921082
v -0.20799550414085388 0.338126003742218 0.06412850320339203
v -0.20799550414085388 0.338126003742218 0.06412850320339203
v -0.22408850491046906 0.22514499723911285 0.07051300257444382
v -0.1906210035085678 0.2258165031671524 0.13619300723075867
v -0.13849450647830963 0.22634950280189514 0.18831700086593628
v -0.1285485029220581 0.33924400806427 0.17347249388694763
v -0.17693200707435608 0.338749498128891 0.12509199976921082
v -0.17693200707435608 0.338749498128891 0.12509199976921082
v -0.1906210035085678 0.2258165031671524 0.13619300723075867
v -0.13849450647830963 0.22634950280189514 0.18831700086593628
v -0.07281050086021423 0.22669149935245514 0.22178299725055695
v -0.06758199632167816 0.33956149220466614 0.20453549921512604
v -0.1285485029220581 0.33924400806427 0.17347249388694763
v -0.1285485029220581 0.33924400806427 0.17347249388694763
v -0.13849450647830963 0.22634950280189514 0.18831700086593628
v -0.07281050086021423 0.22669149935245514 0.22178299725055695
v 0 0.22680950164794922 0.23331449925899506
v 0 0.33967098593711853 0.21523849666118622
v -0.06758199632167816 0.33956149220466614 0.20453549921512604
v -0.06758199632167816 0.33956149220466614 0.20453549921512604
v -0.07281050086021423 0.22669149935245514 0.22178299725055695
v 0 0.22680950164794922 0.23331449925899506
v 0.07281100004911423 0.22669149935245514 0.22178250551223755
v 0.06758199632167816 0.33956149220466614 0.20453549921512604
v 0 0.33967098593711853 0.21523849666118622
v 0 0.33967098593711853 0.21523849666118622
v 0 0.22680950164794922 0.23331449925899506
v 0.07281100004911423 0.22669149935245514 0.22178250551223755
v 0.13854800164699554 0.22634150087833405 0.18823550641536713
v 0.12955400347709656 0.3392525017261505 0.17189350724220276
v 0.06758199632167816 0.33956149220466614 0.20453549921512604
v 0.06758199632167816 0.33956149220466614 0.20453549921512604
v 0.07281100004911423 0.22669149935245514 0.22178250551223755
v 0.13854800164699554 0.22634150087833405 0.18823550641536713
v 0.19080249965190887 0.2258470058441162 0.13622599840164185
v 0.18044500052928925 0.3386574983596802 0.12578049302101135
v 0.12955400347709656 0.3392525017261505 0.17189350724220276
v 0.12955400347709656 0.3392525017261505 0.17189350724220276
v 0.13854800164699554 0.22634150087833405 0.18823550641536713
v 0.19080249965190887 0.2258470058441162 0.13622599840164185
v 0.22421249747276306 0.22516949474811554 0.0705529972910881
v 0.21042500436306 0.33805400133132935 0.06491850316524506
v 0.18044500052928925 0.3386574983596802 0.12578049302101135
v 0.18044500052928925 0.3386574983596802 0.12578049302101135
v 0.19080249965190887 0.2258470058441162 0.13622599840164185
v 0.22421249747276306 0.22516949474811554 0.0705529972910881
v 0.23575100302696228 0.22442500293254852 -0.002294389996677637
v 0.22125400602817535 0.33735498785972595 -0.003448924981057644
v 0.21042500436306 0.33805400133132935 0.06491850316524506
v 0.21042500436306 0.33805400133132935 0.06491850316524506
v 0.22421249747276306 0.22516949474811554 0.0705529972910881
v 0.23575100302696228 0.22442500293254852 -0.002294389996677637
v 0.22421300411224365 0.22368000447750092 -0.07514149695634842
v 0.21042500436306 0.33665600419044495 -0.07181599736213684
v 0.22125400602817535 0.33735498785972595 -0.003448924981057644
v 0.22125400602817535 0.33735498785972595 -0.003448924981057644
v 0.23575100302696228 0.22442500293254852 -0.002294389996677637
v 0.22421300411224365 0.22368000447750092 -0.07514149695634842
v 0.5825750231742859 -0.36024099588394165 -0.18561600148677826
v 0.13774800300598145 0.3248335123062134 -0.04798775166273117
v 0.11721750348806381 0.3244214951992035 -0.08827900141477585
v 0.11721750348806381 0.3244214951992035 -0.08827900141477585
v 0.4955664873123169 -0.3619864881038666 -0.3563680052757263
v 0.5825750231742859 -0.36024099588394165 -0.18561600148677826
v 0.4955664873123169 -0.3619864881038666 -0.3563680052757263
v 0.11721750348806381 0.3244214951992035 -0.08827900141477585
v 0.08425100147724152 0.3241085112094879 -0.11889100074768066
v 0.08425100147724152 0.3241085112094879 -0.11889100074768066
v 0.3600499927997589 -0.36337199807167053 -0.4918769896030426
v 0.4955664873123169 -0.3619864881038666 -0.3563680052757263
v 0.3600499927997589 -0.36337199807167053 -0.4918769896030426
v 0.08425100147724152 0.3241085112094879 -0.11889100074768066
v 0.04442799836397171 0.3239009976387024 -0.1391804963350296
v 0.04442799836397171 0.3239009976387024 -0.1391804963350296
v 0.18928949534893036 -0.3642615079879761 -0.5788800120353699
v 0.3600499927997589 -0.36337199807167053 -0.4918769896030426
v 0.18928949534893036 -0.3642615079879761 -0.5788800120353699
v 0.04442799836397171 0.3239009976387024 -0.1391804963350296
v 0.0002835000050254166 0.3238295018672943 -0.14617200195789337
v 0.0002835000050254166 0.3238295018672943 -0.14617200195789337
v 0 -0.36456799507141113 -0.6088600158691406
v 0.18928949534893036 -0.3642615079879761 -0.5788800120353699
v 0 -0.36456799507141113 -0.6088600158691406
v 0.0002835000050254166 0.3238295018672943 -0.14617200195789337
v -0.04386100172996521 0.3239009976387024 -0.1391804963350296
v -0.04386100172996521 0.3239009976387024 -0.1391804963350296
v -0.18928949534893036 -0.3642615079879761 -0.5788800120353699
v 0 -0.36456799507141113 -0.6088600158691406
v -0.18928949534893036 -0.3642615079879761 -0.5788800120353699
v -0.04386100172996521 0.3239009976387024 -0.1391804963350296
v -0.08368399739265442 0.3241085112094879 -0.11889050155878067
v -0.08368399739265442 0.3241085112094879 -0.11889050155878067
v -0.3600499927997589 -0.36337199807167053 -0.4918769896030426
v -0.18928949534893036 -0.3642615079879761 -0.5788800120353699
v -0.3600499927997589 -0.36337199807167053 -0.4918769896030426
v -0.08368399739265442 0.3241085112094879 -0.11889050155878067
v -0.11528799682855606 0.32443150877952576 -0.087288498878479
v -0.11528799682855606 0.32443150877952576 -0.087288498878479
v -0.4955660104751587 -0.3619864881038666 -0.3563680052757263
v -0.3600499927997589 -0.36337199807167053 -0.4918769896030426
v -0.4955660104751587 -0.3619864881038666 -0.3563680052757263
v -0.11528799682855606 0.32443150877952576 -0.087288498878479
v -0.13557900488376617 0.3248384892940521 -0.047467298805713654
v -0.13557900488376617 0.3248384892940521 -0.047467298805713654
v -0.5825750231742859 -0.36024099588394165 -0.18561600148677826
v -0.4955660104751587 -0.3619864881038666 -0.3563680052757263
v -0.5825750231742859 -0.36024099588394165 -0.18561600148677826
v -0.13557900488376617 0.3248384892940521 -0.047467298805713654
v -0.14257049560546875 0.3252899944782257 -0.003325579920783639
v -0.14257049560546875 0.3252899944782257 -0.003325579920783639
v -0.6125550270080566 -0.35830599069595337 0.003663114970549941
v -0.5825750231742859 -0.36024099588394165 -0.18561600148677826
v -0.6125550270080566 -0.35830599069595337 0.003663114970549941
v -0.14257049560546875 0.3252899944782257 -0.003325579920783639
v -0.13557900488376617 0.3257414996623993 0.04081660136580467
v -0.13557900488376617 0.3257414996623993 0.04081660136580467
v -0.5825750231742859 -0.3563705086708069 0.19294250011444092
v -0.6125550270080566 -0.35830599069595337 0.003663114970549941
v -0.5825750231742859 -0.3563705086708069 0.19294250011444092
v -0.13557900488376617 0.3257414996623993 0.04081660136580467
v -0.11528799682855606 0.32614850997924805 0.08063749969005585
v -0.11528799682855606 0.32614850997924805 0.08063749969005585
v -0.4955660104751587 -0.35462498664855957 0.3636944890022278
v -0.5825750231742859 -0.3563705086708069 0.19294250011444092
v -0.4955660104751587 -0.35462498664855957 0.3636944890022278
v -0.11528799682855606 0.32614850997924805 0.08063749969005585
v -0.08368399739265442 0.3264715075492859 0.11224000155925751
v -0.08368399739265442 0.3264715075492859 0.11224000155925751
v -0.3600494861602783 -0.353239506483078 0.49920299649238586
v -0.4955660104751587 -0.35462498664855957 0.3636944890022278
v -0.3600494861602783 -0.353239506483078 0.49920299649238586
v -0.08368399739265442 0.3264715075492859 0.11224000155925751
v -0.04386100172996521 0.326678991317749 0.13252949714660645
v -0.04386100172996521 0.326678991317749 0.13252949714660645
v -0.18928949534893036 -0.35234999656677246 0.586205005645752
v -0.3600494861602783 -0.353239506483078 0.49920299649238586
v -0.18928949534893036 -0.35234999656677246 0.586205005645752
v -0.04386100172996521 0.326678991317749 0.13252949714660645
v 0.0002835000050254166 0.3267504870891571 0.13952100276947021
v 0.0002835000050254166 0.3267504870891571 0.13952100276947021
v 0 -0.3520435094833374 0.6161850094795227
v -0.18928949534893036 -0.35234999656677246 0.586205005645752
v 0 -0.3520435094833374 0.6161850094795227
v 0.0002835000050254166 0.3267504870891571 0.13952100276947021
v 0.04442799836397171 0.326678991317749 0.13252949714660645
v 0.04442799836397171 0.326678991317749 0.13252949714660645
v 0.18928949534893036 -0.35234999656677246 0.586205005645752
v 0 -0.3520435094833374 0.6161850094795227
v 0.18928949534893036 -0.35234999656677246 0.586205005645752
v 0.04442799836397171 0.326678991317749 0.13252949714660645
v 0.08425100147724152 0.3264715075492859 0.11224000155925751
v 0.08425100147724152 0.3264715075492859 0.11224000155925751
v 0.3600499927997589 -0.353239506483078 0.49920299649238586
v 0.18928949534893036 -0.35234999656677246 0.586205005645752
v 0.3600499927997589 -0.353239506483078 0.49920299649238586
v 0.08425100147724152 0.3264715075492859 0.11224000155925751
v 0.11721750348806381 0.3261584937572479 0.0816275030374527
v 0.11721750348806381 0.3261584937572479 0.0816275030374527
v 0.4955660104751587 -0.35462498664855957 0.3636944890022278
v 0.3600499927997589 -0.353239506483078 0.49920299649238586
v 0.4955660104751587 -0.35462498664855957 0.3636944890022278
v 0.11721750348806381 0.3261584937572479 0.0816275030374527
v 0.13774749636650085 0.3257465064525604 0.04133709892630577
v 0.13774749636650085 0.3257465064525604 0.04133709892630577
v 0.5825750231742859 -0.3563705086708069 0.19294250011444092
v 0.4955660104751587 -0.35462498664855957 0.3636944890022278
v 0.5825750231742859 -0.3563705086708069 0.19294250011444092
v 0.13774749636650085 0.3257465064525604 0.04133709892630577
v 0.14482200145721436 0.3252899944782257 -0.003325579920783639
v 0.14482200145721436 0.3252899944782257 -0.003325579920783639
v 0.6125550270080566 -0.35830599069595337 0.003663114970549941
v 0.5825750231742859 -0.3563705086708069 0.19294250011444092
v 0.6125550270080566 -0.35830599069595337 0.003663114970549941
v 0.14482200145721436 0.3252899944782257 -0.003325579920783639
v 0.13774800300598145 0.3248335123062134 -0.04798775166273117
v 0.13774800300598145 0.3248335123062134 -0.04798775166273117
v 0.5825750231742859 -0.36024099588394165 -0.18561600148677826
v 0.6125550270080566 -0.35830599069595337 0.003663114970549941
v 0.13774800300598145 0.3248335123062134 -0.04798775166273117
v 0 0.3252899944782257 -0.003325579920783639
v 0.11721750348806381 0.3244214951992035 -0.08827900141477585
v 0.11721750348806381 0.3244214951992035 -0.08827900141477585
v 0 0.3252899944782257 -0.003325579920783639
v 0.08425100147724152 0.3241085112094879 -0.11889100074768066
v 0.08425100147724152 0.3241085112094879 -0.11889100074768066
v 0 0.3252899944782257 -0.003325579920783639
v 0.04442799836397171 0.3239009976387024 -0.1391804963350296
v 0.04442799836397171 0.3239009976387024 -0.1391804963350296
v 0 0.3252899944782257 -0.003325579920783639
v 0.0002835000050254166 0.3238295018672943 -0.14617200195789337
v 0.0002835000050254166 0.3238295018672943 -0.14617200195789337
v 0 0.3252899944782257 -0.003325579920783639
v -0.04386100172996521 0.3239009976387024 -0.1391804963350296
v -0.04386100172996521 0.3239009976387024 -0.1391804963350296
v 0 0.3252899944782257 -0.003325579920783639
v -0.08368399739265442 0.3241085112094879 -0.11889050155878067
v -0.08368399739265442 0.3241085112094879 -0.11889050155878067
v 0 0.3252899944782257 -0.003325579920783639
v -0.11528799682855606 0.32443150877952576 -0.087288498878479
v -0.11528799682855606 0.32443150877952576 -0.087288498878479
v 0 0.3252899944782257 -0.003325579920783639
v -0.13557900488376617 0.3248384892940521 -0.047467298805713654
v -0.13557900488376617 0.3248384892940521 -0.047467298805713654
v 0 0.3252899944782257 -0.003325579920783639
v -0.14257049560546875 0.3252899944782257 -0.003325579920783639
v -0.14257049560546875 0.3252899944782257 -0.003325579920783639
v 0 0.3252899944782257 -0.003325579920783639
v -0.13557900488376617 0.3257414996623993 0.04081660136580467
v -0.13557900488376617 0.3257414996623993 0.04081660136580467
v 0 0.3252899944782257 -0.003325579920783639
v -0.11528799682855606 0.32614850997924805 0.08063749969005585
v -0.11528799682855606 0.32614850997924805 0.08063749969005585
v 0 0.3252899944782257 -0.003325579920783639
v -0.08368399739265442 0.3264715075492859 0.11224000155925751
v -0.08368399739265442 0.3264715075492859 0.11224000155925751
v 0 0.3252899944782257 -0.003325579920783639
v -0.04386100172996521 0.326678991317749 0.13252949714660645
v -0.04386100172996521 0.326678991317749 0.13252949714660645
v 0 0.3252899944782257 -0.003325579920783639
v 0.0002835000050254166 0.3267504870891571 0.13952100276947021
v 0.0002835000050254166 0.3267504870891571 0.13952100276947021
v 0 0.3252899944782257 -0.003325579920783639
v 0.04442799836397171 0.326678991317749 0.13252949714660645
v 0.04442799836397171 0.326678991317749 0.13252949714660645
v 0 0.3252899944782257 -0.003325579920783639
v 0.08425100147724152 0.3264715075492859 0.11224000155925751
v 0.08425100147724152 0.3264715075492859 0.11224000155925751
v 0 0.3252899944782257 -0.003325579920783639
v 0.11721750348806381 0.3261584937572479 0.0816275030374527
v 0.11721750348806381 0.3261584937572479 0.0816275030374527
v 0 0.3252899944782257 -0.003325579920783639
v 0.13774749636650085 0.3257465064525604 0.04133709892630577
v 0.13774749636650085 0.3257465064525604 0.04133709892630577
v 0 0.3252899944782257 -0.003325579920783639
v 0.14482200145721436 0.3252899944782257 -0.003325579920783639
v 0.14482200145721436 0.3252899944782257 -0.003325579920783639
v 0 0.3252899944782257 -0.003325579920783639
v 0.13774800300598145 0.3248335123062134 -0.04798775166273117
v 0.4955664873123169 -0.3619864881038666 -0.3563680052757263
v 0.5235049724578857 -0.3621940016746521 -0.37666448950767517
v 0.6154149770736694 -0.36035001277923584 -0.19628649950027466
v 0.6154149770736694 -0.36035001277923584 -0.19628649950027466
v 0.5825750231742859 -0.36024099588394165 -0.18561600148677826
v 0.4955664873123169 -0.3619864881038666 -0.3563680052757263
v 0.3600499927997589 -0.36337199807167053 -0.4918769896030426
v 0.38034749031066895 -0.36365750432014465 -0.5198150277137756
v 0.5235049724578857 -0.3621940016746521 -0.37666448950767517
v 0.5235049724578857 -0.3621940016746521 -0.37666448950767517
v 0.4955664873123169 -0.3619864881038666 -0.3563680052757263
v 0.3600499927997589 -0.36337199807167053 -0.4918769896030426
v 0.18928949534893036 -0.3642615079879761 -0.5788800120353699
v 0.19996050000190735 -0.36459699273109436 -0.6117200255393982
v 0.38034749031066895 -0.36365750432014465 -0.5198150277137756
v 0.38034749031066895 -0.36365750432014465 -0.5198150277137756
v 0.3600499927997589 -0.36337199807167053 -0.4918769896030426
v 0.18928949534893036 -0.3642615079879761 -0.5788800120353699
v 0 -0.36456799507141113 -0.6088600158691406
v 0 -0.3649210035800934 -0.6433899998664856
v 0.19996050000190735 -0.36459699273109436 -0.6117200255393982
v 0.19996050000190735 -0.36459699273109436 -0.6117200255393982
v 0.18928949534893036 -0.3642615079879761 -0.5788800120353699
v 0 -0.36456799507141113 -0.6088600158691406
v -0.18928949534893036 -0.3642615079879761 -0.5788800120353699
v -0.19996050000190735 -0.36459699273109436 -0.6117200255393982
v 0 -0.3649210035800934 -0.6433899998664856
v 0 -0.3649210035800934 -0.6433899998664856
v 0 -0.36456799507141113 -0.6088600158691406
v -0.18928949534893036 -0.3642615079879761 -0.5788800120353699
v -0.3600499927997589 -0.36337199807167053 -0.4918769896030426
v -0.38034749031066895 -0.36365750432014465 -0.5198150277137756
v -0.19996050000190735 -0.36459699273109436 -0.6117200255393982
v -0.19996050000190735 -0.36459699273109436 -0.6117200255393982
v -0.18928949534893036 -0.3642615079879761 -0.5788800120353699
v -0.3600499927997589 -0.36337199807167053 -0.4918769896030426
v -0.4955660104751587 -0.3619864881038666 -0.3563680052757263
v -0.5235049724578857 -0.3621940016746521 -0.37666448950767517
v -0.38034749031066895 -0.36365750432014465 -0.5198150277137756
v -0.38034749031066895 -0.36365750432014465 -0.5198150277137756
v -0.3600499927997589 -0.36337199807167053 -0.4918769896030426
v -0.4955660104751587 -0.3619864881038666 -0.3563680052757263
v -0.5825750231742859 -0.36024099588394165 -0.18561600148677826
v -0.6154149770736694 -0.36035001277923584 -0.19628700613975525
v -0.5235049724578857 -0.3621940016746521 -0.37666448950767517
v -0.5235049724578857 -0.3621940016746521 -0.37666448950767517
v -0.4955660104751587 -0.3619864881038666 -0.3563680052757263
v -0.5825750231742859 -0.36024099588394165 -0.18561600148677826
v -0.6125550270080566 -0.35830599069595337 0.003663114970549941
v -0.6470850110054016 -0.35830599069595337 0.003663114970549941
v -0.6154149770736694 -0.36035001277923584 -0.19628700613975525
v -0.6154149770736694 -0.36035001277923584 -0.19628700613975525
v -0.5825750231742859 -0.36024099588394165 -0.18561600148677826
v -0.6125550270080566 -0.35830599069595337 0.003663114970549941
v -0.5825750231742859 -0.3563705086708069 0.19294250011444092
v -0.6154149770736694 -0.3562614917755127 0.20361299812793732
v -0.6470850110054016 -0.35830599069595337 0.003663114970549941
v -0.6470850110054016 -0.35830599069595337 0.003663114970549941
v -0.6125550270080566 -0.35830599069595337 0.003663114970549941
v -0.5825750231742859 -0.3563705086708069 0.19294250011444092
v -0.4955660104751587 -0.35462498664855957 0.3636944890022278
v -0.5235049724578857 -0.35441750288009644 0.38399049639701843
v -0.6154149770736694 -0.3562614917755127 0.20361299812793732
v -0.6154149770736694 -0.3562614917755127 0.20361299812793732
v -0.5825750231742859 -0.3563705086708069 0.19294250011444092
v -0.4955660104751587 -0.35462498664855957 0.3636944890022278
v -0.3600494861602783 -0.353239506483078 0.49920299649238586
v -0.38034749031066895 -0.3529540002346039 0.5271400213241577
v -0.5235049724578857 -0.35441750288009644 0.38399049639701843
v -0.5235049724578857 -0.35441750288009644 0.38399049639701843
v -0.4955660104751587 -0.35462498664855957 0.3636944890022278
v -0.3600494861602783 -0.353239506483078 0.49920299649238586
v -0.18928949534893036 -0.35234999656677246 0.586205005645752
v -0.19996050000190735 -0.3520145118236542 0.6190450191497803
v -0.38034749031066895 -0.3529540002346039 0.5271400213241577
v -0.38034749031066895 -0.3529540002346039 0.5271400213241577
v -0.3600494861602783 -0.353239506483078 0.49920299649238586
v -0.18928949534893036 -0.35234999656677246 0.586205005645752
v 0 -0.3520435094833374 0.6161850094795227
v 0 -0.35169050097465515 0.6507149934768677
v -0.19996050000190735 -0.3520145118236542 0.6190450191497803
v -0.19996050000190735 -0.3520145118236542 0.6190450191497803
v -0.18928949534893036 -0.35234999656677246 0.586205005645752
v 0 -0.3520435094833374 0.6161850094795227
v 0.18928949534893036 -0.35234999656677246 0.586205005645752
v 0.19996050000190735 -0.3520145118236542 0.6190450191497803
v 0 -0.35169050097465515 0.6507149934768677
v 0 -0.35169050097465515 0.6507149934768677
v 0 -0.3520435094833374 0.6161850094795227
v 0.18928949534893036 -0.35234999656677246 0.586205005645752
v 0.3600499927997589 -0.353239506483078 0.49920299649238586
v 0.38034749031066895 -0.3529540002346039 0.5271400213241577
v 0.19996050000190735 -0.3520145118236542 0.6190450191497803
v 0.19996050000190735 -0.3520145118236542 0.6190450191497803
v 0.18928949534893036 -0.35234999656677246 0.586205005645752
v 0.3600499927997589 -0.353239506483078 0.49920299649238586
v 0.4955660104751587 -0.35462498664855957 0.3636944890022278
v 0.5235049724578857 -0.35441750288009644 0.38399049639701843
v 0.38034749031066895 -0.3529540002346039 0.5271400213241577
v 0.38034749031066895 -0.3529540002346039 0.5271400213241577
v 0.3600499927997589 -0.353239506483078 0.49920299649238586
v 0.4955660104751587 -0.35462498664855957 0.3636944890022278
v 0.5825750231742859 -0.3563705086708069 0.19294250011444092
v 0.6154149770736694 -0.3562614917755127 0.20361299812793732
v 0.5235049724578857 -0.35441750288009644 0.38399049639701843
v 0.5235049724578857 -0.35441750288009644 0.38399049639701843
v 0.4955660104751587 -0.35462498664855957 0.3636944890022278
v 0.5825750231742859 -0.3563705086708069 0.19294250011444092
v 0.6125550270080566 -0.35830599069595337 0.003663114970549941
v 0.6470850110054016 -0.35830599069595337 0.0036636150907725096
v 0.6154149770736694 -0.3562614917755127 0.20361299812793732
v 0.6154149770736694 -0.3562614917755127 0.20361299812793732
v 0.5825750231742859 -0.3563705086708069 0.19294250011444092
v 0.6125550270080566 -0.35830599069595337 0.003663114970549941
v 0.5825750231742859 -0.36024099588394165 -0.18561600148677826
v 0.6154149770736694 -0.36035001277923584 -0.19628649950027466
v 0.6470850110054016 -0.35830599069595337 0.0036636150907725096
v 0.6470850110054016 -0.35830599069595337 0.0036636150907725096
v 0.6125550270080566 -0.35830599069595337 0.003663114970549941
v 0.5825750231742859 -0.36024099588394165 -0.18561600148677826
v 0.46180298924446106 -0.12737099826335907 -0.3342350125312805
v 0.5428799986839294 -0.1257445067167282 -0.17511649429798126
v 0.5518699884414673 -0.14038899540901184 -0.17788800597190857
v 0.5518699884414673 -0.14038899540901184 -0.17788800597190857
v 0.4694505035877228 -0.14204250276088715 -0.3396410048007965
v 0.46180298924446106 -0.12737099826335907 -0.3342350125312805
v 0.4496699869632721 -0.12149149924516678 -0.32547950744628906
v 0.5286200046539307 -0.11990749835968018 -0.17054149508476257
v 0.5428799986839294 -0.1257445067167282 -0.17511649429798126
v 0.5428799986839294 -0.1257445067167282 -0.17511649429798126
v 0.46180298924446106 -0.12737099826335907 -0.3342350125312805
v 0.4496699869632721 -0.12149149924516678 -0.32547950744628906
v 0.46180298924446106 -0.12737099826335907 -0.3342350125312805
v 0.3355194926261902 -0.12866200506687164 -0.4605115056037903
v 0.3267045021057129 -0.12274850159883499 -0.44843849539756775
v 0.3267045021057129 -0.12274850159883499 -0.44843849539756775
v 0.4496699869632721 -0.12149149924516678 -0.32547950744628906
v 0.46180298924446106 -0.12737099826335907 -0.3342350125312805
v 0.4694505035877228 -0.14204250276088715 -0.3396410048007965
v 0.34107550978660583 -0.14335499703884125 -0.46800899505615234
v 0.3355194926261902 -0.12866200506687164 -0.4605115056037903
v 0.3355194926261902 -0.12866200506687164 -0.4605115056037903
v 0.46180298924446106 -0.12737099826335907 -0.3342350125312805
v 0.4694505035877228 -0.14204250276088715 -0.3396410048007965
v 0.5428799986839294 -0.1257445067167282 -0.17511649429798126
v 0.5708199739456177 -0.12394099682569504 0.0012671049917116761
v 0.580269992351532 -0.13855600357055664 0.0014165149768814445
v 0.580269992351532 -0.13855600357055664 0.0014165149768814445
v 0.5518699884414673 -0.14038899540901184 -0.17788800597190857
v 0.5428799986839294 -0.1257445067167282 -0.17511649429798126
v 0.5286200046539307 -0.11990749835968018 -0.17054149508476257
v 0.5558199882507324 -0.11815200001001358 0.001207915018312633
v 0.5708199739456177 -0.12394099682569504 0.0012671049917116761
v 0.5708199739456177 -0.12394099682569504 0.0012671049917116761
v 0.5428799986839294 -0.1257445067167282 -0.17511649429798126
v 0.5286200046539307 -0.11990749835968018 -0.17054149508476257
v 0.3355194926261902 -0.12866200506687164 -0.4605115056037903
v 0.17639300227165222 -0.12949100136756897 -0.5415850281715393
v 0.1717585027217865 -0.12355600297451019 -0.5273849964141846
v 0.1717585027217865 -0.12355600297451019 -0.5273849964141846
v 0.3267045021057129 -0.12274850159883499 -0.44843849539756775
v 0.3355194926261902 -0.12866200506687164 -0.4605115056037903
v 0.34107550978660583 -0.14335499703884125 -0.46800899505615234
v 0.1793140023946762 -0.1441974937915802 -0.5504249930381775
v 0.17639300227165222 -0.12949100136756897 -0.5415850281715393
v 0.17639300227165222 -0.12949100136756897 -0.5415850281715393
v 0.3355194926261902 -0.12866200506687164 -0.4605115056037903
v 0.34107550978660583 -0.14335499703884125 -0.46800899505615234
v 0.17639300227165222 -0.12949100136756897 -0.5415850281715393
v 0 -0.1297764927148819 -0.5695250034332275
v 0 -0.12383399903774261 -0.5545849800109863
v 0 -0.12383399903774261 -0.5545849800109863
v 0.1717585027217865 -0.12355600297451019 -0.5273849964141846
v 0.17639300227165222 -0.12949100136756897 -0.5415850281715393
v 0.1793140023946762 -0.1441974937915802 -0.5504249930381775
v 0 -0.14448800683021545 -0.5788249969482422
v 0 -0.1297764927148819 -0.5695250034332275
v 0 -0.1297764927148819 -0.5695250034332275
v 0.17639300227165222 -0.12949100136756897 -0.5415850281715393
v 0.1793140023946762 -0.1441974937915802 -0.5504249930381775
v 0 -0.1297764927148819 -0.5695250034332275
v -0.17639300227165222 -0.12949100136756897 -0.5415850281715393
v -0.1717585027217865 -0.12355600297451019 -0.5273849964141846
v -0.1717585027217865 -0.12355600297451019 -0.5273849964141846
v 0 -0.12383399903774261 -0.5545849800109863
v 0 -0.1297764927148819 -0.5695250034332275
v 0 -0.14448800683021545 -0.5788249969482422
v -0.1793140023946762 -0.1441974937915802 -0.5504249930381775
v -0.17639300227165222 -0.12949100136756897 -0.5415850281715393
v -0.17639300227165222 -0.12949100136756897 -0.5415850281715393
v 0 -0.1297764927148819 -0.5695250034332275
v 0 -0.14448800683021545 -0.5788249969482422
v -0.17639300227165222 -0.12949100136756897 -0.5415850281715393
v -0.3355194926261902 -0.12866200506687164 -0.4605115056037903
v -0.3267039954662323 -0.12274850159883499 -0.44843849539756775
v -0.3267039954662323 -0.12274850159883499 -0.44843849539756775
v -0.1717585027217865 -0.12355600297451019 -0.5273849964141846
v -0.17639300227165222 -0.12949100136756897 -0.5415850281715393
v -0.1793140023946762 -0.1441974937915802 -0.5504249930381775
v -0.34107550978660583 -0.14335499703884125 -0.46800899505615234
v -0.3355194926261902 -0.12866200506687164 -0.4605115056037903
v -0.3355194926261902 -0.12866200506687164 -0.4605115056037903
v -0.17639300227165222 -0.12949100136756897 -0.5415850281715393
v -0.1793140023946762 -0.1441974937915802 -0.5504249930381775
v -0.3355194926261902 -0.12866200506687164 -0.4605115056037903
v -0.46180298924446106 -0.12737099826335907 -0.3342350125312805
v -0.4496699869632721 -0.12149149924516678 -0.32547900080680847
v -0.4496699869632721 -0.12149149924516678 -0.32547900080680847
v -0.3267039954662323 -0.12274850159883499 -0.44843849539756775
v -0.3355194926261902 -0.12866200506687164 -0.4605115056037903
v -0.34107550978660583 -0.14335499703884125 -0.46800899505615234
v -0.4694499969482422 -0.14204250276088715 -0.3396404981613159
v -0.46180298924446106 -0.12737099826335907 -0.3342350125312805
v -0.46180298924446106 -0.12737099826335907 -0.3342350125312805
v -0.3355194926261902 -0.12866200506687164 -0.4605115056037903
v -0.34107550978660583 -0.14335499703884125 -0.46800899505615234
v -0.46180298924446106 -0.12737099826335907 -0.3342350125312805
v -0.5428799986839294 -0.1257445067167282 -0.17511649429798126
v -0.5286200046539307 -0.11990749835968018 -0.17054149508476257
v -0.5286200046539307 -0.11990749835968018 -0.17054149508476257
v -0.4496699869632721 -0.12149149924516678 -0.32547900080680847
v -0.46180298924446106 -0.12737099826335907 -0.3342350125312805
v -0.4694499969482422 -0.14204250276088715 -0.3396404981613159
v -0.5518699884414673 -0.14038899540901184 -0.17788800597190857
v -0.5428799986839294 -0.1257445067167282 -0.17511649429798126
v -0.5428799986839294 -0.1257445067167282 -0.17511649429798126
v -0.46180298924446106 -0.12737099826335907 -0.3342350125312805
v -0.4694499969482422 -0.14204250276088715 -0.3396404981613159
v -0.5428799986839294 -0.1257445067167282 -0.17511649429798126
v -0.5708199739456177 -0.12394099682569504 0.0012671049917116761
v -0.5558199882507324 -0.11815200001001358 0.001207915018312633
v -0.5558199882507324 -0.11815200001001358 0.001207915018312633
v -0.5286200046539307 -0.11990749835968018 -0.17054149508476257
v -0.5428799986839294 -0.1257445067167282 -0.17511649429798126
v -0.5518699884414673 -0.14038899540901184 -0.17788800597190857
v -0.580269992351532 -0.13855600357055664 0.0014165149768814445
v -0.5708199739456177 -0.12394099682569504 0.0012671049917116761
v -0.5708199739456177 -0.12394099682569504 0.0012671049917116761
v -0.5428799986839294 -0.1257445067167282 -0.17511649429798126
v -0.5518699884414673 -0.14038899540901184 -0.17788800597190857
v -0.5708199739456177 -0.12394099682569504 0.0012671049917116761
v -0.5428799986839294 -0.12213800102472305 0.17765100300312042
v -0.5286200046539307 -0.11639600247144699 0.17295749485492706
v -0.5286200046539307 -0.11639600247144699 0.17295749485492706
v -0.5558199882507324 -0.11815200001001358 0.001207915018312633
v -0.5708199739456177 -0.12394099682569504 0.0012671049917116761
v -0.580269992351532 -0.13855600357055664 0.0014165149768814445
v -0.5518699884414673 -0.13672250509262085 0.1807209998369217
v -0.5428799986839294 -0.12213800102472305 0.17765100300312042
v -0.5428799986839294 -0.12213800102472305 0.17765100300312042
v -0.5708199739456177 -0.12394099682569504 0.0012671049917116761
v -0.580269992351532 -0.13855600357055664 0.0014165149768814445
v -0.5428799986839294 -0.12213800102472305 0.17765100300312042
v -0.46180298924446106 -0.1205110028386116 0.3367690145969391
v -0.4496699869632721 -0.11481200158596039 0.32789549231529236
v -0.4496699869632721 -0.11481200158596039 0.32789549231529236
v -0.5286200046539307 -0.11639600247144699 0.17295749485492706
v -0.5428799986839294 -0.12213800102472305 0.17765100300312042
v -0.5518699884414673 -0.13672250509262085 0.1807209998369217
v -0.4694499969482422 -0.13506899774074554 0.3424740135669708
v -0.46180298924446106 -0.1205110028386116 0.3367690145969391
v -0.46180298924446106 -0.1205110028386116 0.3367690145969391
v -0.5428799986839294 -0.12213800102472305 0.17765100300312042
v -0.5518699884414673 -0.13672250509262085 0.1807209998369217
v -0.46180298924446106 -0.1205110028386116 0.3367690145969391
v -0.3355194926261902 -0.11922000348567963 0.46304601430892944
v -0.3267039954662323 -0.11355499923229218 0.45085451006889343
v -0.3267039954662323 -0.11355499923229218 0.45085451006889343
v -0.4496699869632721 -0.11481200158596039 0.32789549231529236
v -0.46180298924446106 -0.1205110028386116 0.3367690145969391
v -0.4694499969482422 -0.13506899774074554 0.3424740135669708
v -0.34107550978660583 -0.13375650346279144 0.47084200382232666
v -0.3355194926261902 -0.11922000348567963 0.46304601430892944
v -0.3355194926261902 -0.11922000348567963 0.46304601430892944
v -0.46180298924446106 -0.1205110028386116 0.3367690145969391
v -0.4694499969482422 -0.13506899774074554 0.3424740135669708
v -0.3355194926261902 -0.11922000348567963 0.46304601430892944
v -0.17639300227165222 -0.1183909997344017 0.5441200137138367
v -0.1717585027217865 -0.11274799704551697 0.5297999978065491
v -0.1717585027217865 -0.11274799704551697 0.5297999978065491
v -0.3267039954662323 -0.11355499923229218 0.45085451006889343
v -0.3355194926261902 -0.11922000348567963 0.46304601430892944
v -0.34107550978660583 -0.13375650346279144 0.47084200382232666
v -0.1793140023946762 -0.1329140067100525 0.5532600283622742
v -0.17639300227165222 -0.1183909997344017 0.5441200137138367
v -0.17639300227165222 -0.1183909997344017 0.5441200137138367
v -0.3355194926261902 -0.11922000348567963 0.46304601430892944
v -0.34107550978660583 -0.13375650346279144 0.47084200382232666
v -0.17639300227165222 -0.1183909997344017 0.5441200137138367
v 0 -0.11810550093650818 0.5720549821853638
v 0 -0.11246950179338455 0.5569999814033508
v 0 -0.11246950179338455 0.5569999814033508
v -0.1717585027217865 -0.11274799704551697 0.5297999978065491
v -0.17639300227165222 -0.1183909997344017 0.5441200137138367
v -0.1793140023946762 -0.1329140067100525 0.5532600283622742
v 0 -0.13262349367141724 0.5816599726676941
v 0 -0.11810550093650818 0.5720549821853638
v 0 -0.11810550093650818 0.5720549821853638
v -0.17639300227165222 -0.1183909997344017 0.5441200137138367
v -0.1793140023946762 -0.1329140067100525 0.5532600283622742
v 0 -0.11810550093650818 0.5720549821853638
v 0.17639300227165222 -0.1183909997344017 0.5441200137138367
v 0.1717585027217865 -0.11274799704551697 0.5297999978065491
v 0.1717585027217865 -0.11274799704551697 0.5297999978065491
v 0 -0.11246950179338455 0.5569999814033508
v 0 -0.11810550093650818 0.5720549821853638
v 0 -0.13262349367141724 0.5816599726676941
v 0.1793140023946762 -0.1329140067100525 0.5532600283622742
v 0.17639300227165222 -0.1183909997344017 0.5441200137138367
v 0.17639300227165222 -0.1183909997344017 0.5441200137138367
v 0 -0.11810550093650818 0.5720549821853638
v 0 -0.13262349367141724 0.5816599726676941
v 0.17639300227165222 -0.1183909997344017 0.5441200137138367
v 0.3355194926261902 -0.11922000348567963 0.46304601430892944
v 0.3267039954662323 -0.11355499923229218 0.45085400342941284
v 0.3267039954662323 -0.11355499923229218 0.45085400342941284
v 0.1717585027217865 -0.11274799704551697 0.5297999978065491
v 0.17639300227165222 -0.1183909997344017 0.5441200137138367
v 0.1793140023946762 -0.1329140067100525 0.5532600283622742
v 0.34107550978660583 -0.13375650346279144 0.47084200382232666
v 0.3355194926261902 -0.11922000348567963 0.46304601430892944
v 0.3355194926261902 -0.11922000348567963 0.46304601430892944
v 0.17639300227165222 -0.1183909997344017 0.5441200137138367
v 0.1793140023946762 -0.1329140067100525 0.5532600283622742
v 0.3355194926261902 -0.11922000348567963 0.46304601430892944
v 0.46180298924446106 -0.1205110028386116 0.3367690145969391
v 0.4496699869632721 -0.11481200158596039 0.32789549231529236
v 0.4496699869632721 -0.11481200158596039 0.32789549231529236
v 0.3267039954662323 -0.11355499923229218 0.45085400342941284
v 0.3355194926261902 -0.11922000348567963 0.46304601430892944
v 0.34107550978660583 -0.13375650346279144 0.47084200382232666
v 0.4694499969482422 -0.13506899774074554 0.3424740135669708
v 0.46180298924446106 -0.1205110028386116 0.3367690145969391
v 0.46180298924446106 -0.1205110028386116 0.3367690145969391
v 0.3355194926261902 -0.11922000348567963 0.46304601430892944
v 0.34107550978660583 -0.13375650346279144 0.47084200382232666
v 0.46180298924446106 -0.1205110028386116 0.3367690145969391
v 0.5428799986839294 -0.12213800102472305 0.17765100300312042
v 0.5286200046539307 -0.11639600247144699 0.17295749485492706
v 0.5286200046539307 -0.11639600247144699 0.17295749485492706
v 0.4496699869632721 -0.11481200158596039 0.32789549231529236
v 0.46180298924446106 -0.1205110028386116 0.3367690145969391
v 0.4694499969482422 -0.13506899774074554 0.3424740135669708
v 0.5518699884414673 -0.13672250509262085 0.1807209998369217
v 0.5428799986839294 -0.12213800102472305 0.17765100300312042
v 0.5428799986839294 -0.12213800102472305 0.17765100300312042
v 0.46180298924446106 -0.1205110028386116 0.3367690145969391
v 0.4694499969482422 -0.13506899774074554 0.3424740135669708
v 0.5428799986839294 -0.12213800102472305 0.17765100300312042
v 0.5708199739456177 -0.12394099682569504 0.0012671049917116761
v 0.5558199882507324 -0.11815200001001358 0.001207915018312633
v 0.5558199882507324 -0.11815200001001358 0.001207915018312633
v 0.5286200046539307 -0.11639600247144699 0.17295749485492706
v 0.5428799986839294 -0.12213800102472305 0.17765100300312042
v 0.5518699884414673 -0.13672250509262085 0.1807209998369217
v 0.580269992351532 -0.13855600357055664 0.0014165149768814445
v 0.5708199739456177 -0.12394099682569504 0.0012671049917116761
v 0.5708199739456177 -0.12394099682569504 0.0012671049917116761
v 0.5428799986839294 -0.12213800102472305 0.17765100300312042
v 0.5518699884414673 -0.13672250509262085 0.1807209998369217
v 0.20362350344657898 0.35166800022125244 -0.06975150108337402
v 0.17481450736522675 0.3510555028915405 -0.1285409927368164
v 0.16359099745750427 0.35711199045181274 -0.12044250220060349
v 0.16359099745750427 0.35711199045181274 -0.12044250220060349
v 0.1903975009918213 0.3576734960079193 -0.06549549847841263
v 0.20362350344657898 0.35166800022125244 -0.06975150108337402
v 0.21042500436306 0.33665600419044495 -0.07181599736213684
v 0.18044550716876984 0.336014986038208 -0.13267800211906433
v 0.17481450736522675 0.3510555028915405 -0.1285409927368164
v 0.17481450736522675 0.3510555028915405 -0.1285409927368164
v 0.20362350344657898 0.35166800022125244 -0.06975150108337402
v 0.21042500436306 0.33665600419044495 -0.07181599736213684
v 0.20362350344657898 0.35166800022125244 -0.06975150108337402
v 0.21410049498081207 0.35234400629997253 -0.0036021650303155184
v 0.22125400602817535 0.33735498785972595 -0.003448924981057644
v 0.22125400602817535 0.33735498785972595 -0.003448924981057644
v 0.21042500436306 0.33665600419044495 -0.07181599736213684
v 0.20362350344657898 0.35166800022125244 -0.06975150108337402
v 0.1903975009918213 0.3576734960079193 -0.06549549847841263
v 0.20018799602985382 0.35830599069595337 -0.003663114970549941
v 0.21410049498081207 0.35234400629997253 -0.0036021650303155184
v 0.21410049498081207 0.35234400629997253 -0.0036021650303155184
v 0.20362350344657898 0.35166800022125244 -0.06975150108337402
v 0.1903975009918213 0.3576734960079193 -0.06549549847841263
v 0.16359099745750427 0.35711199045181274 -0.12044250220060349
v 0.17481450736522675 0.3510555028915405 -0.1285409927368164
v 0.12528249621391296 0.3506790101528168 -0.17274700105190277
v 0.12528249621391296 0.3506790101528168 -0.17274700105190277
v 0.11700499802827835 0.35669299960136414 -0.16139750182628632
v 0.16359099745750427 0.35711199045181274 -0.12044250220060349
v 0.17481450736522675 0.3510555028915405 -0.1285409927368164
v 0.18044550716876984 0.336014986038208 -0.13267800211906433
v 0.12955400347709656 0.3356674909591675 -0.1787935048341751
v 0.12955400347709656 0.3356674909591675 -0.1787935048341751
v 0.12528249621391296 0.3506790101528168 -0.17274700105190277
v 0.17481450736522675 0.3510555028915405 -0.1285409927368164
v 0.12528249621391296 0.3506790101528168 -0.17274700105190277
v 0.06530299782752991 0.35033950209617615 -0.2044990062713623
v 0.06101499870419502 0.35638850927352905 -0.1911740005016327
v 0.06101499870419502 0.35638850927352905 -0.1911740005016327
v 0.11700499802827835 0.35669299960136414 -0.16139750182628632
v 0.12528249621391296 0.3506790101528168 -0.17274700105190277
v 0.12955400347709656 0.3356674909591675 -0.1787935048341751
v 0.06758199632167816 0.3353089988231659 -0.2114344984292984
v 0.06530299782752991 0.35033950209617615 -0.2044990062713623
v 0.06530299782752991 0.35033950209617615 -0.2044990062713623
v 0.12528249621391296 0.3506790101528168 -0.17274700105190277
v 0.12955400347709656 0.3356674909591675 -0.1787935048341751
v 0.06530299782752991 0.35033950209617615 -0.2044990062713623
v 0.000024499999199179 0.3502334952354431 -0.21484600007534027
v 0.00008600000001024455 0.3562900125980377 -0.20085200667381287
v 0.00008600000001024455 0.3562900125980377 -0.20085200667381287
v 0.06101499870419502 0.35638850927352905 -0.1911740005016327
v 0.06530299782752991 0.35033950209617615 -0.2044990062713623
v 0.06758199632167816 0.3353089988231659 -0.2114344984292984
v 0 0.3351995050907135 -0.22213800251483917
v 0.000024499999199179 0.3502334952354431 -0.21484600007534027
v 0.000024499999199179 0.3502334952354431 -0.21484600007534027
v 0.06530299782752991 0.35033950209617615 -0.2044990062713623
v 0.06758199632167816 0.3353089988231659 -0.2114344984292984
v 0.000024499999199179 0.3502334952354431 -0.21484600007534027
v -0.06525950133800507 0.35033899545669556 -0.20451399683952332
v -0.06086049973964691 0.35638800263404846 -0.19122600555419922
v -0.06086049973964691 0.35638800263404846 -0.19122600555419922
v 0.00008600000001024455 0.3562900125980377 -0.20085200667381287
v 0.000024499999199179 0.3502334952354431 -0.21484600007534027
v 0 0.3351995050907135 -0.22213800251483917
v -0.06758199632167816 0.3353089988231659 -0.2114344984292984
v -0.06525950133800507 0.35033899545669556 -0.20451399683952332
v -0.06525950133800507 0.35033899545669556 -0.20451399683952332
v 0.000024499999199179 0.3502334952354431 -0.21484600007534027
v 0 0.3351995050907135 -0.22213800251483917
v -0.06525950133800507 0.35033899545669556 -0.20451399683952332
v -0.12415649741888046 0.3506459891796112 -0.17451299726963043
v -0.11585450172424316 0.3566744923591614 -0.16323299705982208
v -0.11585450172424316 0.3566744923591614 -0.16323299705982208
v -0.06086049973964691 0.35638800263404846 -0.19122600555419922
v -0.06525950133800507 0.35033899545669556 -0.20451399683952332
v -0.06758199632167816 0.3353089988231659 -0.2114344984292984
v -0.1285485029220581 0.3356265127658844 -0.18037199974060059
v -0.12415649741888046 0.3506459891796112 -0.17451299726963043
v -0.12415649741888046 0.3506459891796112 -0.17451299726963043
v -0.06525950133800507 0.35033899545669556 -0.20451399683952332
v -0.06758199632167816 0.3353089988231659 -0.2114344984292984
v -0.12415649741888046 0.3506459891796112 -0.17451299726963043
v -0.17090000212192535 0.35112351179122925 -0.1277794986963272
v -0.15950800478458405 0.3571205139160156 -0.11960849910974503
v -0.15950800478458405 0.3571205139160156 -0.11960849910974503
v -0.11585450172424316 0.3566744923591614 -0.16323299705982208
v -0.12415649741888046 0.3506459891796112 -0.17451299726963043
v -0.1285485029220581 0.3356265127658844 -0.18037199974060059
v -0.1769315004348755 0.33612099289894104 -0.13199150562286377
v -0.17090000212192535 0.35112351179122925 -0.1277794986963272
v -0.17090000212192535 0.35112351179122925 -0.1277794986963272
v -0.12415649741888046 0.3506459891796112 -0.17451299726963043
v -0.1285485029220581 0.3356265127658844 -0.18037199974060059
v -0.17090000212192535 0.35112351179122925 -0.1277794986963272
v -0.2009125053882599 0.3517250120639801 -0.06888700276613235
v -0.1875395029783249 0.3576824963092804 -0.06462249904870987
v -0.1875395029783249 0.3576824963092804 -0.06462249904870987
v -0.15950800478458405 0.3571205139160156 -0.11960849910974503
v -0.17090000212192535 0.35112351179122925 -0.1277794986963272
v -0.1769315004348755 0.33612099289894104 -0.13199150562286377
v -0.20799599587917328 0.336744487285614 -0.07102750241756439
v -0.2009125053882599 0.3517250120639801 -0.06888700276613235
v -0.2009125053882599 0.3517250120639801 -0.06888700276613235
v -0.17090000212192535 0.35112351179122925 -0.1277794986963272
v -0.1769315004348755 0.33612099289894104 -0.13199150562286377
v -0.2009125053882599 0.3517250120639801 -0.06888700276613235
v -0.21125450730323792 0.3523930013179779 -0.0036026649177074432
v -0.1971990019083023 0.35830599069595337 -0.003663114970549941
v -0.1971990019083023 0.35830599069595337 -0.003663114970549941
v -0.1875395029783249 0.3576824963092804 -0.06462249904870987
v -0.2009125053882599 0.3517250120639801 -0.06888700276613235
v -0.20799599587917328 0.336744487285614 -0.07102750241756439
v -0.21869949996471405 0.3374355137348175 -0.003449745010584593
v -0.21125450730323792 0.3523930013179779 -0.0036026649177074432
v -0.21125450730323792 0.3523930013179779 -0.0036026649177074432
v -0.2009125053882599 0.3517250120639801 -0.06888700276613235
v -0.20799599587917328 0.336744487285614 -0.07102750241756439
v -0.21125450730323792 0.3523930013179779 -0.0036026649177074432
v -0.2009125053882599 0.3530605137348175 0.06168249994516373
v -0.1875395029783249 0.35892900824546814 0.057296499609947205
v -0.1875395029783249 0.35892900824546814 0.057296499609947205
v -0.1971990019083023 0.35830599069595337 -0.003663114970549941
v -0.21125450730323792 0.3523930013179779 -0.0036026649177074432
v -0.21869949996471405 0.3374355137348175 -0.003449745010584593
v -0.20799550414085388 0.338126003742218 0.06412850320339203
v -0.2009125053882599 0.3530605137348175 0.06168249994516373
v -0.2009125053882599 0.3530605137348175 0.06168249994516373
v -0.21125450730323792 0.3523930013179779 -0.0036026649177074432
v -0.21869949996471405 0.3374355137348175 -0.003449745010584593
v -0.2009125053882599 0.3530605137348175 0.06168249994516373
v -0.17090000212192535 0.35366249084472656 0.12057449668645859
v -0.15950800478458405 0.3594909906387329 0.11228200048208237
v -0.15950800478458405 0.3594909906387329 0.11228200048208237
v -0.1875395029783249 0.35892900824546814 0.057296499609947205
v -0.2009125053882599 0.3530605137348175 0.06168249994516373
v -0.20799550414085388 0.338126003742218 0.06412850320339203
v -0.17693200707435608 0.338749498128891 0.12509199976921082
v -0.17090000212192535 0.35366249084472656 0.12057449668645859
v -0.17090000212192535 0.35366249084472656 0.12057449668645859
v -0.2009125053882599 0.3530605137348175 0.06168249994516373
v -0.20799550414085388 0.338126003742218 0.06412850320339203
v -0.17090000212192535 0.35366249084472656 0.12057449668645859
v -0.12415649741888046 0.3541400134563446 0.1673084944486618
v -0.11585500091314316 0.35993701219558716 0.15590649843215942
v -0.11585500091314316 0.35993701219558716 0.15590649843215942
v -0.15950800478458405 0.3594909906387329 0.11228200048208237
v -0.17090000212192535 0.35366249084472656 0.12057449668645859
v -0.17693200707435608 0.338749498128891 0.12509199976921082
v -0.1285485029220581 0.33924400806427 0.17347249388694763
v -0.12415649741888046 0.3541400134563446 0.1673084944486618
v -0.12415649741888046 0.3541400134563446 0.1673084944486618
v -0.17090000212192535 0.35366249084472656 0.12057449668645859
v -0.17693200707435608 0.338749498128891 0.12509199976921082
v -0.12415649741888046 0.3541400134563446 0.1673084944486618
v -0.06525900214910507 0.35444700717926025 0.1973094940185547
v -0.06086049973964691 0.3602235019207001 0.18389999866485596
v -0.06086049973964691 0.3602235019207001 0.18389999866485596
v -0.11585500091314316 0.35993701219558716 0.15590649843215942
v -0.12415649741888046 0.3541400134563446 0.1673084944486618
v -0.1285485029220581 0.33924400806427 0.17347249388694763
v -0.06758199632167816 0.33956149220466614 0.20453549921512604
v -0.06525900214910507 0.35444700717926025 0.1973094940185547
v -0.06525900214910507 0.35444700717926025 0.1973094940185547
v -0.12415649741888046 0.3541400134563446 0.1673084944486618
v -0.1285485029220581 0.33924400806427 0.17347249388694763
v -0.06525900214910507 0.35444700717926025 0.1973094940185547
v 0.000024499999199179 0.3545525074005127 0.20764049887657166
v 0.00008600000001024455 0.3603214919567108 0.193525493144989
v 0.00008600000001024455 0.3603214919567108 0.193525493144989
v -0.06086049973964691 0.3602235019207001 0.18389999866485596
v -0.06525900214910507 0.35444700717926025 0.1973094940185547
v -0.06758199632167816 0.33956149220466614 0.20453549921512604
v 0 0.33967098593711853 0.21523849666118622
v 0.000024499999199179 0.3545525074005127 0.20764049887657166
v 0.000024499999199179 0.3545525074005127 0.20764049887657166
v -0.06525900214910507 0.35444700717926025 0.1973094940185547
v -0.06758199632167816 0.33956149220466614 0.20453549921512604
v 0.000024499999199179 0.3545525074005127 0.20764049887657166
v 0.06530299782752991 0.35444751381874084 0.19729399681091309
v 0.06101499870419502 0.3602229952812195 0.18384750187397003
v 0.06101499870419502 0.3602229952812195 0.18384750187397003
v 0.00008600000001024455 0.3603214919567108 0.193525493144989
v 0.000024499999199179 0.3545525074005127 0.20764049887657166
v 0 0.33967098593711853 0.21523849666118622
v 0.06758199632167816 0.33956149220466614 0.20453549921512604
v 0.06530299782752991 0.35444751381874084 0.19729399681091309
v 0.06530299782752991 0.35444751381874084 0.19729399681091309
v 0.000024499999199179 0.3545525074005127 0.20764049887657166
v 0 0.33967098593711853 0.21523849666118622
v 0.06101499870419502 0.3602229952812195 0.18384750187397003
v 0.06530299782752991 0.35444751381874084 0.19729399681091309
v 0.12528249621391296 0.35413751006126404 0.16554149985313416
v 0.12528249621391296 0.35413751006126404 0.16554149985313416
v 0.11700499802827835 0.3599185049533844 0.15407049655914307
v 0.06101499870419502 0.3602229952812195 0.18384750187397003
v 0.06530299782752991 0.35444751381874084 0.19729399681091309
v 0.06758199632167816 0.33956149220466614 0.20453549921512604
v 0.12955400347709656 0.3392525017261505 0.17189350724220276
v 0.12955400347709656 0.3392525017261505 0.17189350724220276
v 0.12528249621391296 0.35413751006126404 0.16554149985313416
v 0.06530299782752991 0.35444751381874084 0.19729399681091309
v 0.12528249621391296 0.35413751006126404 0.16554149985313416
v 0.17481450736522675 0.35361000895500183 0.12133699655532837
v 0.16359050571918488 0.3594995141029358 0.11311600357294083
v 0.16359050571918488 0.3594995141029358 0.11311600357294083
v 0.11700499802827835 0.3599185049533844 0.15407049655914307
v 0.12528249621391296 0.35413751006126404 0.16554149985313416
v 0.12955400347709656 0.3392525017261505 0.17189350724220276
v 0.18044500052928925 0.3386574983596802 0.12578049302101135
v 0.17481450736522675 0.35361000895500183 0.12133699655532837
v 0.17481450736522675 0.35361000895500183 0.12133699655532837
v 0.12528249621391296 0.35413751006126404 0.16554149985313416
v 0.12955400347709656 0.3392525017261505 0.17189350724220276
v 0.16359050571918488 0.3594995141029358 0.11311600357294083
v 0.17481450736522675 0.35361000895500183 0.12133699655532837
v 0.20362350344657898 0.35302048921585083 0.06254799664020538
v 0.20362350344657898 0.35302048921585083 0.06254799664020538
v 0.1903975009918213 0.3589380085468292 0.05816949903964996
v 0.16359050571918488 0.3594995141029358 0.11311600357294083
v 0.17481450736522675 0.35361000895500183 0.12133699655532837
v 0.18044500052928925 0.3386574983596802 0.12578049302101135
v 0.21042500436306 0.33805400133132935 0.06491850316524506
v 0.21042500436306 0.33805400133132935 0.06491850316524506
v 0.20362350344657898 0.35302048921585083 0.06254799664020538
v 0.17481450736522675 0.35361000895500183 0.12133699655532837
v 0.20362350344657898 0.35302048921585083 0.06254799664020538
v 0.21410049498081207 0.35234400629997253 -0.0036021650303155184
v 0.20018799602985382 0.35830599069595337 -0.003663114970549941
v 0.20018799602985382 0.35830599069595337 -0.003663114970549941
v 0.1903975009918213 0.3589380085468292 0.05816949903964996
v 0.20362350344657898 0.35302048921585083 0.06254799664020538
v 0.21042500436306 0.33805400133132935 0.06491850316524506
v 0.22125400602817535 0.33735498785972595 -0.003448924981057644
v 0.21410049498081207 0.35234400629997253 -0.0036021650303155184
v 0.21410049498081207 0.35234400629997253 -0.0036021650303155184
v 0.20362350344657898 0.35302048921585083 0.06254799664020538
v 0.21042500436306 0.33805400133132935 0.06491850316524506
v 0.339990496635437 0.05385750159621239 -0.24758100509643555
v 0.39968249201774597 0.05505499988794327 -0.13043400645256042
v 0.4082084894180298 0.040265899151563644 -0.1330530047416687
v 0.4082084894180298 0.040265899151563644 -0.1330530047416687
v 0.3472430109977722 0.039042700082063675 -0.25269898772239685
v 0.339990496635437 0.05385750159621239 -0.24758100509643555
v 0.3280330002307892 0.05981750041246414 -0.23895399272441864
v 0.3856259882450104 0.06097299978137016 -0.12592749297618866
v 0.39968249201774597 0.05505499988794327 -0.13043400645256042
v 0.39968249201774597 0.05505499988794327 -0.13043400645256042
v 0.339990496635437 0.05385750159621239 -0.24758100509643555
v 0.3280330002307892 0.05981750041246414 -0.23895399272441864
v 0.339990496635437 0.05385750159621239 -0.24758100509643555
v 0.247017502784729 0.05290700122714043 -0.34054848551750183
v 0.23833000659942627 0.05890050157904625 -0.3286519944667816
v 0.23833000659942627 0.05890050157904625 -0.3286519944667816
v 0.3280330002307892 0.05981750041246414 -0.23895399272441864
v 0.339990496635437 0.05385750159621239 -0.24758100509643555
v 0.3472430109977722 0.039042700082063675 -0.25269898772239685
v 0.25228649377822876 0.038072001188993454 -0.3476499915122986
v 0.247017502784729 0.05290700122714043 -0.34054848551750183
v 0.247017502784729 0.05290700122714043 -0.34054848551750183
v 0.339990496635437 0.05385750159621239 -0.24758100509643555
v 0.3472430109977722 0.039042700082063675 -0.25269898772239685
v 0.39968249201774597 0.05505499988794327 -0.13043400645256042
v 0.4202510118484497 0.056382499635219574 -0.0005764249945059419
v 0.4292154908180237 0.041621800512075424 -0.0004255179956089705
v 0.4292154908180237 0.041621800512075424 -0.0004255179956089705
v 0.4082084894180298 0.040265899151563644 -0.1330530047416687
v 0.39968249201774597 0.05505499988794327 -0.13043400645256042
v 0.3856259882450104 0.06097299978137016 -0.12592749297618866
v 0.40547099709510803 0.062253501266241074 -0.000636445009149611
v 0.4202510118484497 0.056382499635219574 -0.0005764249945059419
v 0.4202510118484497 0.056382499635219574 -0.0005764249945059419
v 0.39968249201774597 0.05505499988794327 -0.13043400645256042
v 0.3856259882450104 0.06097299978137016 -0.12592749297618866
v 0.247017502784729 0.05290700122714043 -0.34054848551750183
v 0.12986449897289276 0.05229650065302849 -0.4002380073070526
v 0.12529750168323517 0.058311499655246735 -0.38624200224876404
v 0.12529750168323517 0.058311499655246735 -0.38624200224876404
v 0.23833000659942627 0.05890050157904625 -0.3286519944667816
v 0.247017502784729 0.05290700122714043 -0.34054848551750183
v 0.25228649377822876 0.038072001188993454 -0.3476499915122986
v 0.1326349973678589 0.03744874894618988 -0.4086124897003174
v 0.12986449897289276 0.05229650065302849 -0.4002380073070526
v 0.12986449897289276 0.05229650065302849 -0.4002380073070526
v 0.247017502784729 0.05290700122714043 -0.34054848551750183
v 0.25228649377822876 0.038072001188993454 -0.3476499915122986
v 0.12986449897289276 0.05229650065302849 -0.4002380073070526
v 0 0.05208649858832359 -0.4208050072193146
v 0 0.05810850113630295 -0.4060859978199005
v 0 0.05810850113630295 -0.4060859978199005
v 0.12529750168323517 0.058311499655246735 -0.38624200224876404
v 0.12986449897289276 0.05229650065302849 -0.4002380073070526
v 0.1326349973678589 0.03744874894618988 -0.4086124897003174
v 0 0.037234000861644745 -0.4296185076236725
v 0 0.05208649858832359 -0.4208050072193146
v 0 0.05208649858832359 -0.4208050072193146
v 0.12986449897289276 0.05229650065302849 -0.4002380073070526
v 0.1326349973678589 0.03744874894618988 -0.4086124897003174
v 0 0.05208649858832359 -0.4208050072193146
v -0.12986449897289276 0.05229650065302849 -0.4002380073070526
v -0.12529750168323517 0.058311499655246735 -0.38624200224876404
v -0.12529750168323517 0.058311499655246735 -0.38624200224876404
v 0 0.05810850113630295 -0.4060859978199005
v 0 0.05208649858832359 -0.4208050072193146
v 0 0.037234000861644745 -0.4296185076236725
v -0.1326349973678589 0.03744874894618988 -0.4086124897003174
v -0.12986449897289276 0.05229650065302849 -0.4002380073070526
v -0.12986449897289276 0.05229650065302849 -0.4002380073070526
v 0 0.05208649858832359 -0.4208050072193146
v 0 0.037234000861644745 -0.4296185076236725
v -0.12986449897289276 0.05229650065302849 -0.4002380073070526
v -0.2470169961452484 0.05290700122714043 -0.34054848551750183
v -0.23833000659942627 0.05890050157904625 -0.3286519944667816
v -0.23833000659942627 0.05890050157904625 -0.3286519944667816
v -0.12529750168323517 0.058311499655246735 -0.38624200224876404
v -0.12986449897289276 0.05229650065302849 -0.4002380073070526
v -0.1326349973678589 0.03744874894618988 -0.4086124897003174
v -0.25228649377822876 0.038072001188993454 -0.3476499915122986
v -0.2470169961452484 0.05290700122714043 -0.34054848551750183
v -0.2470169961452484 0.05290700122714043 -0.34054848551750183
v -0.12986449897289276 0.05229650065302849 -0.4002380073070526
v -0.1326349973678589 0.03744874894618988 -0.4086124897003174
v -0.2470169961452484 0.05290700122714043 -0.34054848551750183
v -0.3399899899959564 0.05385750159621239 -0.24758049845695496
v -0.3280330002307892 0.05981750041246414 -0.23895399272441864
v -0.3280330002307892 0.05981750041246414 -0.23895399272441864
v -0.23833000659942627 0.05890050157904625 -0.3286519944667816
v -0.2470169961452484 0.05290700122714043 -0.34054848551750183
v -0.25228649377822876 0.038072001188993454 -0.3476499915122986
v -0.3472425043582916 0.039042700082063675 -0.25269898772239685
v -0.3399899899959564 0.05385750159621239 -0.24758049845695496
v -0.3399899899959564 0.05385750159621239 -0.24758049845695496
v -0.2470169961452484 0.05290700122714043 -0.34054848551750183
v -0.25228649377822876 0.038072001188993454 -0.3476499915122986
v -0.3399899899959564 0.05385750159621239 -0.24758049845695496
v -0.3996819853782654 0.05505499988794327 -0.13043400645256042
v -0.3856255114078522 0.06097299978137016 -0.12592749297618866
v -0.3856255114078522 0.06097299978137016 -0.12592749297618866
v -0.3280330002307892 0.05981750041246414 -0.23895399272441864
v -0.3399899899959564 0.05385750159621239 -0.24758049845695496
v -0.3472425043582916 0.039042700082063675 -0.25269898772239685
v -0.4082080125808716 0.040265899151563644 -0.1330530047416687
v -0.3996819853782654 0.05505499988794327 -0.13043400645256042
v -0.3996819853782654 0.05505499988794327 -0.13043400645256042
v -0.3399899899959564 0.05385750159621239 -0.24758049845695496
v -0.3472425043582916 0.039042700082063675 -0.25269898772239685
v -0.3996819853782654 0.05505499988794327 -0.13043400645256042
v -0.4202510118484497 0.056382499635219574 -0.0005764249945059419
v -0.40547099709510803 0.062253501266241074 -0.000636445009149611
v -0.40547099709510803 0.062253501266241074 -0.000636445009149611
v -0.3856255114078522 0.06097299978137016 -0.12592749297618866
v -0.3996819853782654 0.05505499988794327 -0.13043400645256042
v -0.4082080125808716 0.040265899151563644 -0.1330530047416687
v -0.4292154908180237 0.041621800512075424 -0.0004255179956089705
v -0.4202510118484497 0.056382499635219574 -0.0005764249945059419
v -0.4202510118484497 0.056382499635219574 -0.0005764249945059419
v -0.3996819853782654 0.05505499988794327 -0.13043400645256042
v -0.4082080125808716 0.040265899151563644 -0.1330530047416687
v -0.4202510118484497 0.056382499635219574 -0.0005764249945059419
v -0.3996819853782654 0.05770999938249588 0.12928150594234467
v -0.3856255114078522 0.06353449821472168 0.12465450167655945
v -0.3856255114078522 0.06353449821472168 0.12465450167655945
v -0.40547099709510803 0.062253501266241074 -0.000636445009149611
v -0.4202510118484497 0.056382499635219574 -0.0005764249945059419
v -0.4292154908180237 0.041621800512075424 -0.0004255179956089705
v -0.4082080125808716 0.042977750301361084 0.13220250606536865
v -0.3996819853782654 0.05770999938249588 0.12928150594234467
v -0.3996819853782654 0.05770999938249588 0.12928150594234467
v -0.4202510118484497 0.056382499635219574 -0.0005764249945059419
v -0.4292154908180237 0.041621800512075424 -0.0004255179956089705
v -0.3996819853782654 0.05770999938249588 0.12928150594234467
v -0.3399899899959564 0.05890800058841705 0.2464275062084198
v -0.3280330002307892 0.064690001308918 0.23768049478530884
v -0.3280330002307892 0.064690001308918 0.23768049478530884
v -0.3856255114078522 0.06353449821472168 0.12465450167655945
v -0.3996819853782654 0.05770999938249588 0.12928150594234467
v -0.4082080125808716 0.042977750301361084 0.13220250606536865
v -0.3472425043582916 0.04420090094208717 0.2518480122089386
v -0.3399899899959564 0.05890800058841705 0.2464275062084198
v -0.3399899899959564 0.05890800058841705 0.2464275062084198
v -0.3996819853782654 0.05770999938249588 0.12928150594234467
v -0.4082080125808716 0.042977750301361084 0.13220250606536865
v -0.3399899899959564 0.05890800058841705 0.2464275062084198
v -0.2470169961452484 0.05985800176858902 0.33939599990844727
v -0.23833000659942627 0.0656069964170456 0.3273794949054718
v -0.23833000659942627 0.0656069964170456 0.3273794949054718
v -0.3280330002307892 0.064690001308918 0.23768049478530884
v -0.3399899899959564 0.05890800058841705 0.2464275062084198
v -0.3472425043582916 0.04420090094208717 0.2518480122089386
v -0.25228649377822876 0.045171648263931274 0.34679898619651794
v -0.2470169961452484 0.05985800176858902 0.33939599990844727
v -0.2470169961452484 0.05985800176858902 0.33939599990844727
v -0.3399899899959564 0.05890800058841705 0.2464275062084198
v -0.3472425043582916 0.04420090094208717 0.2518480122089386
v -0.2470169961452484 0.05985800176858902 0.33939599990844727
v -0.12986449897289276 0.06046849861741066 0.39908450841903687
v -0.12529750168323517 0.0661960020661354 0.38496899604797363
v -0.12529750168323517 0.0661960020661354 0.38496899604797363
v -0.23833000659942627 0.0656069964170456 0.3273794949054718
v -0.2470169961452484 0.05985800176858902 0.33939599990844727
v -0.25228649377822876 0.045171648263931274 0.34679898619651794
v -0.1326349973678589 0.04579490050673485 0.40776100754737854
v -0.12986449897289276 0.06046849861741066 0.39908450841903687
v -0.12986449897289276 0.06046849861741066 0.39908450841903687
v -0.2470169961452484 0.05985800176858902 0.33939599990844727
v -0.25228649377822876 0.045171648263931274 0.34679898619651794
v -0.12986449897289276 0.06046849861741066 0.39908450841903687
v 0 0.060678500682115555 0.41965198516845703
v 0 0.0663990005850792 0.4048129916191101
v 0 0.0663990005850792 0.4048129916191101
v -0.12529750168323517 0.0661960020661354 0.38496899604797363
v -0.12986449897289276 0.06046849861741066 0.39908450841903687
v -0.1326349973678589 0.04579490050673485 0.40776100754737854
v 0 0.046009648591279984 0.42876750230789185
v 0 0.060678500682115555 0.41965198516845703
v 0 0.060678500682115555 0.41965198516845703
v -0.12986449897289276 0.06046849861741066 0.39908450841903687
v -0.1326349973678589 0.04579490050673485 0.40776100754737854
v 0 0.060678500682115555 0.41965198516845703
v 0.12986449897289276 0.06046849861741066 0.39908450841903687
v 0.12529750168323517 0.0661960020661354 0.38496899604797363
v 0.12529750168323517 0.0661960020661354 0.38496899604797363
v 0 0.0663990005850792 0.4048129916191101
v 0 0.060678500682115555 0.41965198516845703
v 0 0.046009648591279984 0.42876750230789185
v 0.1326349973678589 0.04579490050673485 0.40776100754737854
v 0.12986449897289276 0.06046849861741066 0.39908450841903687
v 0.12986449897289276 0.06046849861741066 0.39908450841903687
v 0 0.060678500682115555 0.41965198516845703
v 0 0.046009648591279984 0.42876750230789185
v 0.12986449897289276 0.06046849861741066 0.39908450841903687
v 0.2470169961452484 0.05985800176858902 0.33939599990844727
v 0.23833000659942627 0.0656069964170456 0.3273794949054718
v 0.23833000659942627 0.0656069964170456 0.3273794949054718
v 0.12529750168323517 0.0661960020661354 0.38496899604797363
v 0.12986449897289276 0.06046849861741066 0.39908450841903687
v 0.1326349973678589 0.04579490050673485 0.40776100754737854
v 0.25228649377822876 0.045171648263931274 0.34679898619651794
v 0.2470169961452484 0.05985800176858902 0.33939599990844727
v 0.2470169961452484 0.05985800176858902 0.33939599990844727
v 0.12986449897289276 0.06046849861741066 0.39908450841903687
v 0.1326349973678589 0.04579490050673485 0.40776100754737854
v 0.2470169961452484 0.05985800176858902 0.33939599990844727
v 0.3399899899959564 0.05890800058841705 0.2464279979467392
v 0.3280330002307892 0.064690001308918 0.23768100142478943
v 0.3280330002307892 0.064690001308918 0.23768100142478943
v 0.23833000659942627 0.0656069964170456 0.3273794949054718
v 0.2470169961452484 0.05985800176858902 0.33939599990844727
v 0.25228649377822876 0.045171648263931274 0.34679898619651794
v 0.3472430109977722 0.04420090094208717 0.2518480122089386
v 0.3399899899959564 0.05890800058841705 0.2464279979467392
v 0.3399899899959564 0.05890800058841705 0.2464279979467392
v 0.2470169961452484 0.05985800176858902 0.33939599990844727
v 0.25228649377822876 0.045171648263931274 0.34679898619651794
v 0.3399899899959564 0.05890800058841705 0.2464279979467392
v 0.39968249201774597 0.05770999938249588 0.12928150594234467
v 0.3856259882450104 0.06353449821472168 0.12465450167655945
v 0.3856259882450104 0.06353449821472168 0.12465450167655945
v 0.3280330002307892 0.064690001308918 0.23768100142478943
v 0.3399899899959564 0.05890800058841705 0.2464279979467392
v 0.3472430109977722 0.04420090094208717 0.2518480122089386
v 0.4082084894180298 0.042977750301361084 0.13220250606536865
v 0.39968249201774597 0.05770999938249588 0.12928150594234467
v 0.39968249201774597 0.05770999938249588 0.12928150594234467
v 0.3399899899959564 0.05890800058841705 0.2464279979467392
v 0.3472430109977722 0.04420090094208717 0.2518480122089386
v 0.39968249201774597 0.05770999938249588 0.12928150594234467
v 0.4202510118484497 0.056382499635219574 -0.0005764249945059419
v 0.40547099709510803 0.062253501266241074 -0.000636445009149611
v 0.40547099709510803 0.062253501266241074 -0.000636445009149611
v 0.3856259882450104 0.06353449821472168 0.12465450167655945
v 0.39968249201774597 0.05770999938249588 0.12928150594234467
v 0.4082084894180298 0.042977750301361084 0.13220250606536865
v 0.4292154908180237 0.041621800512075424 -0.0004255179956089705
v 0.4202510118484497 0.056382499635219574 -0.0005764249945059419
v 0.4202510118484497 0.056382499635219574 -0.0005764249945059419
v 0.39968249201774597 0.05770999938249588 0.12928150594234467
v 0.4082084894180298 0.042977750301361084 0.13220250606536865
v 0.2476544976234436 0.20890049636363983 -0.18207649886608124
v 0.2911354899406433 0.2097730040550232 -0.09674499928951263
v 0.29893800616264343 0.19477349519729614 -0.09912700206041336
v 0.29893800616264343 0.19477349519729614 -0.09912700206041336
v 0.25429150462150574 0.19387750327587128 -0.18674549460411072
v 0.2476544976234436 0.20890049636363983 -0.18207649886608124
v 0.23597599565982819 0.21505649387836456 -0.1736540049314499
v 0.2774065136909485 0.21588750183582306 -0.09234700351953506
v 0.2911354899406433 0.2097730040550232 -0.09674499928951263
v 0.2911354899406433 0.2097730040550232 -0.09674499928951263
v 0.2476544976234436 0.20890049636363983 -0.18207649886608124
v 0.23597599565982819 0.21505649387836456 -0.1736540049314499
v 0.2476544976234436 0.20890049636363983 -0.18207649886608124
v 0.17993150651454926 0.20820799469947815 -0.24979600310325623
v 0.17144650220870972 0.21439699828624725 -0.2381799966096878
v 0.17144650220870972 0.21439699828624725 -0.2381799966096878
v 0.23597599565982819 0.21505649387836456 -0.1736540049314499
v 0.2476544976234436 0.20890049636363983 -0.18207649886608124
v 0.25429150462150574 0.19387750327587128 -0.18674549460411072
v 0.18475350737571716 0.19316649436950684 -0.25627949833869934
v 0.17993150651454926 0.20820799469947815 -0.24979600310325623
v 0.17993150651454926 0.20820799469947815 -0.24979600310325623
v 0.2476544976234436 0.20890049636363983 -0.18207649886608124
v 0.25429150462150574 0.19387750327587128 -0.18674549460411072
v 0.2911354899406433 0.2097730040550232 -0.09674499928951263
v 0.3061175048351288 0.21074000000953674 -0.0021544850897043943
v 0.31432148814201355 0.19576649367809296 -0.00200140499509871
v 0.31432148814201355 0.19576649367809296 -0.00200140499509871
v 0.29893800616264343 0.19477349519729614 -0.09912700206041336
v 0.2911354899406433 0.2097730040550232 -0.09674499928951263
v 0.2774065136909485 0.21588750183582306 -0.09234700351953506
v 0.29168251156806946 0.2168090045452118 -0.002216534921899438
v 0.3061175048351288 0.21074000000953674 -0.0021544850897043943
v 0.3061175048351288 0.21074000000953674 -0.0021544850897043943
v 0.2911354899406433 0.2097730040550232 -0.09674499928951263
v 0.2774065136909485 0.21588750183582306 -0.09234700351953506
v 0.17993150651454926 0.20820799469947815 -0.24979600310325623
v 0.09459549933671951 0.20776349306106567 -0.29327449202537537
v 0.09013500064611435 0.2139735072851181 -0.27960848808288574
v 0.09013500064611435 0.2139735072851181 -0.27960848808288574
v 0.17144650220870972 0.21439699828624725 -0.2381799966096878
v 0.17993150651454926 0.20820799469947815 -0.24979600310325623
v 0.18475350737571716 0.19316649436950684 -0.25627949833869934
v 0.09713099896907806 0.1927105039358139 -0.30092349648475647
v 0.09459549933671951 0.20776349306106567 -0.29327449202537537
v 0.09459549933671951 0.20776349306106567 -0.29327449202537537
v 0.17993150651454926 0.20820799469947815 -0.24979600310325623
v 0.18475350737571716 0.19316649436950684 -0.25627949833869934
v 0.09459549933671951 0.20776349306106567 -0.29327449202537537
v 0 0.20761050283908844 -0.30825600028038025
v 0 0.21382750570774078 -0.2938835024833679
v 0 0.21382750570774078 -0.2938835024833679
v 0.09013500064611435 0.2139735072851181 -0.27960848808288574
v 0.09459549933671951 0.20776349306106567 -0.29327449202537537
v 0.09713099896907806 0.1927105039358139 -0.30092349648475647
v 0 0.19255299866199493 -0.3163065016269684
v 0 0.20761050283908844 -0.30825600028038025
v 0 0.20761050283908844 -0.30825600028038025
v 0.09459549933671951 0.20776349306106567 -0.29327449202537537
v 0.09713099896907806 0.1927105039358139 -0.30092349648475647
v 0 0.20761050283908844 -0.30825600028038025
v -0.09459549933671951 0.20776349306106567 -0.29327449202537537
v -0.09013500064611435 0.2139735072851181 -0.27960848808288574
v -0.09013500064611435 0.2139735072851181 -0.27960848808288574
v 0 0.21382750570774078 -0.2938835024833679
v 0 0.20761050283908844 -0.30825600028038025
v 0 0.19255299866199493 -0.3163065016269684
v -0.09713049978017807 0.1927105039358139 -0.30092349648475647
v -0.09459549933671951 0.20776349306106567 -0.29327449202537537
v -0.09459549933671951 0.20776349306106567 -0.29327449202537537
v 0 0.20761050283908844 -0.30825600028038025
v 0 0.19255299866199493 -0.3163065016269684
v -0.09459549933671951 0.20776349306106567 -0.29327449202537537
v -0.17993150651454926 0.20820799469947815 -0.24979600310325623
v -0.17144650220870972 0.21439699828624725 -0.2381799966096878
v -0.17144650220870972 0.21439699828624725 -0.2381799966096878
v -0.09013500064611435 0.2139735072851181 -0.27960848808288574
v -0.09459549933671951 0.20776349306106567 -0.29327449202537537
v -0.09713049978017807 0.1927105039358139 -0.30092349648475647
v -0.18475350737571716 0.19316649436950684 -0.25627949833869934
v -0.17993150651454926 0.20820799469947815 -0.24979600310325623
v -0.17993150651454926 0.20820799469947815 -0.24979600310325623
v -0.09459549933671951 0.20776349306106567 -0.29327449202537537
v -0.09713049978017807 0.1927105039358139 -0.30092349648475647
v -0.17993150651454926 0.20820799469947815 -0.24979600310325623
v -0.2476544976234436 0.20890049636363983 -0.18207649886608124
v -0.23597599565982819 0.21505649387836456 -0.1736540049314499
v -0.23597599565982819 0.21505649387836456 -0.1736540049314499
v -0.17144650220870972 0.21439699828624725 -0.2381799966096878
v -0.17993150651454926 0.20820799469947815 -0.24979600310325623
v -0.18475350737571716 0.19316649436950684 -0.25627949833869934
v -0.25429150462150574 0.19387750327587128 -0.18674549460411072
v -0.2476544976234436 0.20890049636363983 -0.18207649886608124
v -0.2476544976234436 0.20890049636363983 -0.18207649886608124
v -0.17993150651454926 0.20820799469947815 -0.24979600310325623
v -0.18475350737571716 0.19316649436950684 -0.25627949833869934
v -0.2476544976234436 0.20890049636363983 -0.18207649886608124
v -0.2911350131034851 0.2097730040550232 -0.09674499928951263
v -0.2774065136909485 0.21588750183582306 -0.09234700351953506
v -0.2774065136909485 0.21588750183582306 -0.09234700351953506
v -0.23597599565982819 0.21505649387836456 -0.1736540049314499
v -0.2476544976234436 0.20890049636363983 -0.18207649886608124
v -0.25429150462150574 0.19387750327587128 -0.18674549460411072
v -0.29893749952316284 0.19477349519729614 -0.09912700206041336
v -0.2911350131034851 0.2097730040550232 -0.09674499928951263
v -0.2911350131034851 0.2097730040550232 -0.09674499928951263
v -0.2476544976234436 0.20890049636363983 -0.18207649886608124
v -0.25429150462150574 0.19387750327587128 -0.18674549460411072
v -0.2911350131034851 0.2097730040550232 -0.09674499928951263
v -0.3061175048351288 0.21074000000953674 -0.0021544850897043943
v -0.29168251156806946 0.2168090045452118 -0.002216534921899438
v -0.29168251156806946 0.2168090045452118 -0.002216534921899438
v -0.2774065136909485 0.21588750183582306 -0.09234700351953506
v -0.2911350131034851 0.2097730040550232 -0.09674499928951263
v -0.29893749952316284 0.19477349519729614 -0.09912700206041336
v -0.31432148814201355 0.19576649367809296 -0.00200140499509871
v -0.3061175048351288 0.21074000000953674 -0.0021544850897043943
v -0.3061175048351288 0.21074000000953674 -0.0021544850897043943
v -0.2911350131034851 0.2097730040550232 -0.09674499928951263
v -0.29893749952316284 0.19477349519729614 -0.09912700206041336
v -0.3061175048351288 0.21074000000953674 -0.0021544850897043943
v -0.2911350131034851 0.2117069959640503 0.09243600070476532
v -0.2774065136909485 0.21773050725460052 0.08791349828243256
v -0.2774065136909485 0.21773050725460052 0.08791349828243256
v -0.29168251156806946 0.2168090045452118 -0.002216534921899438
v -0.3061175048351288 0.21074000000953674 -0.0021544850897043943
v -0.31432148814201355 0.19576649367809296 -0.00200140499509871
v -0.29893749952316284 0.19675900042057037 0.09512399882078171
v -0.2911350131034851 0.2117069959640503 0.09243600070476532
v -0.2911350131034851 0.2117069959640503 0.09243600070476532
v -0.3061175048351288 0.21074000000953674 -0.0021544850897043943
v -0.31432148814201355 0.19576649367809296 -0.00200140499509871
v -0.2911350131034851 0.2117069959640503 0.09243600070476532
v -0.2476544976234436 0.21257950365543365 0.17776750028133392
v -0.23597599565982819 0.21856200695037842 0.16922099888324738
v -0.23597599565982819 0.21856200695037842 0.16922099888324738
v -0.2774065136909485 0.21773050725460052 0.08791349828243256
v -0.2911350131034851 0.2117069959640503 0.09243600070476532
v -0.29893749952316284 0.19675900042057037 0.09512399882078171
v -0.25429150462150574 0.19765500724315643 0.18274250626564026
v -0.2476544976234436 0.21257950365543365 0.17776750028133392
v -0.2476544976234436 0.21257950365543365 0.17776750028133392
v -0.2911350131034851 0.2117069959640503 0.09243600070476532
v -0.29893749952316284 0.19675900042057037 0.09512399882078171
v -0.2476544976234436 0.21257950365543365 0.17776750028133392
v -0.17993150651454926 0.21327149868011475 0.2454870045185089
v -0.17144650220870972 0.21922150254249573 0.23374700546264648
v -0.17144650220870972 0.21922150254249573 0.23374700546264648
v -0.23597599565982819 0.21856200695037842 0.16922099888324738
v -0.2476544976234436 0.21257950365543365 0.17776750028133392
v -0.25429150462150574 0.19765500724315643 0.18274250626564026
v -0.18475350737571716 0.19836600124835968 0.2522769868373871
v -0.17993150651454926 0.21327149868011475 0.2454870045185089
v -0.17993150651454926 0.21327149868011475 0.2454870045185089
v -0.2476544976234436 0.21257950365543365 0.17776750028133392
v -0.25429150462150574 0.19765500724315643 0.18274250626564026
v -0.17993150651454926 0.21327149868011475 0.2454870045185089
v -0.09459549933671951 0.21371600031852722 0.28896549344062805
v -0.09013500064611435 0.21964499354362488 0.2751755118370056
v -0.09013500064611435 0.21964499354362488 0.2751755118370056
v -0.17144650220870972 0.21922150254249573 0.23374700546264648
v -0.17993150651454926 0.21327149868011475 0.2454870045185089
v -0.18475350737571716 0.19836600124835968 0.2522769868373871
v -0.09713049978017807 0.1988224983215332 0.296920508146286
v -0.09459549933671951 0.21371600031852722 0.28896549344062805
v -0.09459549933671951 0.21371600031852722 0.28896549344062805
v -0.17993150651454926 0.21327149868011475 0.2454870045185089
v -0.18475350737571716 0.19836600124835968 0.2522769868373871
v -0.09459549933671951 0.21371600031852722 0.28896549344062805
v 0 0.21386949717998505 0.30394700169563293
v 0 0.2197909951210022 0.2894499897956848
v 0 0.2197909951210022 0.2894499897956848
v -0.09013500064611435 0.21964499354362488 0.2751755118370056
v -0.09459549933671951 0.21371600031852722 0.28896549344062805
v -0.09713049978017807 0.1988224983215332 0.296920508146286
v 0 0.19897949695587158 0.3123035132884979
v 0 0.21386949717998505 0.30394700169563293
v 0 0.21386949717998505 0.30394700169563293
v -0.09459549933671951 0.21371600031852722 0.28896549344062805
v -0.09713049978017807 0.1988224983215332 0.296920508146286
v 0 0.21386949717998505 0.30394700169563293
v 0.09459549933671951 0.21371600031852722 0.28896549344062805
v 0.09013500064611435 0.21964499354362488 0.2751755118370056
v 0.09013500064611435 0.21964499354362488 0.2751755118370056
v 0 0.2197909951210022 0.2894499897956848
v 0 0.21386949717998505 0.30394700169563293
v 0 0.19897949695587158 0.3123035132884979
v 0.09713049978017807 0.1988224983215332 0.296920508146286
v 0.09459549933671951 0.21371600031852722 0.28896549344062805
v 0.09459549933671951 0.21371600031852722 0.28896549344062805
v 0 0.21386949717998505 0.30394700169563293
v 0 0.19897949695587158 0.3123035132884979
v 0.09459549933671951 0.21371600031852722 0.28896549344062805
v 0.17993150651454926 0.21327149868011475 0.2454870045185089
v 0.17144650220870972 0.21922150254249573 0.23374700546264648
v 0.17144650220870972 0.21922150254249573 0.23374700546264648
v 0.09013500064611435 0.21964499354362488 0.2751755118370056
v 0.09459549933671951 0.21371600031852722 0.28896549344062805
v 0.09713049978017807 0.1988224983215332 0.296920508146286
v 0.18475350737571716 0.19836600124835968 0.2522769868373871
v 0.17993150651454926 0.21327149868011475 0.2454870045185089
v 0.17993150651454926 0.21327149868011475 0.2454870045185089
v 0.09459549933671951 0.21371600031852722 0.28896549344062805
v 0.09713049978017807 0.1988224983215332 0.296920508146286
v 0.17993150651454926 0.21327149868011475 0.2454870045185089
v 0.2476544976234436 0.21257950365543365 0.17776750028133392
v 0.23597599565982819 0.21856200695037842 0.16922150552272797
v 0.23597599565982819 0.21856200695037842 0.16922150552272797
v 0.17144650220870972 0.21922150254249573 0.23374700546264648
v 0.17993150651454926 0.21327149868011475 0.2454870045185089
v 0.18475350737571716 0.19836600124835968 0.2522769868373871
v 0.25429150462150574 0.19765500724315643 0.18274250626564026
v 0.2476544976234436 0.21257950365543365 0.17776750028133392
v 0.2476544976234436 0.21257950365543365 0.17776750028133392
v 0.17993150651454926 0.21327149868011475 0.2454870045185089
v 0.18475350737571716 0.19836600124835968 0.2522769868373871
v 0.2476544976234436 0.21257950365543365 0.17776750028133392
v 0.2911350131034851 0.2117069959640503 0.09243600070476532
v 0.2774065136909485 0.21773050725460052 0.08791349828243256
v 0.2774065136909485 0.21773050725460052 0.08791349828243256
v 0.23597599565982819 0.21856200695037842 0.16922150552272797
v 0.2476544976234436 0.21257950365543365 0.17776750028133392
v 0.25429150462150574 0.19765500724315643 0.18274250626564026
v 0.29893749952316284 0.19675900042057037 0.09512399882078171
v 0.2911350131034851 0.2117069959640503 0.09243600070476532
v 0.2911350131034851 0.2117069959640503 0.09243600070476532
v 0.2476544976234436 0.21257950365543365 0.17776750028133392
v 0.25429150462150574 0.19765500724315643 0.18274250626564026
v 0.2911350131034851 0.2117069959640503 0.09243600070476532
v 0.3061175048351288 0.21074000000953674 -0.0021544850897043943
v 0.29168251156806946 0.2168090045452118 -0.002216534921899438
v 0.29168251156806946 0.2168090045452118 -0.002216534921899438
v 0.2774065136909485 0.21773050725460052 0.08791349828243256
v 0.2911350131034851 0.2117069959640503 0.09243600070476532
v 0.29893749952316284 0.19675900042057037 0.09512399882078171
v 0.31432148814201355 0.19576649367809296 -0.00200140499509871
v 0.3061175048351288 0.21074000000953674 -0.0021544850897043943
v 0.3061175048351288 0.21074000000953674 -0.0021544850897043943
v 0.2911350131034851 0.2117069959640503 0.09243600070476532
v 0.29893749952316284 0.19675900042057037 0.09512399882078171
v 0.3855695128440857 -0.11921700090169907 -0.2789284884929657
v 0.2801325023174286 -0.12029500305652618 -0.3843595087528229
v 0.2759455144405365 -0.11403500288724899 -0.3786599934101105
v 0.2759455144405365 -0.11403500288724899 -0.3786599934101105
v 0.3798064887523651 -0.11297299712896347 -0.2748050093650818
v 0.3855695128440857 -0.11921700090169907 -0.2789284884929657
v 0.3798064887523651 -0.11297299712896347 -0.2748050093650818
v 0.44648900628089905 -0.11163549870252609 -0.14393949508666992
v 0.4532639980316162 -0.11785899847745895 -0.1460770070552826
v 0.4532639980316162 -0.11785899847745895 -0.1460770070552826
v 0.3855695128440857 -0.11921700090169907 -0.2789284884929657
v 0.3798064887523651 -0.11297299712896347 -0.2748050093650818
v 0.44648900628089905 -0.11163549870252609 -0.14393949508666992
v 0.4694660007953644 -0.1101519986987114 0.0011261350009590387
v 0.47658950090408325 -0.11635349690914154 0.0011895300121977925
v 0.47658950090408325 -0.11635349690914154 0.0011895300121977925
v 0.4532639980316162 -0.11785899847745895 -0.1460770070552826
v 0.44648900628089905 -0.11163549870252609 -0.14393949508666992
v 0.2801325023174286 -0.12029500305652618 -0.3843595087528229
v 0.14727449417114258 -0.12098699808120728 -0.45205050706863403
v 0.14507299661636353 -0.11471650004386902 -0.44533950090408325
v 0.14507299661636353 -0.11471650004386902 -0.44533950090408325
v 0.2759455144405365 -0.11403500288724899 -0.3786599934101105
v 0.2801325023174286 -0.12029500305652618 -0.3843595087528229
v 0.14727449417114258 -0.12098699808120728 -0.45205050706863403
v 0 -0.1212254986166954 -0.4753749966621399
v 0 -0.11495149880647659 -0.4683155119419098
v 0 -0.11495149880647659 -0.4683155119419098
v 0.14507299661636353 -0.11471650004386902 -0.44533950090408325
v 0.14727449417114258 -0.12098699808120728 -0.45205050706863403
v 0 -0.1212254986166954 -0.4753749966621399
v -0.14727449417114258 -0.12098699808120728 -0.45205050706863403
v -0.14507299661636353 -0.11471650004386902 -0.44533950090408325
v -0.14507299661636353 -0.11471650004386902 -0.44533950090408325
v 0 -0.11495149880647659 -0.4683155119419098
v 0 -0.1212254986166954 -0.4753749966621399
v -0.14727449417114258 -0.12098699808120728 -0.45205050706863403
v -0.2801325023174286 -0.12029500305652618 -0.3843595087528229
v -0.2759455144405365 -0.11403500288724899 -0.3786599934101105
v -0.2759455144405365 -0.11403500288724899 -0.3786599934101105
v -0.14507299661636353 -0.11471650004386902 -0.44533950090408325
v -0.14727449417114258 -0.12098699808120728 -0.45205050706863403
v -0.2801325023174286 -0.12029500305652618 -0.3843595087528229
v -0.3855690062046051 -0.11921700090169907 -0.2789280116558075
v -0.3798060119152069 -0.11297299712896347 -0.2748045027256012
v -0.3798060119152069 -0.11297299712896347 -0.2748045027256012
v -0.2759455144405365 -0.11403500288724899 -0.3786599934101105
v -0.2801325023174286 -0.12029500305652618 -0.3843595087528229
v -0.3855690062046051 -0.11921700090169907 -0.2789280116558075
v -0.4532634913921356 -0.11785899847745895 -0.1460770070552826
v -0.44648900628089905 -0.11163549870252609 -0.14393949508666992
v -0.44648900628089905 -0.11163549870252609 -0.14393949508666992
v -0.3798060119152069 -0.11297299712896347 -0.2748045027256012
v -0.3855690062046051 -0.11921700090169907 -0.2789280116558075
v -0.4532634913921356 -0.11785899847745895 -0.1460770070552826
v -0.47658950090408325 -0.11635349690914154 0.0011895300121977925
v -0.4694660007953644 -0.1101519986987114 0.0011261350009590387
v -0.4694660007953644 -0.1101519986987114 0.0011261350009590387
v -0.44648900628089905 -0.11163549870252609 -0.14393949508666992
v -0.4532634913921356 -0.11785899847745895 -0.1460770070552826
v -0.47658950090408325 -0.11635349690914154 0.0011895300121977925
v -0.4532634913921356 -0.11484800279140472 0.14845649898052216
v -0.44648900628089905 -0.10866899788379669 0.14619149267673492
v -0.44648900628089905 -0.10866899788379669 0.14619149267673492
v -0.4694660007953644 -0.1101519986987114 0.0011261350009590387
v -0.47658950090408325 -0.11635349690914154 0.0011895300121977925
v -0.4532634913921356 -0.11484800279140472 0.14845649898052216
v -0.3855690062046051 -0.11348950117826462 0.28130748867988586
v -0.3798060119152069 -0.10733149945735931 0.2770569920539856
v -0.3798060119152069 -0.10733149945735931 0.2770569920539856
v -0.44648900628089905 -0.10866899788379669 0.14619149267673492
v -0.4532634913921356 -0.11484800279140472 0.14845649898052216
v -0.3855690062046051 -0.11348950117826462 0.28130748867988586
v -0.2801325023174286 -0.1124119982123375 0.38673850893974304
v -0.2759450078010559 -0.10626950114965439 0.38091251254081726
v -0.2759450078010559 -0.10626950114965439 0.38091251254081726
v -0.3798060119152069 -0.10733149945735931 0.2770569920539856
v -0.3855690062046051 -0.11348950117826462 0.28130748867988586
v -0.2801325023174286 -0.1124119982123375 0.38673850893974304
v -0.14727449417114258 -0.1117200031876564 0.4544295072555542
v -0.14507299661636353 -0.10558799654245377 0.44759199023246765
v -0.14507299661636353 -0.10558799654245377 0.44759199023246765
v -0.2759450078010559 -0.10626950114965439 0.38091251254081726
v -0.2801325023174286 -0.1124119982123375 0.38673850893974304
v -0.14727449417114258 -0.1117200031876564 0.4544295072555542
v 0 -0.11148150265216827 0.47775399684906006
v 0 -0.10535299777984619 0.4705674946308136
v 0 -0.10535299777984619 0.4705674946308136
v -0.14507299661636353 -0.10558799654245377 0.44759199023246765
v -0.14727449417114258 -0.1117200031876564 0.4544295072555542
v 0 -0.11148150265216827 0.47775399684906006
v 0.14727449417114258 -0.1117200031876564 0.4544295072555542
v 0.14507299661636353 -0.10558799654245377 0.44759199023246765
v 0.14507299661636353 -0.10558799654245377 0.44759199023246765
v 0 -0.10535299777984619 0.4705674946308136
v 0 -0.11148150265216827 0.47775399684906006
v 0.14727449417114258 -0.1117200031876564 0.4544295072555542
v 0.2801325023174286 -0.1124119982123375 0.38673850893974304
v 0.2759455144405365 -0.10626950114965439 0.38091251254081726
v 0.2759455144405365 -0.10626950114965439 0.38091251254081726
v 0.14507299661636353 -0.10558799654245377 0.44759199023246765
v 0.14727449417114258 -0.1117200031876564 0.4544295072555542
v 0.2801325023174286 -0.1124119982123375 0.38673850893974304
v 0.3855690062046051 -0.11348950117826462 0.28130748867988586
v 0.3798060119152069 -0.10733149945735931 0.2770569920539856
v 0.3798060119152069 -0.10733149945735931 0.2770569920539856
v 0.2759455144405365 -0.10626950114965439 0.38091251254081726
v 0.2801325023174286 -0.1124119982123375 0.38673850893974304
v 0.3855690062046051 -0.11348950117826462 0.28130748867988586
v 0.4532634913921356 -0.11484800279140472 0.14845649898052216
v 0.44648900628089905 -0.10866899788379669 0.14619149267673492
v 0.44648900628089905 -0.10866899788379669 0.14619149267673492
v 0.3798060119152069 -0.10733149945735931 0.2770569920539856
v 0.3855690062046051 -0.11348950117826462 0.28130748867988586
v 0.4532634913921356 -0.11484800279140472 0.14845649898052216
v 0.47658950090408325 -0.11635349690914154 0.0011895300121977925
v 0.4694660007953644 -0.1101519986987114 0.0011261350009590387
v 0.4694660007953644 -0.1101519986987114 0.0011261350009590387
v 0.44648900628089905 -0.10866899788379669 0.14619149267673492
v 0.4532634913921356 -0.11484800279140472 0.14845649898052216
v 0.28090450167655945 0.06136700138449669 -0.20472750067710876
v 0.2040890008211136 0.060581501573324203 -0.2815384864807129
v 0.2000965029001236 0.06693150103092194 -0.2761079967021942
v 0.2000965029001236 0.06693150103092194 -0.2761079967021942
v 0.2754094898700714 0.06770150363445282 -0.20079949498176575
v 0.28090450167655945 0.06136700138449669 -0.20472750067710876
v 0.2754094898700714 0.06770150363445282 -0.20079949498176575
v 0.32376348972320557 0.06867150217294693 -0.10590449720621109
v 0.3302229940891266 0.06235650181770325 -0.10793899744749069
v 0.3302229940891266 0.06235650181770325 -0.10793899744749069
v 0.28090450167655945 0.06136700138449669 -0.20472750067710876
v 0.2754094898700714 0.06770150363445282 -0.20079949498176575
v 0.32376348972320557 0.06867150217294693 -0.10590449720621109
v 0.3404250144958496 0.06974700093269348 -0.0007130500162020326
v 0.34721699357032776 0.06345299631357193 -0.0006487100035883486
v 0.34721699357032776 0.06345299631357193 -0.0006487100035883486
v 0.3302229940891266 0.06235650181770325 -0.10793899744749069
v 0.32376348972320557 0.06867150217294693 -0.10590449720621109
v 0.2040890008211136 0.060581501573324203 -0.2815384864807129
v 0.10729599744081497 0.060077499598264694 -0.33085450530052185
v 0.1051969975233078 0.0664369985461235 -0.3244589865207672
v 0.1051969975233078 0.0664369985461235 -0.3244589865207672
v 0.2000965029001236 0.06693150103092194 -0.2761079967021942
v 0.2040890008211136 0.060581501573324203 -0.2815384864807129
v 0.10729599744081497 0.060077499598264694 -0.33085450530052185
v 0 0.059903498739004135 -0.34784749150276184
v 0 0.0662664994597435 -0.34112000465393066
v 0 0.0662664994597435 -0.34112000465393066
v 0.1051969975233078 0.0664369985461235 -0.3244589865207672
v 0.10729599744081497 0.060077499598264694 -0.33085450530052185
v 0 0.059903498739004135 -0.34784749150276184
v -0.10729599744081497 0.060077499598264694 -0.33085450530052185
v -0.1051969975233078 0.0664369985461235 -0.3244589865207672
v -0.1051969975233078 0.0664369985461235 -0.3244589865207672
v 0 0.0662664994597435 -0.34112000465393066
v 0 0.059903498739004135 -0.34784749150276184
v -0.10729599744081497 0.060077499598264694 -0.33085450530052185
v -0.2040890008211136 0.060581501573324203 -0.2815384864807129
v -0.2000965029001236 0.06693150103092194 -0.2761079967021942
v -0.2000965029001236 0.06693150103092194 -0.2761079967021942
v -0.1051969975233078 0.0664369985461235 -0.3244589865207672
v -0.10729599744081497 0.060077499598264694 -0.33085450530052185
v -0.2040890008211136 0.060581501573324203 -0.2815384864807129
v -0.28090450167655945 0.06136700138449669 -0.20472699403762817
v -0.2754094898700714 0.06770150363445282 -0.20079900324344635
v -0.2754094898700714 0.06770150363445282 -0.20079900324344635
v -0.2000965029001236 0.06693150103092194 -0.2761079967021942
v -0.2040890008211136 0.060581501573324203 -0.2815384864807129
v -0.28090450167655945 0.06136700138449669 -0.20472699403762817
v -0.3302229940891266 0.06235650181770325 -0.10793899744749069
v -0.32376301288604736 0.06867150217294693 -0.10590449720621109
v -0.32376301288604736 0.06867150217294693 -0.10590449720621109
v -0.2754094898700714 0.06770150363445282 -0.20079900324344635
v -0.28090450167655945 0.06136700138449669 -0.20472699403762817
v -0.3302229940891266 0.06235650181770325 -0.10793899744749069
v -0.34721699357032776 0.06345299631357193 -0.0006487100035883486
v -0.340424507856369 0.06974700093269348 -0.0007130500162020326
v -0.340424507856369 0.06974700093269348 -0.0007130500162020326
v -0.32376301288604736 0.06867150217294693 -0.10590449720621109
v -0.3302229940891266 0.06235650181770325 -0.10793899744749069
v -0.34721699357032776 0.06345299631357193 -0.0006487100035883486
v -0.3302229940891266 0.0645499974489212 0.1066415011882782
v -0.32376301288604736 0.07082249969244003 0.10447850078344345
v -0.32376301288604736 0.07082249969244003 0.10447850078344345
v -0.340424507856369 0.06974700093269348 -0.0007130500162020326
v -0.34721699357032776 0.06345299631357193 -0.0006487100035883486
v -0.3302229940891266 0.0645499974489212 0.1066415011882782
v -0.28090450167655945 0.06553950160741806 0.20342950522899628
v -0.2754094898700714 0.07179249823093414 0.1993730068206787
v -0.2754094898700714 0.07179249823093414 0.1993730068206787
v -0.32376301288604736 0.07082249969244003 0.10447850078344345
v -0.3302229940891266 0.0645499974489212 0.1066415011882782
v -0.28090450167655945 0.06553950160741806 0.20342950522899628
v -0.2040890008211136 0.06632500141859055 0.2802410125732422
v -0.2000965029001236 0.07256250083446503 0.2746819853782654
v -0.2000965029001236 0.07256250083446503 0.2746819853782654
v -0.2754094898700714 0.07179249823093414 0.1993730068206787
v -0.28090450167655945 0.06553950160741806 0.20342950522899628
v -0.2040890008211136 0.06632500141859055 0.2802410125732422
v -0.10729599744081497 0.06682900339365005 0.32955700159072876
v -0.1051969975233078 0.07305649667978287 0.32303300499916077
v -0.1051969975233078 0.07305649667978287 0.32303300499916077
v -0.2000965029001236 0.07256250083446503 0.2746819853782654
v -0.2040890008211136 0.06632500141859055 0.2802410125732422
v -0.10729599744081497 0.06682900339365005 0.32955700159072876
v 0 0.06700249761343002 0.34654998779296875
v 0 0.07322700321674347 0.33969348669052124
v 0 0.07322700321674347 0.33969348669052124
v -0.1051969975233078 0.07305649667978287 0.32303300499916077
v -0.10729599744081497 0.06682900339365005 0.32955700159072876
v 0 0.06700249761343002 0.34654998779296875
v 0.10729599744081497 0.06682900339365005 0.32955700159072876
v 0.1051969975233078 0.07305649667978287 0.32303300499916077
v 0.1051969975233078 0.07305649667978287 0.32303300499916077
v 0 0.07322700321674347 0.33969348669052124
v 0 0.06700249761343002 0.34654998779296875
v 0.10729599744081497 0.06682900339365005 0.32955700159072876
v 0.2040890008211136 0.06632500141859055 0.2802410125732422
v 0.2000965029001236 0.07256250083446503 0.2746819853782654
v 0.2000965029001236 0.07256250083446503 0.2746819853782654
v 0.1051969975233078 0.07305649667978287 0.32303300499916077
v 0.10729599744081497 0.06682900339365005 0.32955700159072876
v 0.2040890008211136 0.06632500141859055 0.2802410125732422
v 0.28090450167655945 0.06553950160741806 0.20342950522899628
v 0.2754094898700714 0.07179249823093414 0.1993730068206787
v 0.2754094898700714 0.07179249823093414 0.1993730068206787
v 0.2000965029001236 0.07256250083446503 0.2746819853782654
v 0.2040890008211136 0.06632500141859055 0.2802410125732422
v 0.28090450167655945 0.06553950160741806 0.20342950522899628
v 0.3302229940891266 0.0645499974489212 0.1066415011882782
v 0.32376301288604736 0.07082249969244003 0.10447850078344345
v 0.32376301288604736 0.07082249969244003 0.10447850078344345
v 0.2754094898700714 0.07179249823093414 0.1993730068206787
v 0.28090450167655945 0.06553950160741806 0.20342950522899628
v 0.3302229940891266 0.0645499974489212 0.1066415011882782
v 0.34721699357032776 0.06345299631357193 -0.0006487100035883486
v 0.3404250144958496 0.06974700093269348 -0.0007130500162020326
v 0.3404250144958496 0.06974700093269348 -0.0007130500162020326
v 0.32376301288604736 0.07082249969244003 0.10447850078344345
v 0.3302229940891266 0.0645499974489212 0.1066415011882782
v 0.19583900272846222 0.2165520042181015 -0.14450649917125702
v 0.14228500425815582 0.21600450575351715 -0.19805699586868286
v 0.13854800164699554 0.2224459946155548 -0.19282299280166626
v 0.13854800164699554 0.2224459946155548 -0.19282299280166626
v 0.19080249965190887 0.22301450371742249 -0.14081449806690216
v 0.19583900272846222 0.2165520042181015 -0.14450649917125702
v 0.19080249965190887 0.22301450371742249 -0.14081449806690216
v 0.22421300411224365 0.22368000447750092 -0.07514149695634842
v 0.23022249341011047 0.21724200248718262 -0.07702849805355072
v 0.23022249341011047 0.21724200248718262 -0.07702849805355072
v 0.19583900272846222 0.2165520042181015 -0.14450649917125702
v 0.19080249965190887 0.22301450371742249 -0.14081449806690216
v 0.22421300411224365 0.22368000447750092 -0.07514149695634842
v 0.23575100302696228 0.22442500293254852 -0.002294389996677637
v 0.2420700043439865 0.21800650656223297 -0.0022287750616669655
v 0.2420700043439865 0.21800650656223297 -0.0022287750616669655
v 0.23022249341011047 0.21724200248718262 -0.07702849805355072
v 0.22421300411224365 0.22368000447750092 -0.07514149695634842
v 0.14228500425815582 0.21600450575351715 -0.19805699586868286
v 0.07480400055646896 0.21565300226211548 -0.23243850469589233
v 0.07281100004911423 0.22211000323295593 -0.22637100517749786
v 0.07281100004911423 0.22211000323295593 -0.22637100517749786
v 0.13854800164699554 0.2224459946155548 -0.19282299280166626
v 0.14228500425815582 0.21600450575351715 -0.19805699586868286
v 0.07480400055646896 0.21565300226211548 -0.23243850469589233
v 0 0.21553200483322144 -0.24428600072860718
v 0 0.22199200093746185 -0.23790299892425537
v 0 0.22199200093746185 -0.23790299892425537
v 0.07281100004911423 0.22211000323295593 -0.22637100517749786
v 0.07480400055646896 0.21565300226211548 -0.23243850469589233
v 0 0.21553200483322144 -0.24428600072860718
v -0.07480350136756897 0.21565300226211548 -0.23243850469589233
v -0.07281100004911423 0.22211000323295593 -0.22637100517749786
v -0.07281100004911423 0.22211000323295593 -0.22637100517749786
v 0 0.22199200093746185 -0.23790299892425537
v 0 0.21553200483322144 -0.24428600072860718
v -0.07480350136756897 0.21565300226211548 -0.23243850469589233
v -0.14228500425815582 0.21600450575351715 -0.19805699586868286
v -0.13849450647830963 0.22245199978351593 -0.192904993891716
v -0.13849450647830963 0.22245199978351593 -0.192904993891716
v -0.07281100004911423 0.22211000323295593 -0.22637100517749786
v -0.07480350136756897 0.21565300226211548 -0.23243850469589233
v -0.14228500425815582 0.21600450575351715 -0.19805699586868286
v -0.19583849608898163 0.2165520042181015 -0.14450649917125702
v -0.1906210035085678 0.22298499941825867 -0.14078150689601898
v -0.1906210035085678 0.22298499941825867 -0.14078150689601898
v -0.13849450647830963 0.22245199978351593 -0.192904993891716
v -0.14228500425815582 0.21600450575351715 -0.19805699586868286
v -0.19583849608898163 0.2165520042181015 -0.14450649917125702
v -0.23022200167179108 0.21724200248718262 -0.07702849805355072
v -0.22408850491046906 0.22365650534629822 -0.07510100305080414
v -0.22408850491046906 0.22365650534629822 -0.07510100305080414
v -0.1906210035085678 0.22298499941825867 -0.14078150689601898
v -0.19583849608898163 0.2165520042181015 -0.14450649917125702
v -0.23022200167179108 0.21724200248718262 -0.07702849805355072
v -0.2420700043439865 0.21800650656223297 -0.0022287750616669655
v -0.23562049865722656 0.22440099716186523 -0.0022941450588405132
v -0.23562049865722656 0.22440099716186523 -0.0022941450588405132
v -0.22408850491046906 0.22365650534629822 -0.07510100305080414
v -0.23022200167179108 0.21724200248718262 -0.07702849805355072
v -0.2420700043439865 0.21800650656223297 -0.0022287750616669655
v -0.23022200167179108 0.21877150237560272 0.07257100194692612
v -0.22408850491046906 0.22514499723911285 0.07051300257444382
v -0.22408850491046906 0.22514499723911285 0.07051300257444382
v -0.23562049865722656 0.22440099716186523 -0.0022941450588405132
v -0.2420700043439865 0.21800650656223297 -0.0022287750616669655
v -0.23022200167179108 0.21877150237560272 0.07257100194692612
v -0.19583849608898163 0.21946050226688385 0.14004899561405182
v -0.1906210035085678 0.2258165031671524 0.13619300723075867
v -0.1906210035085678 0.2258165031671524 0.13619300723075867
v -0.22408850491046906 0.22514499723911285 0.07051300257444382
v -0.23022200167179108 0.21877150237560272 0.07257100194692612
v -0.19583849608898163 0.21946050226688385 0.14004899561405182
v -0.14228500425815582 0.2200080007314682 0.19359999895095825
v -0.13849450647830963 0.22634950280189514 0.18831700086593628
v -0.13849450647830963 0.22634950280189514 0.18831700086593628
v -0.1906210035085678 0.2258165031671524 0.13619300723075867
v -0.19583849608898163 0.21946050226688385 0.14004899561405182
v -0.14228500425815582 0.2200080007314682 0.19359999895095825
v -0.07480350136756897 0.22035999596118927 0.22798100113868713
v -0.07281050086021423 0.22669149935245514 0.22178299725055695
v -0.07281050086021423 0.22669149935245514 0.22178299725055695
v -0.13849450647830963 0.22634950280189514 0.18831700086593628
v -0.14228500425815582 0.2200080007314682 0.19359999895095825
v -0.07480350136756897 0.22035999596118927 0.22798100113868713
v 0 0.2204809933900833 0.23982849717140198
v 0 0.22680950164794922 0.23331449925899506
v 0 0.22680950164794922 0.23331449925899506
v -0.07281050086021423 0.22669149935245514 0.22178299725055695
v -0.07480350136756897 0.22035999596118927 0.22798100113868713
v 0 0.2204809933900833 0.23982849717140198
v 0.07480350136756897 0.22035999596118927 0.22798100113868713
v 0.07281100004911423 0.22669149935245514 0.22178250551223755
v 0.07281100004911423 0.22669149935245514 0.22178250551223755
v 0 0.22680950164794922 0.23331449925899506
v 0 0.2204809933900833 0.23982849717140198
v 0.07480350136756897 0.22035999596118927 0.22798100113868713
v 0.14228500425815582 0.2200080007314682 0.19359999895095825
v 0.13854800164699554 0.22634150087833405 0.18823550641536713
v 0.13854800164699554 0.22634150087833405 0.18823550641536713
v 0.07281100004911423 0.22669149935245514 0.22178250551223755
v 0.07480350136756897 0.22035999596118927 0.22798100113868713
v 0.14228500425815582 0.2200080007314682 0.19359999895095825
v 0.19583849608898163 0.21946099400520325 0.14004899561405182
v 0.19080249965190887 0.2258470058441162 0.13622599840164185
v 0.19080249965190887 0.2258470058441162 0.13622599840164185
v 0.13854800164699554 0.22634150087833405 0.18823550641536713
v 0.14228500425815582 0.2200080007314682 0.19359999895095825
v 0.19583849608898163 0.21946099400520325 0.14004899561405182
v 0.23022200167179108 0.21877150237560272 0.07257100194692612
v 0.22421249747276306 0.22516949474811554 0.0705529972910881
v 0.22421249747276306 0.22516949474811554 0.0705529972910881
v 0.19080249965190887 0.2258470058441162 0.13622599840164185
v 0.19583849608898163 0.21946099400520325 0.14004899561405182
v 0.23022200167179108 0.21877150237560272 0.07257100194692612
v 0.2420700043439865 0.21800650656223297 -0.0022287750616669655
v 0.23575100302696228 0.22442500293254852 -0.002294389996677637
v 0.23575100302696228 0.22442500293254852 -0.002294389996677637
v 0.22421249747276306 0.22516949474811554 0.0705529972910881
v 0.23022200167179108 0.21877150237560272 0.07257100194692612

vn 0.8533629775047302 0.2831389904022217 -0.4377270042896271
vn 0.8533629775047302 0.2831389904022217 -0.4377270042896271
vn 0.8533629775047302 0.2831380069255829 -0.4377270042896271
vn 0.8533629775047302 0.2831380069255829 -0.4377270042896271
vn 0.8533639907836914 0.2831369936466217 -0.4377250075340271
vn 0.8533629775047302 0.2831389904022217 -0.4377270042896271
vn 0.6772310137748718 0.2806600034236908 -0.6801379919052124
vn 0.6772310137748718 0.2806600034236908 -0.6801379919052124
vn 0.8533629775047302 0.2831389904022217 -0.4377270042896271
vn 0.8533629775047302 0.2831389904022217 -0.4377270042896271
vn 0.8533629775047302 0.2831389904022217 -0.4377270042896271
vn 0.6772310137748718 0.2806600034236908 -0.6801379919052124
vn 0.4348120093345642 0.2788589894771576 -0.8562570214271545
vn 0.4348120093345642 0.2788589894771576 -0.8562570214271545
vn 0.6772310137748718 0.2806600034236908 -0.6801379919052124
vn 0.6772310137748718 0.2806600034236908 -0.6801379919052124
vn 0.6772310137748718 0.2806600034236908 -0.6801379919052124
vn 0.4348120093345642 0.2788589894771576 -0.8562570214271545
vn 0.14982199668884277 0.27791398763656616 -0.9488499760627747
vn 0.14982199668884277 0.27791398763656616 -0.9488499760627747
vn 0.4348120093345642 0.2788589894771576 -0.8562570214271545
vn 0.4348120093345642 0.2788589894771576 -0.8562570214271545
vn 0.4348120093345642 0.2788589894771576 -0.8562570214271545
vn 0.14982199668884277 0.27791398763656616 -0.9488499760627747
vn -0.14982199668884277 0.2779119908809662 -0.9488509893417358
vn -0.14982199668884277 0.2779119908809662 -0.9488509893417358
vn 0.14982199668884277 0.27791398763656616 -0.9488499760627747
vn 0.14982199668884277 0.27791398763656616 -0.9488499760627747
vn 0.14982199668884277 0.27791398763656616 -0.9488499760627747
vn -0.14982199668884277 0.2779119908809662 -0.9488509893417358
vn -0.4348120093345642 0.2788600027561188 -0.8562570214271545
vn -0.4348120093345642 0.2788600027561188 -0.8562570214271545
vn -0.14982199668884277 0.2779119908809662 -0.9488509893417358
vn -0.14982199668884277 0.2779119908809662 -0.9488509893417358
vn -0.14982199668884277 0.2779119908809662 -0.9488509893417358
vn -0.4348120093345642 0.2788600027561188 -0.8562570214271545
vn -0.6772329807281494 0.2806609869003296 -0.6801350116729736
vn -0.6772329807281494 0.2806609869003296 -0.6801350116729736
vn -0.4348120093345642 0.2788600027561188 -0.8562570214271545
vn -0.4348120093345642 0.2788600027561188 -0.8562570214271545
vn -0.4348120093345642 0.2788600027561188 -0.8562570214271545
vn -0.6772329807281494 0.2806609869003296 -0.6801350116729736
vn -0.8533620238304138 0.2831380069255829 -0.43772798776626587
vn -0.8533620238304138 0.2831380069255829 -0.43772798776626587
vn -0.6772329807281494 0.2806609869003296 -0.6801350116729736
vn -0.6772329807281494 0.2806609869003296 -0.6801350116729736
vn -0.6772329807281494 0.2806609869003296 -0.6801350116729736
vn -0.8533620238304138 0.2831380069255829 -0.43772798776626587
vn -0.9459589719772339 0.28605300188064575 -0.15275700390338898
vn -0.9459589719772339 0.28605300188064575 -0.15275700390338898
vn -0.8533620238304138 0.2831380069255829 -0.43772798776626587
vn -0.8533620238304138 0.2831380069255829 -0.43772798776626587
vn -0.8533620238304138 0.2831380069255829 -0.43772798776626587
vn -0.9459589719772339 0.28605300188064575 -0.15275700390338898
vn -0.9459589719772339 0.2891170084476471 0.1468770056962967
vn -0.9459589719772339 0.2891170084476471 0.1468770056962967
vn -0.9459589719772339 0.28605300188064575 -0.15275700390338898
vn -0.9459589719772339 0.28605300188064575 -0.15275700390338898
vn -0.9459589719772339 0.28605300188064575 -0.15275700390338898
vn -0.9459589719772339 0.2891170084476471 0.1468770056962967
vn -0.8533629775047302 0.29202800989151 0.4318470060825348
vn -0.8533629775047302 0.29202800989151 0.4318470060825348
vn -0.9459589719772339 0.2891170084476471 0.1468770056962967
vn -0.9459589719772339 0.2891170084476471 0.1468770056962967
vn -0.9459589719772339 0.2891170084476471 0.1468770056962967
vn -0.8533629775047302 0.29202800989151 0.4318470060825348
vn -0.677232027053833 0.2945069968700409 0.6742569804191589
vn -0.677232027053833 0.2945069968700409 0.6742569804191589
vn -0.8533629775047302 0.29202800989151 0.4318470060825348
vn -0.8533629775047302 0.29202800989151 0.4318470060825348
vn -0.8533629775047302 0.29202800989151 0.4318470060825348
vn -0.677232027053833 0.2945069968700409 0.6742569804191589
vn -0.43480899930000305 0.2963089942932129 0.8503779768943787
vn -0.43480899930000305 0.2963089942932129 0.8503779768943787
vn -0.677232027053833 0.2945069968700409 0.6742569804191589
vn -0.677232027053833 0.2945069968700409 0.6742569804191589
vn -0.677232027053833 0.2945069968700409 0.6742569804191589
vn -0.43480899930000305 0.2963089942932129 0.8503779768943787
vn -0.14982500672340393 0.2972550094127655 0.9429699778556824
vn -0.14982500672340393 0.2972550094127655 0.9429699778556824
vn -0.43480899930000305 0.2963089942932129 0.8503779768943787
vn -0.43480899930000305 0.2963089942932129 0.8503779768943787
vn -0.43480899930000305 0.2963089942932129 0.8503779768943787
vn -0.14982500672340393 0.2972550094127655 0.9429699778556824
vn 0.14982500672340393 0.2972559928894043 0.9429699778556824
vn 0.14982500672340393 0.2972559928894043 0.9429699778556824
vn -0.14982500672340393 0.2972550094127655 0.9429699778556824
vn -0.14982500672340393 0.2972550094127655 0.9429699778556824
vn -0.14982500672340393 0.2972550094127655 0.9429699778556824
vn 0.14982500672340393 0.2972559928894043 0.9429699778556824
vn 0.43481001257896423 0.2963060140609741 0.8503789901733398
vn 0.43481001257896423 0.2963060140609741 0.8503789901733398
vn 0.14982500672340393 0.2972559928894043 0.9429699778556824
vn 0.14982500672340393 0.2972559928894043 0.9429699778556824
vn 0.14982500672340393 0.2972559928894043 0.9429699778556824
vn 0.43481001257896423 0.2963060140609741 0.8503789901733398
vn 0.677232027053833 0.2945069968700409 0.6742569804191589
vn 0.677232027053833 0.2945069968700409 0.6742569804191589
vn 0.43481001257896423 0.2963060140609741 0.8503789901733398
vn 0.43481001257896423 0.2963060140609741 0.8503789901733398
vn 0.43481001257896423 0.2963060140609741 0.8503789901733398
vn 0.677232027053833 0.2945069968700409 0.6742569804191589
vn 0.8533629775047302 0.29202800989151 0.4318470060825348
vn 0.8533629775047302 0.29202800989151 0.4318470060825348
vn 0.677232027053833 0.2945069968700409 0.6742569804191589
vn 0.677232027053833 0.2945069968700409 0.6742569804191589
vn 0.677232027053833 0.2945069968700409 0.6742569804191589
vn 0.8533629775047302 0.29202800989151 0.4318470060825348
vn 0.9459589719772339 0.2891170084476471 0.1468770056962967
vn 0.9459589719772339 0.2891170084476471 0.1468770056962967
vn 0.8533629775047302 0.29202800989151 0.4318470060825348
vn 0.8533629775047302 0.29202800989151 0.4318470060825348
vn 0.8533629775047302 0.29202800989151 0.4318470060825348
vn 0.9459589719772339 0.2891170084476471 0.1468770056962967
vn 0.8533639907836914 0.2831369936466217 -0.4377250075340271
vn 0.8533629775047302 0.2831380069255829 -0.4377270042896271
vn 0.9459589719772339 0.2891170084476471 0.1468770056962967
vn 0.9459589719772339 0.2891170084476471 0.1468770056962967
vn 0.9459589719772339 0.2891170084476471 0.1468770056962967
vn 0.8533639907836914 0.2831369936466217 -0.4377250075340271
vn 0 0.9999480247497559 -0.010222800076007843
vn 0 0.9999480247497559 -0.010222800076007843
vn 0 0.9999480247497559 -0.010222800076007843
vn 0 0.9999480247497559 -0.010222800076007843
vn 0 0.9999480247497559 -0.010222800076007843
vn 0 0.9999480247497559 -0.010222800076007843
vn 0 0.9999480247497559 -0.010222800076007843
vn -1.989809987890112e-7 0.9999480247497559 -0.010223000310361385
vn 0 0.9999480247497559 -0.010222800076007843
vn -1.989809987890112e-7 0.9999480247497559 -0.010223000310361385
vn 0 0.9999480247497559 -0.010222899727523327
vn 0 0.9999480247497559 -0.010222800076007843
vn 0 0.9999480247497559 -0.010222899727523327
vn 0 0.9999480247497559 -0.010222899727523327
vn 0 0.9999480247497559 -0.010222800076007843
vn 0 0.9999480247497559 -0.010222899727523327
vn 0 0.9999480247497559 -0.010223000310361385
vn 0 0.9999480247497559 -0.010222800076007843
vn 0 0.9999480247497559 -0.010223000310361385
vn 0 0.9999480247497559 -0.010222899727523327
vn 0 0.9999480247497559 -0.010222800076007843
vn 0 0.9999480247497559 -0.010222899727523327
vn -1.367619972825196e-7 0.9999480247497559 -0.01022270042449236
vn 0 0.9999480247497559 -0.010222800076007843
vn -1.367619972825196e-7 0.9999480247497559 -0.01022270042449236
vn 0 0.9999480247497559 -0.01022309996187687
vn 0 0.9999480247497559 -0.010222800076007843
vn 0 0.9999480247497559 -0.01022309996187687
vn 0 0.9999480247497559 -0.010223000310361385
vn 0 0.9999480247497559 -0.010222800076007843
vn 0 0.9999480247497559 -0.010223000310361385
vn 0 0.9999480247497559 -0.010222800076007843
vn 0 0.9999480247497559 -0.010222800076007843
vn 0 0.9999480247497559 -0.010222800076007843
vn 0 0.9999480247497559 -0.010222899727523327
vn 0 0.9999480247497559 -0.010222800076007843
vn 0 0.9999480247497559 -0.010222899727523327
vn 0 0.9999480247497559 -0.010222899727523327
vn 0 0.9999480247497559 -0.010222800076007843
vn 0 0.9999480247497559 -0.010222899727523327
vn 0 0.9999480247497559 -0.010222899727523327
vn 0 0.9999480247497559 -0.010222800076007843
vn 0 0.9999480247497559 -0.010222899727523327
vn 0 0.9999480247497559 -0.010222899727523327
vn 0 0.9999480247497559 -0.010222800076007843
vn 0 0.9999480247497559 -0.010222899727523327
vn 1.19920997576628e-7 0.9999480247497559 -0.010222899727523327
vn 0 0.9999480247497559 -0.010222800076007843
vn 1.19920997576628e-7 0.9999480247497559 -0.010222899727523327
vn 0 0.9999480247497559 -0.010222800076007843
vn 0 0.9999480247497559 -0.010222800076007843
vn 0 0.9999480247497559 -0.010222800076007843
vn 0 0.9999480247497559 -0.010223000310361385
vn 0 0.9999480247497559 -0.010222800076007843
vn 0 0.9999480247497559 -0.010223000310361385
vn 0 0.9999480247497559 -0.010222800076007843
vn 0 0.9999480247497559 -0.010222800076007843
vn 0 0.9999480247497559 -0.010222800076007843
vn 0 0.9999480247497559 -0.010222800076007843
vn 0 0.9999480247497559 -0.010222800076007843
vn 0.0204716008156538 0.999576985836029 -0.02065039984881878
vn 0.0204716008156538 0.999576985836029 -0.02065039984881878
vn 0.0204716008156538 0.999576985836029 -0.02065039984881878
vn 0.0204716008156538 0.999576985836029 -0.02065039984881878
vn 0.020471500232815742 0.999576985836029 -0.02065039984881878
vn 0.0204716008156538 0.999576985836029 -0.02065039984881878
vn 0.016246100887656212 0.9995179772377014 -0.026465600356459618
vn 0.016246100887656212 0.9995179772377014 -0.026465600356459618
vn 0.0204716008156538 0.999576985836029 -0.02065039984881878
vn 0.0204716008156538 0.999576985836029 -0.02065039984881878
vn 0.0204716008156538 0.999576985836029 -0.02065039984881878
vn 0.016246100887656212 0.9995179772377014 -0.026465600356459618
vn 0.010430799797177315 0.9994750022888184 -0.030690599232912064
vn 0.010430799797177315 0.9994750022888184 -0.030690599232912064
vn 0.016246100887656212 0.9995179772377014 -0.026465600356459618
vn 0.016246100887656212 0.9995179772377014 -0.026465600356459618
vn 0.016246100887656212 0.9995179772377014 -0.026465600356459618
vn 0.010430799797177315 0.9994750022888184 -0.030690599232912064
vn 0.0035941600799560547 0.9994519948959351 -0.03291179984807968
vn 0.0035941600799560547 0.9994519948959351 -0.03291179984807968
vn 0.010430799797177315 0.9994750022888184 -0.030690599232912064
vn 0.010430799797177315 0.9994750022888184 -0.030690599232912064
vn 0.010430799797177315 0.9994750022888184 -0.030690599232912064
vn 0.0035941600799560547 0.9994519948959351 -0.03291179984807968
vn -0.0035941600799560547 0.9994519948959351 -0.03291179984807968
vn -0.0035941600799560547 0.9994519948959351 -0.03291179984807968
vn 0.0035941600799560547 0.9994519948959351 -0.03291179984807968
vn 0.0035941600799560547 0.9994519948959351 -0.03291179984807968
vn 0.0035941600799560547 0.9994519948959351 -0.03291179984807968
vn -0.0035941600799560547 0.9994519948959351 -0.03291179984807968
vn -0.010430700145661831 0.9994750022888184 -0.030690599232912064
vn -0.010430700145661831 0.9994750022888184 -0.030690599232912064
vn -0.0035941600799560547 0.9994519948959351 -0.03291179984807968
vn -0.0035941600799560547 0.9994519948959351 -0.03291179984807968
vn -0.0035941600799560547 0.9994519948959351 -0.03291179984807968
vn -0.010430700145661831 0.9994750022888184 -0.030690599232912064
vn -0.01624630019068718 0.9995179772377014 -0.026465600356459618
vn -0.01624630019068718 0.9995179772377014 -0.026465600356459618
vn -0.010430700145661831 0.9994750022888184 -0.030690599232912064
vn -0.010430700145661831 0.9994750022888184 -0.030690599232912064
vn -0.010430700145661831 0.9994750022888184 -0.030690599232912064
vn -0.01624630019068718 0.9995179772377014 -0.026465600356459618
vn -0.020471500232815742 0.999576985836029 -0.02065029926598072
vn -0.020471500232815742 0.999576985836029 -0.02065029926598072
vn -0.01624630019068718 0.9995179772377014 -0.026465600356459618
vn -0.01624630019068718 0.9995179772377014 -0.026465600356459618
vn -0.01624630019068718 0.9995179772377014 -0.026465600356459618
vn -0.020471500232815742 0.999576985836029 -0.02065029926598072
vn -0.02269279956817627 0.9996470212936401 -0.013814199715852737
vn -0.02269279956817627 0.9996470212936401 -0.013814199715852737
vn -0.020471500232815742 0.999576985836029 -0.02065029926598072
vn -0.020471500232815742 0.999576985836029 -0.02065029926598072
vn -0.020471500232815742 0.999576985836029 -0.02065029926598072
vn -0.02269279956817627 0.9996470212936401 -0.013814199715852737
vn -0.02269270084798336 0.9997209906578064 -0.0066261799074709415
vn -0.02269270084798336 0.9997209906578064 -0.0066261799074709415
vn -0.02269279956817627 0.9996470212936401 -0.013814199715852737
vn -0.02269279956817627 0.9996470212936401 -0.013814199715852737
vn -0.02269279956817627 0.9996470212936401 -0.013814199715852737
vn -0.02269270084798336 0.9997209906578064 -0.0066261799074709415
vn -0.020471500232815742 0.9997900128364563 0.00020995900558773428
vn -0.020471500232815742 0.9997900128364563 0.00020995900558773428
vn -0.02269270084798336 0.9997209906578064 -0.0066261799074709415
vn -0.02269270084798336 0.9997209906578064 -0.0066261799074709415
vn -0.02269270084798336 0.9997209906578064 -0.0066261799074709415
vn -0.020471500232815742 0.9997900128364563 0.00020995900558773428
vn -0.01624630019068718 0.9998499751091003 0.006025279872119427
vn -0.01624630019068718 0.9998499751091003 0.006025279872119427
vn -0.020471500232815742 0.9997900128364563 0.00020995900558773428
vn -0.020471500232815742 0.9997900128364563 0.00020995900558773428
vn -0.020471500232815742 0.9997900128364563 0.00020995900558773428
vn -0.01624630019068718 0.9998499751091003 0.006025279872119427
vn -0.010430799797177315 0.9998930096626282 0.010250300168991089
vn -0.010430799797177315 0.9998930096626282 0.010250300168991089
vn -0.01624630019068718 0.9998499751091003 0.006025279872119427
vn -0.01624630019068718 0.9998499751091003 0.006025279872119427
vn -0.01624630019068718 0.9998499751091003 0.006025279872119427
vn -0.010430799797177315 0.9998930096626282 0.010250300168991089
vn -0.0035942199174314737 0.9999160170555115 0.012471400201320648
vn -0.0035942199174314737 0.9999160170555115 0.012471400201320648
vn -0.010430799797177315 0.9998930096626282 0.010250300168991089
vn -0.010430799797177315 0.9998930096626282 0.010250300168991089
vn -0.010430799797177315 0.9998930096626282 0.010250300168991089
vn -0.0035942199174314737 0.9999160170555115 0.012471400201320648
vn 0.0035942199174314737 0.9999160170555115 0.012471499852836132
vn 0.0035942199174314737 0.9999160170555115 0.012471499852836132
vn -0.0035942199174314737 0.9999160170555115 0.012471400201320648
vn -0.0035942199174314737 0.9999160170555115 0.012471400201320648
vn -0.0035942199174314737 0.9999160170555115 0.012471400201320648
vn 0.0035942199174314737 0.9999160170555115 0.012471499852836132
vn 0.010430799797177315 0.9998930096626282 0.010250300168991089
vn 0.010430799797177315 0.9998930096626282 0.010250300168991089
vn 0.0035942199174314737 0.9999160170555115 0.012471499852836132
vn 0.0035942199174314737 0.9999160170555115 0.012471499852836132
vn 0.0035942199174314737 0.9999160170555115 0.012471499852836132
vn 0.010430799797177315 0.9998930096626282 0.010250300168991089
vn 0.01624619960784912 0.9998499751091003 0.006025180220603943
vn 0.01624619960784912 0.9998499751091003 0.006025180220603943
vn 0.010430799797177315 0.9998930096626282 0.010250300168991089
vn 0.010430799797177315 0.9998930096626282 0.010250300168991089
vn 0.010430799797177315 0.9998930096626282 0.010250300168991089
vn 0.01624619960784912 0.9998499751091003 0.006025180220603943
vn 0.020471500232815742 0.9997900128364563 0.00020996299281250685
vn 0.020471500232815742 0.9997900128364563 0.00020996299281250685
vn 0.01624619960784912 0.9998499751091003 0.006025180220603943
vn 0.01624619960784912 0.9998499751091003 0.006025180220603943
vn 0.01624619960784912 0.9998499751091003 0.006025180220603943
vn 0.020471500232815742 0.9997900128364563 0.00020996299281250685
vn 0.02269279956817627 0.9997209906578064 -0.0066261799074709415
vn 0.02269279956817627 0.9997209906578064 -0.0066261799074709415
vn 0.020471500232815742 0.9997900128364563 0.00020996299281250685
vn 0.020471500232815742 0.9997900128364563 0.00020996299281250685
vn 0.020471500232815742 0.9997900128364563 0.00020996299281250685
vn 0.02269279956817627 0.9997209906578064 -0.0066261799074709415
vn 0.020471500232815742 0.999576985836029 -0.02065039984881878
vn 0.0204716008156538 0.999576985836029 -0.02065039984881878
vn 0.02269279956817627 0.9997209906578064 -0.0066261799074709415
vn 0.02269279956817627 0.9997209906578064 -0.0066261799074709415
vn 0.02269279956817627 0.9997209906578064 -0.0066261799074709415
vn 0.020471500232815742 0.999576985836029 -0.02065039984881878
vn 0.8619319796562195 0.24887299537658691 -0.4417420029640198
vn 0.8619319796562195 0.24887299537658691 -0.4417420029640198
vn 0.8619319796562195 0.24887299537658691 -0.4417420029640198
vn 0.8619319796562195 0.24887299537658691 -0.4417420029640198
vn 0.8619319796562195 0.24887299537658691 -0.4417409896850586
vn 0.8619319796562195 0.24887299537658691 -0.4417420029640198
vn 0.6840299963951111 0.24637100100517273 -0.6865890026092529
vn 0.6840299963951111 0.24637100100517273 -0.6865890026092529
vn 0.8619319796562195 0.24887299537658691 -0.4417420029640198
vn 0.8619319796562195 0.24887299537658691 -0.4417420029640198
vn 0.8619319796562195 0.24887299537658691 -0.4417420029640198
vn 0.6840299963951111 0.24637100100517273 -0.6865890026092529
vn 0.439179003238678 0.2445490062236786 -0.8644750118255615
vn 0.439179003238678 0.2445490062236786 -0.8644750118255615
vn 0.6840299963951111 0.24637100100517273 -0.6865890026092529
vn 0.6840299963951111 0.24637100100517273 -0.6865890026092529
vn 0.6840299963951111 0.24637100100517273 -0.6865890026092529
vn 0.439179003238678 0.2445490062236786 -0.8644750118255615
vn 0.1513269990682602 0.2435940057039261 -0.9579989910125732
vn 0.1513269990682602 0.2435940057039261 -0.9579989910125732
vn 0.439179003238678 0.2445490062236786 -0.8644750118255615
vn 0.439179003238678 0.2445490062236786 -0.8644750118255615
vn 0.439179003238678 0.2445490062236786 -0.8644750118255615
vn 0.1513269990682602 0.2435940057039261 -0.9579989910125732
vn -0.1513269990682602 0.2435940057039261 -0.9579989910125732
vn -0.1513269990682602 0.2435940057039261 -0.9579989910125732
vn 0.1513269990682602 0.2435940057039261 -0.9579989910125732
vn 0.1513269990682602 0.2435940057039261 -0.9579989910125732
vn 0.1513269990682602 0.2435940057039261 -0.9579989910125732
vn -0.1513269990682602 0.2435940057039261 -0.9579989910125732
vn -0.439179003238678 0.24455200135707855 -0.8644750118255615
vn -0.439179003238678 0.24455200135707855 -0.8644750118255615
vn -0.1513269990682602 0.2435940057039261 -0.9579989910125732
vn -0.1513269990682602 0.2435940057039261 -0.9579989910125732
vn -0.1513269990682602 0.2435940057039261 -0.9579989910125732
vn -0.439179003238678 0.24455200135707855 -0.8644750118255615
vn -0.6840329766273499 0.24636900424957275 -0.6865869760513306
vn -0.6840329766273499 0.24636900424957275 -0.6865869760513306
vn -0.439179003238678 0.24455200135707855 -0.8644750118255615
vn -0.439179003238678 0.24455200135707855 -0.8644750118255615
vn -0.439179003238678 0.24455200135707855 -0.8644750118255615
vn -0.6840329766273499 0.24636900424957275 -0.6865869760513306
vn -0.8619310259819031 0.24887500703334808 -0.4417420029640198
vn -0.8619310259819031 0.24887500703334808 -0.4417420029640198
vn -0.6840329766273499 0.24636900424957275 -0.6865869760513306
vn -0.6840329766273499 0.24636900424957275 -0.6865869760513306
vn -0.6840329766273499 0.24636900424957275 -0.6865869760513306
vn -0.8619310259819031 0.24887500703334808 -0.4417420029640198
vn -0.9554579854011536 0.25181400775909424 -0.15391400456428528
vn -0.9554579854011536 0.25181400775909424 -0.15391400456428528
vn -0.8619310259819031 0.24887500703334808 -0.4417420029640198
vn -0.8619310259819031 0.24887500703334808 -0.4417420029640198
vn -0.8619310259819031 0.24887500703334808 -0.4417420029640198
vn -0.9554579854011536 0.25181400775909424 -0.15391400456428528
vn -0.9554569721221924 0.25491100549697876 0.1487330049276352
vn -0.9554569721221924 0.25491100549697876 0.1487330049276352
vn -0.9554579854011536 0.25181400775909424 -0.15391400456428528
vn -0.9554579854011536 0.25181400775909424 -0.15391400456428528
vn -0.9554579854011536 0.25181400775909424 -0.15391400456428528
vn -0.9554569721221924 0.25491100549697876 0.1487330049276352
vn -0.8619310259819031 0.2578530013561249 0.43656298518180847
vn -0.8619310259819031 0.2578530013561249 0.43656298518180847
vn -0.9554569721221924 0.25491100549697876 0.1487330049276352
vn -0.9554569721221924 0.25491100549697876 0.1487330049276352
vn -0.9554569721221924 0.25491100549697876 0.1487330049276352
vn -0.8619310259819031 0.2578530013561249 0.43656298518180847
vn -0.6840329766273499 0.26035401225090027 0.6814069747924805
vn -0.6840329766273499 0.26035401225090027 0.6814069747924805
vn -0.8619310259819031 0.2578530013561249 0.43656298518180847
vn -0.8619310259819031 0.2578530013561249 0.43656298518180847
vn -0.8619310259819031 0.2578530013561249 0.43656298518180847
vn -0.6840329766273499 0.26035401225090027 0.6814069747924805
vn -0.4391759932041168 0.2621749937534332 0.8592960238456726
vn -0.4391759932041168 0.2621749937534332 0.8592960238456726
vn -0.6840329766273499 0.26035401225090027 0.6814069747924805
vn -0.6840329766273499 0.26035401225090027 0.6814069747924805
vn -0.6840329766273499 0.26035401225090027 0.6814069747924805
vn -0.4391759932041168 0.2621749937534332 0.8592960238456726
vn -0.15133099257946014 0.26312899589538574 0.952817976474762
vn -0.15133099257946014 0.26312899589538574 0.952817976474762
vn -0.4391759932041168 0.2621749937534332 0.8592960238456726
vn -0.4391759932041168 0.2621749937534332 0.8592960238456726
vn -0.4391759932041168 0.2621749937534332 0.8592960238456726
vn -0.15133099257946014 0.26312899589538574 0.952817976474762
vn 0.15133099257946014 0.2631320059299469 0.9528170228004456
vn 0.15133099257946014 0.2631320059299469 0.9528170228004456
vn -0.15133099257946014 0.26312899589538574 0.952817976474762
vn -0.15133099257946014 0.26312899589538574 0.952817976474762
vn -0.15133099257946014 0.26312899589538574 0.952817976474762
vn 0.15133099257946014 0.2631320059299469 0.9528170228004456
vn 0.4391759932041168 0.2621749937534332 0.8592960238456726
vn 0.4391759932041168 0.2621749937534332 0.8592960238456726
vn 0.15133099257946014 0.2631320059299469 0.9528170228004456
vn 0.15133099257946014 0.2631320059299469 0.9528170228004456
vn 0.15133099257946014 0.2631320059299469 0.9528170228004456
vn 0.4391759932041168 0.2621749937534332 0.8592960238456726
vn 0.6840310096740723 0.26035401225090027 0.6814079880714417
vn 0.6840310096740723 0.26035401225090027 0.6814079880714417
vn 0.4391759932041168 0.2621749937534332 0.8592960238456726
vn 0.4391759932041168 0.2621749937534332 0.8592960238456726
vn 0.4391759932041168 0.2621749937534332 0.8592960238456726
vn 0.6840310096740723 0.26035401225090027 0.6814079880714417
vn 0.8619310259819031 0.2578510046005249 0.43656298518180847
vn 0.8619310259819031 0.2578510046005249 0.43656298518180847
vn 0.6840310096740723 0.26035401225090027 0.6814079880714417
vn 0.6840310096740723 0.26035401225090027 0.6814079880714417
vn 0.6840310096740723 0.26035401225090027 0.6814079880714417
vn 0.8619310259819031 0.2578510046005249 0.43656298518180847
vn 0.9554589986801147 0.2549079954624176 0.14872899651527405
vn 0.9554589986801147 0.2549079954624176 0.14872899651527405
vn 0.8619310259819031 0.2578510046005249 0.43656298518180847
vn 0.8619310259819031 0.2578510046005249 0.43656298518180847
vn 0.8619310259819031 0.2578510046005249 0.43656298518180847
vn 0.9554589986801147 0.2549079954624176 0.14872899651527405
vn 0.8619319796562195 0.24887299537658691 -0.4417409896850586
vn 0.8619319796562195 0.24887299537658691 -0.4417420029640198
vn 0.9554589986801147 0.2549079954624176 0.14872899651527405
vn 0.9554589986801147 0.2549079954624176 0.14872899651527405
vn 0.9554589986801147 0.2549079954624176 0.14872899651527405
vn 0.8619319796562195 0.24887299537658691 -0.4417409896850586
vn 0.01857130043208599 0.9996340274810791 -0.01968269981443882
vn 0.01857130043208599 0.9996340274810791 -0.01968269981443882
vn 0.01857130043208599 0.9996340274810791 -0.01968269981443882
vn 0.01857130043208599 0.9996340274810791 -0.01968269981443882
vn 0.01857130043208599 0.9996340274810791 -0.01968269981443882
vn 0.01857130043208599 0.9996340274810791 -0.01968269981443882
vn 0.014738200232386589 0.9995800256729126 -0.024958200752735138
vn 0.014738200232386589 0.9995800256729126 -0.024958200752735138
vn 0.01857130043208599 0.9996340274810791 -0.01968269981443882
vn 0.01857130043208599 0.9996340274810791 -0.01968269981443882
vn 0.01857130043208599 0.9996340274810791 -0.01968269981443882
vn 0.014738200232386589 0.9995800256729126 -0.024958200752735138
vn 0.009462590329349041 0.9995409846305847 -0.028791099786758423
vn 0.009462590329349041 0.9995409846305847 -0.028791099786758423
vn 0.014738200232386589 0.9995800256729126 -0.024958200752735138
vn 0.014738200232386589 0.9995800256729126 -0.024958200752735138
vn 0.014738200232386589 0.9995800256729126 -0.024958200752735138
vn 0.009462590329349041 0.9995409846305847 -0.028791099786758423
vn 0.003260579891502857 0.9995200037956238 -0.030806200578808784
vn 0.003260579891502857 0.9995200037956238 -0.030806200578808784
vn 0.009462590329349041 0.9995409846305847 -0.028791099786758423
vn 0.009462590329349041 0.9995409846305847 -0.028791099786758423
vn 0.009462590329349041 0.9995409846305847 -0.028791099786758423
vn 0.003260579891502857 0.9995200037956238 -0.030806200578808784
vn -0.0032605701126158237 0.9995200037956238 -0.030806099995970726
vn -0.0032605701126158237 0.9995200037956238 -0.030806099995970726
vn 0.003260579891502857 0.9995200037956238 -0.030806200578808784
vn 0.003260579891502857 0.9995200037956238 -0.030806200578808784
vn 0.003260579891502857 0.9995200037956238 -0.030806200578808784
vn -0.0032605701126158237 0.9995200037956238 -0.030806099995970726
vn -0.009462599642574787 0.9995409846305847 -0.028791099786758423
vn -0.009462599642574787 0.9995409846305847 -0.028791099786758423
vn -0.0032605701126158237 0.9995200037956238 -0.030806099995970726
vn -0.0032605701126158237 0.9995200037956238 -0.030806099995970726
vn -0.0032605701126158237 0.9995200037956238 -0.030806099995970726
vn -0.009462599642574787 0.9995409846305847 -0.028791099786758423
vn -0.014738200232386589 0.9995800256729126 -0.02495810016989708
vn -0.014738200232386589 0.9995800256729126 -0.02495810016989708
vn -0.009462599642574787 0.9995409846305847 -0.028791099786758423
vn -0.009462599642574787 0.9995409846305847 -0.028791099786758423
vn -0.009462599642574787 0.9995409846305847 -0.028791099786758423
vn -0.014738200232386589 0.9995800256729126 -0.02495810016989708
vn -0.0185713991522789 0.9996340274810791 -0.01968280039727688
vn -0.0185713991522789 0.9996340274810791 -0.01968280039727688
vn -0.014738200232386589 0.9995800256729126 -0.02495810016989708
vn -0.014738200232386589 0.9995800256729126 -0.02495810016989708
vn -0.014738200232386589 0.9995800256729126 -0.02495810016989708
vn -0.0185713991522789 0.9996340274810791 -0.01968280039727688
vn -0.020586399361491203 0.9996970295906067 -0.013481100089848042
vn -0.020586399361491203 0.9996970295906067 -0.013481100089848042
vn -0.0185713991522789 0.9996340274810791 -0.01968280039727688
vn -0.0185713991522789 0.9996340274810791 -0.01968280039727688
vn -0.0185713991522789 0.9996340274810791 -0.01968280039727688
vn -0.020586399361491203 0.9996970295906067 -0.013481100089848042
vn -0.020586499944329262 0.9997640252113342 -0.0069602602161467075
vn -0.020586499944329262 0.9997640252113342 -0.0069602602161467075
vn -0.020586399361491203 0.9996970295906067 -0.013481100089848042
vn -0.020586399361491203 0.9996970295906067 -0.013481100089848042
vn -0.020586399361491203 0.9996970295906067 -0.013481100089848042
vn -0.020586499944329262 0.9997640252113342 -0.0069602602161467075
vn -0.01857130043208599 0.9998270273208618 -0.0007585950079374015
vn -0.01857130043208599 0.9998270273208618 -0.0007585950079374015
vn -0.020586499944329262 0.9997640252113342 -0.0069602602161467075
vn -0.020586499944329262 0.9997640252113342 -0.0069602602161467075
vn -0.020586499944329262 0.9997640252113342 -0.0069602602161467075
vn -0.01857130043208599 0.9998270273208618 -0.0007585950079374015
vn -0.014738200232386589 0.9998810291290283 0.004516750108450651
vn -0.014738200232386589 0.9998810291290283 0.004516750108450651
vn -0.01857130043208599 0.9998270273208618 -0.0007585950079374015
vn -0.01857130043208599 0.9998270273208618 -0.0007585950079374015
vn -0.01857130043208599 0.9998270273208618 -0.0007585950079374015
vn -0.014738200232386589 0.9998810291290283 0.004516750108450651
vn -0.009462639689445496 0.9999200105667114 0.008349769748747349
vn -0.009462639689445496 0.9999200105667114 0.008349769748747349
vn -0.014738200232386589 0.9998810291290283 0.004516750108450651
vn -0.014738200232386589 0.9998810291290283 0.004516750108450651
vn -0.014738200232386589 0.9998810291290283 0.004516750108450651
vn -0.009462639689445496 0.9999200105667114 0.008349769748747349
vn -0.0032605500891804695 0.9999409914016724 0.01036479976028204
vn -0.0032605500891804695 0.9999409914016724 0.01036479976028204
vn -0.009462639689445496 0.9999200105667114 0.008349769748747349
vn -0.009462639689445496 0.9999200105667114 0.008349769748747349
vn -0.009462639689445496 0.9999200105667114 0.008349769748747349
vn -0.0032605500891804695 0.9999409914016724 0.01036479976028204
vn 0.0032605701126158237 0.9999409914016724 0.010364900343120098
vn 0.0032605701126158237 0.9999409914016724 0.010364900343120098
vn -0.0032605500891804695 0.9999409914016724 0.01036479976028204
vn -0.0032605500891804695 0.9999409914016724 0.01036479976028204
vn -0.0032605500891804695 0.9999409914016724 0.01036479976028204
vn 0.0032605701126158237 0.9999409914016724 0.010364900343120098
vn 0.009462529793381691 0.9999200105667114 0.00834954995661974
vn 0.009462529793381691 0.9999200105667114 0.00834954995661974
vn 0.0032605701126158237 0.9999409914016724 0.010364900343120098
vn 0.0032605701126158237 0.9999409914016724 0.010364900343120098
vn 0.0032605701126158237 0.9999409914016724 0.010364900343120098
vn 0.009462529793381691 0.9999200105667114 0.00834954995661974
vn 0.014738200232386589 0.9998810291290283 0.004516759887337685
vn 0.014738200232386589 0.9998810291290283 0.004516759887337685
vn 0.009462529793381691 0.9999200105667114 0.00834954995661974
vn 0.009462529793381691 0.9999200105667114 0.00834954995661974
vn 0.009462529793381691 0.9999200105667114 0.00834954995661974
vn 0.014738200232386589 0.9998810291290283 0.004516759887337685
vn 0.018571199849247932 0.9998270273208618 -0.0007586649735458195
vn 0.018571199849247932 0.9998270273208618 -0.0007586649735458195
vn 0.014738200232386589 0.9998810291290283 0.004516759887337685
vn 0.014738200232386589 0.9998810291290283 0.004516759887337685
vn 0.014738200232386589 0.9998810291290283 0.004516759887337685
vn 0.018571199849247932 0.9998270273208618 -0.0007586649735458195
vn 0.020586399361491203 0.9997640252113342 -0.006960269995033741
vn 0.020586399361491203 0.9997640252113342 -0.006960269995033741
vn 0.018571199849247932 0.9998270273208618 -0.0007586649735458195
vn 0.018571199849247932 0.9998270273208618 -0.0007586649735458195
vn 0.018571199849247932 0.9998270273208618 -0.0007586649735458195
vn 0.020586399361491203 0.9997640252113342 -0.006960269995033741
vn 0.01857130043208599 0.9996340274810791 -0.01968269981443882
vn 0.01857130043208599 0.9996340274810791 -0.01968269981443882
vn 0.020586399361491203 0.9997640252113342 -0.006960269995033741
vn 0.020586399361491203 0.9997640252113342 -0.006960269995033741
vn 0.020586399361491203 0.9997640252113342 -0.006960269995033741
vn 0.01857130043208599 0.9996340274810791 -0.01968269981443882
vn 0.8729259967803955 0.19586899876594543 -0.44680699706077576
vn 0.8729259967803955 0.19586899876594543 -0.44680699706077576
vn 0.8729249835014343 0.19586899876594543 -0.44680699706077576
vn 0.8729249835014343 0.19586899876594543 -0.44680699706077576
vn 0.8729270100593567 0.19586700201034546 -0.4468050003051758
vn 0.8729259967803955 0.19586899876594543 -0.44680699706077576
vn 0.6927589774131775 0.1933320015668869 -0.6947720050811768
vn 0.6927589774131775 0.1933320015668869 -0.6947720050811768
vn 0.8729259967803955 0.19586899876594543 -0.44680699706077576
vn 0.8729259967803955 0.19586899876594543 -0.44680699706077576
vn 0.8729259967803955 0.19586899876594543 -0.44680699706077576
vn 0.6927589774131775 0.1933320015668869 -0.6947720050811768
vn 0.44477999210357666 0.19148799777030945 -0.8749300241470337
vn 0.44477999210357666 0.19148799777030945 -0.8749300241470337
vn 0.6927589774131775 0.1933320015668869 -0.6947720050811768
vn 0.6927589774131775 0.1933320015668869 -0.6947720050811768
vn 0.6927589774131775 0.1933320015668869 -0.6947720050811768
vn 0.44477999210357666 0.19148799777030945 -0.8749300241470337
vn 0.1532599925994873 0.1905200034379959 -0.9696459770202637
vn 0.1532599925994873 0.1905200034379959 -0.9696459770202637
vn 0.44477999210357666 0.19148799777030945 -0.8749300241470337
vn 0.44477999210357666 0.19148799777030945 -0.8749300241470337
vn 0.44477999210357666 0.19148799777030945 -0.8749300241470337
vn 0.1532599925994873 0.1905200034379959 -0.9696459770202637
vn -0.1532610058784485 0.1905210018157959 -0.9696459770202637
vn -0.1532610058784485 0.1905210018157959 -0.9696459770202637
vn 0.1532599925994873 0.1905200034379959 -0.9696459770202637
vn 0.1532599925994873 0.1905200034379959 -0.9696459770202637
vn 0.1532599925994873 0.1905200034379959 -0.9696459770202637
vn -0.1532610058784485 0.1905210018157959 -0.9696459770202637
vn -0.4447779953479767 0.19148999452590942 -0.8749309778213501
vn -0.4447779953479767 0.19148999452590942 -0.8749309778213501
vn -0.1532610058784485 0.1905210018157959 -0.9696459770202637
vn -0.1532610058784485 0.1905210018157959 -0.9696459770202637
vn -0.1532610058784485 0.1905210018157959 -0.9696459770202637
vn -0.4447779953479767 0.19148999452590942 -0.8749309778213501
vn -0.6927589774131775 0.1933320015668869 -0.6947720050811768
vn -0.6927589774131775 0.1933320015668869 -0.6947720050811768
vn -0.4447779953479767 0.19148999452590942 -0.8749309778213501
vn -0.4447779953479767 0.19148999452590942 -0.8749309778213501
vn -0.4447779953479767 0.19148999452590942 -0.8749309778213501
vn -0.6927589774131775 0.1933320015668869 -0.6947720050811768
vn -0.8729280233383179 0.19586700201034546 -0.4468030035495758
vn -0.8729280233383179 0.19586700201034546 -0.4468030035495758
vn -0.6927589774131775 0.1933320015668869 -0.6947720050811768
vn -0.6927589774131775 0.1933320015668869 -0.6947720050811768
vn -0.6927589774131775 0.1933320015668869 -0.6947720050811768
vn -0.8729280233383179 0.19586700201034546 -0.4468030035495758
vn -0.9676480293273926 0.1988459974527359 -0.15530100464820862
vn -0.9676480293273926 0.1988459974527359 -0.15530100464820862
vn -0.8729280233383179 0.19586700201034546 -0.4468030035495758
vn -0.8729280233383179 0.19586700201034546 -0.4468030035495758
vn -0.8729280233383179 0.19586700201034546 -0.4468030035495758
vn -0.9676480293273926 0.1988459974527359 -0.15530100464820862
vn -0.9676470160484314 0.20197999477386475 0.15120400488376617
vn -0.9676470160484314 0.20197999477386475 0.15120400488376617
vn -0.9676480293273926 0.1988459974527359 -0.15530100464820862
vn -0.9676480293273926 0.1988459974527359 -0.15530100464820862
vn -0.9676480293273926 0.1988459974527359 -0.15530100464820862
vn -0.9676470160484314 0.20197999477386475 0.15120400488376617
vn -0.8729280233383179 0.20496100187301636 0.4427050054073334
vn -0.8729280233383179 0.20496100187301636 0.4427050054073334
vn -0.9676470160484314 0.20197999477386475 0.15120400488376617
vn -0.9676470160484314 0.20197999477386475 0.15120400488376617
vn -0.9676470160484314 0.20197999477386475 0.15120400488376617
vn -0.8729280233383179 0.20496100187301636 0.4427050054073334
vn -0.6927589774131775 0.20749600231647491 0.6906740069389343
vn -0.6927589774131775 0.20749600231647491 0.6906740069389343
vn -0.8729280233383179 0.20496100187301636 0.4427050054073334
vn -0.8729280233383179 0.20496100187301636 0.4427050054073334
vn -0.8729280233383179 0.20496100187301636 0.4427050054073334
vn -0.6927589774131775 0.20749600231647491 0.6906740069389343
vn -0.4447770118713379 0.2093379944562912 0.8708329796791077
vn -0.4447770118713379 0.2093379944562912 0.8708329796791077
vn -0.6927589774131775 0.20749600231647491 0.6906740069389343
vn -0.6927589774131775 0.20749600231647491 0.6906740069389343
vn -0.6927589774131775 0.20749600231647491 0.6906740069389343
vn -0.4447770118713379 0.2093379944562912 0.8708329796791077
vn -0.1532610058784485 0.21030500531196594 0.9655479788780212
vn -0.1532610058784485 0.21030500531196594 0.9655479788780212
vn -0.4447770118713379 0.2093379944562912 0.8708329796791077
vn -0.4447770118713379 0.2093379944562912 0.8708329796791077
vn -0.4447770118713379 0.2093379944562912 0.8708329796791077
vn -0.1532610058784485 0.21030500531196594 0.9655479788780212
vn 0.1532610058784485 0.21030600368976593 0.9655479788780212
vn 0.1532610058784485 0.21030500531196594 0.9655479788780212
vn -0.1532610058784485 0.21030500531196594 0.9655479788780212
vn -0.1532610058784485 0.21030500531196594 0.9655479788780212
vn -0.1532610058784485 0.21030500531196594 0.9655479788780212
vn 0.1532610058784485 0.21030600368976593 0.9655479788780212
vn 0.4447770118713379 0.2093379944562912 0.8708329796791077
vn 0.4447770118713379 0.2093379944562912 0.8708329796791077
vn 0.1532610058784485 0.21030500531196594 0.9655479788780212
vn 0.1532610058784485 0.21030500531196594 0.9655479788780212
vn 0.1532610058784485 0.21030600368976593 0.9655479788780212
vn 0.4447770118713379 0.2093379944562912 0.8708329796791077
vn 0.6927589774131775 0.20749600231647491 0.6906740069389343
vn 0.6927589774131775 0.20749600231647491 0.6906740069389343
vn 0.4447770118713379 0.2093379944562912 0.8708329796791077
vn 0.4447770118713379 0.2093379944562912 0.8708329796791077
vn 0.4447770118713379 0.2093379944562912 0.8708329796791077
vn 0.6927589774131775 0.20749600231647491 0.6906740069389343
vn 0.8729280233383179 0.20496100187301636 0.4427050054073334
vn 0.8729280233383179 0.20496100187301636 0.4427050054073334
vn 0.6927589774131775 0.20749600231647491 0.6906740069389343
vn 0.6927589774131775 0.20749600231647491 0.6906740069389343
vn 0.6927589774131775 0.20749600231647491 0.6906740069389343
vn 0.8729280233383179 0.20496100187301636 0.4427050054073334
vn 0.9676470160484314 0.2019830048084259 0.15120400488376617
vn 0.9676470160484314 0.2019830048084259 0.15120400488376617
vn 0.8729280233383179 0.20496100187301636 0.4427050054073334
vn 0.8729280233383179 0.20496100187301636 0.4427050054073334
vn 0.8729280233383179 0.20496100187301636 0.4427050054073334
vn 0.9676470160484314 0.2019830048084259 0.15120400488376617
vn 0.8729270100593567 0.19586700201034546 -0.4468050003051758
vn 0.8729249835014343 0.19586899876594543 -0.44680699706077576
vn 0.9676470160484314 0.2019830048084259 0.15120400488376617
vn 0.9676470160484314 0.2019830048084259 0.15120400488376617
vn 0.9676470160484314 0.2019830048084259 0.15120400488376617
vn 0.8729270100593567 0.19586700201034546 -0.4468050003051758
vn 0.021768100559711456 0.9995359778404236 -0.02131050080060959
vn 0.021768100559711456 0.9995359778404236 -0.02131050080060959
vn 0.021768100559711456 0.9995359778404236 -0.02131050080060959
vn 0.021768100559711456 0.9995359778404236 -0.02131050080060959
vn 0.02176789939403534 0.9995359778404236 -0.021310599520802498
vn 0.021768100559711456 0.9995359778404236 -0.02131050080060959
vn 0.01727519929409027 0.999472975730896 -0.02749430015683174
vn 0.01727519929409027 0.999472975730896 -0.02749430015683174
vn 0.021768100559711456 0.9995359778404236 -0.02131050080060959
vn 0.021768100559711456 0.9995359778404236 -0.02131050080060959
vn 0.021768100559711456 0.9995359778404236 -0.02131050080060959
vn 0.01727519929409027 0.999472975730896 -0.02749430015683174
vn 0.011091300286352634 0.9994270205497742 -0.031986601650714874
vn 0.011091300286352634 0.9994270205497742 -0.031986601650714874
vn 0.01727519929409027 0.999472975730896 -0.02749430015683174
vn 0.01727519929409027 0.999472975730896 -0.02749430015683174
vn 0.01727519929409027 0.999472975730896 -0.02749430015683174
vn 0.011091300286352634 0.9994270205497742 -0.031986601650714874
vn 0.003822020022198558 0.9994029998779297 -0.034348998218774796
vn 0.003822020022198558 0.9994029998779297 -0.034348998218774796
vn 0.011091300286352634 0.9994270205497742 -0.031986601650714874
vn 0.011091300286352634 0.9994270205497742 -0.031986601650714874
vn 0.011091300286352634 0.9994270205497742 -0.031986601650714874
vn 0.003822020022198558 0.9994029998779297 -0.034348998218774796
vn -0.003821949940174818 0.9994029998779297 -0.03434839844703674
vn -0.003821949940174818 0.9994029998779297 -0.03434839844703674
vn 0.003822020022198558 0.9994029998779297 -0.034348998218774796
vn 0.003822020022198558 0.9994029998779297 -0.034348998218774796
vn 0.003822020022198558 0.9994029998779297 -0.034348998218774796
vn -0.003821949940174818 0.9994029998779297 -0.03434839844703674
vn -0.011091300286352634 0.9994270205497742 -0.03198689967393875
vn -0.011091300286352634 0.9994270205497742 -0.03198689967393875
vn -0.003821949940174818 0.9994029998779297 -0.03434839844703674
vn -0.003821949940174818 0.9994029998779297 -0.03434839844703674
vn -0.003821949940174818 0.9994029998779297 -0.03434839844703674
vn -0.011091300286352634 0.9994270205497742 -0.03198689967393875
vn -0.017275100573897362 0.999472975730896 -0.027494000270962715
vn -0.017275100573897362 0.999472975730896 -0.027494000270962715
vn -0.011091300286352634 0.9994270205497742 -0.03198689967393875
vn -0.011091300286352634 0.9994270205497742 -0.03198689967393875
vn -0.011091300286352634 0.9994270205497742 -0.03198689967393875
vn -0.017275100573897362 0.999472975730896 -0.027494000270962715
vn -0.02176780067384243 0.9995359778404236 -0.02131040021777153
vn -0.02176780067384243 0.9995359778404236 -0.02131040021777153
vn -0.017275100573897362 0.999472975730896 -0.027494000270962715
vn -0.017275100573897362 0.999472975730896 -0.027494000270962715
vn -0.017275100573897362 0.999472975730896 -0.027494000270962715
vn -0.02176780067384243 0.9995359778404236 -0.02131040021777153
vn -0.024129999801516533 0.9996100068092346 -0.014041599817574024
vn -0.024129999801516533 0.9996100068092346 -0.014041599817574024
vn -0.02176780067384243 0.9995359778404236 -0.02131040021777153
vn -0.02176780067384243 0.9995359778404236 -0.02131040021777153
vn -0.02176780067384243 0.9995359778404236 -0.02131040021777153
vn -0.024129999801516533 0.9996100068092346 -0.014041599817574024
vn -0.024129800498485565 0.9996880292892456 -0.006398229859769344
vn -0.024129800498485565 0.9996880292892456 -0.006398229859769344
vn -0.024129999801516533 0.9996100068092346 -0.014041599817574024
vn -0.024129999801516533 0.9996100068092346 -0.014041599817574024
vn -0.024129999801516533 0.9996100068092346 -0.014041599817574024
vn -0.024129800498485565 0.9996880292892456 -0.006398229859769344
vn -0.021755099296569824 0.999763011932373 0.0008717220043763518
vn -0.021755099296569824 0.999763011932373 0.0008717220043763518
vn -0.024129800498485565 0.9996880292892456 -0.006398229859769344
vn -0.024129800498485565 0.9996880292892456 -0.006398229859769344
vn -0.024129800498485565 0.9996880292892456 -0.006398229859769344
vn -0.021755099296569824 0.999763011932373 0.0008717220043763518
vn -0.01726830005645752 0.9998260140419006 0.0070472401566803455
vn -0.01726830005645752 0.9998260140419006 0.0070472401566803455
vn -0.021755099296569824 0.999763011932373 0.0008717220043763518
vn -0.021755099296569824 0.999763011932373 0.0008717220043763518
vn -0.021755099296569824 0.999763011932373 0.0008717220043763518
vn -0.01726830005645752 0.9998260140419006 0.0070472401566803455
vn -0.011097200214862823 0.9998720288276672 0.011544800363481045
vn -0.011097200214862823 0.9998720288276672 0.011544800363481045
vn -0.01726830005645752 0.9998260140419006 0.0070472401566803455
vn -0.01726830005645752 0.9998260140419006 0.0070472401566803455
vn -0.01726830005645752 0.9998260140419006 0.0070472401566803455
vn -0.011097200214862823 0.9998720288276672 0.011544800363481045
vn -0.0038218500558286905 0.9998959898948669 0.013908900320529938
vn -0.0038218500558286905 0.9998959898948669 0.013908900320529938
vn -0.011097200214862823 0.9998720288276672 0.011544800363481045
vn -0.011097200214862823 0.9998720288276672 0.011544800363481045
vn -0.011097200214862823 0.9998720288276672 0.011544800363481045
vn -0.0038218500558286905 0.9998959898948669 0.013908900320529938
vn 0.003821820020675659 0.9998959898948669 0.013908600434660912
vn 0.003821820020675659 0.9998959898948669 0.013908600434660912
vn -0.0038218500558286905 0.9998959898948669 0.013908900320529938
vn -0.0038218500558286905 0.9998959898948669 0.013908900320529938
vn -0.0038218500558286905 0.9998959898948669 0.013908900320529938
vn 0.003821820020675659 0.9998959898948669 0.013908600434660912
vn 0.01109199970960617 0.9998720288276672 0.011534400284290314
vn 0.01109199970960617 0.9998720288276672 0.011534400284290314
vn 0.003821820020675659 0.9998959898948669 0.013908600434660912
vn 0.003821820020675659 0.9998959898948669 0.013908600434660912
vn 0.003821820020675659 0.9998959898948669 0.013908600434660912
vn 0.01109199970960617 0.9998720288276672 0.011534400284290314
vn 0.017271099612116814 0.9998260140419006 0.007059279829263687
vn 0.017271099612116814 0.9998260140419006 0.007059279829263687
vn 0.01109199970960617 0.9998720288276672 0.011534400284290314
vn 0.01109199970960617 0.9998720288276672 0.011534400284290314
vn 0.01109199970960617 0.9998720288276672 0.011534400284290314
vn 0.017271099612116814 0.9998260140419006 0.007059279829263687
vn 0.02176780067384243 0.999763011932373 0.0008709169924259186
vn 0.02176780067384243 0.999763011932373 0.0008709169924259186
vn 0.017271099612116814 0.9998260140419006 0.007059279829263687
vn 0.017271099612116814 0.9998260140419006 0.007059279829263687
vn 0.017271099612116814 0.9998260140419006 0.007059279829263687
vn 0.02176780067384243 0.999763011932373 0.0008709169924259186
vn 0.024129999801516533 0.9996880292892456 -0.006398200057446957
vn 0.024129999801516533 0.9996880292892456 -0.006398200057446957
vn 0.02176780067384243 0.999763011932373 0.0008709169924259186
vn 0.02176780067384243 0.999763011932373 0.0008709169924259186
vn 0.02176780067384243 0.999763011932373 0.0008709169924259186
vn 0.024129999801516533 0.9996880292892456 -0.006398200057446957
vn 0.02176789939403534 0.9995359778404236 -0.021310599520802498
vn 0.021768100559711456 0.9995359778404236 -0.02131050080060959
vn 0.024129999801516533 0.9996880292892456 -0.006398200057446957
vn 0.024129999801516533 0.9996880292892456 -0.006398200057446957
vn 0.024129999801516533 0.9996880292892456 -0.006398200057446957
vn 0.02176789939403534 0.9995359778404236 -0.021310599520802498
vn 0.8850520253181458 0.1136230006814003 -0.45141199231147766
vn 0.8850520253181458 0.1136230006814003 -0.45141199231147766
vn 0.8850520253181458 0.1136230006814003 -0.45141199231147766
vn 0.8850520253181458 0.1136230006814003 -0.45141199231147766
vn 0.8899139761924744 0.12155000120401382 -0.4396339952945709
vn 0.8850520253181458 0.1136230006814003 -0.45141199231147766
vn 0.8850520253181458 0.1136230006814003 -0.45141199231147766
vn 0.6974639892578125 0.14243300259113312 -0.7023220062255859
vn 0.6974639892578125 0.14243300259113312 -0.7023220062255859
vn 0.6974639892578125 0.14243300259113312 -0.7023220062255859
vn 0.8850520253181458 0.1136230006814003 -0.45141199231147766
vn 0.8850520253181458 0.1136230006814003 -0.45141199231147766
vn 0.6974639892578125 0.14243300259113312 -0.7023220062255859
vn 0.44970500469207764 0.13722799718379974 -0.8825719952583313
vn 0.44970500469207764 0.13722799718379974 -0.8825719952583313
vn 0.44970500469207764 0.13722799718379974 -0.8825719952583313
vn 0.6974639892578125 0.14243300259113312 -0.7023220062255859
vn 0.6974639892578125 0.14243300259113312 -0.7023220062255859
vn 0.15475299954414368 0.13626499474048615 -0.9785109758377075
vn 0.15475299954414368 0.13626499474048615 -0.9785109758377075
vn 0.44970500469207764 0.13722799718379974 -0.8825719952583313
vn 0.44970500469207764 0.13722799718379974 -0.8825719952583313
vn 0.44970500469207764 0.13722799718379974 -0.8825719952583313
vn 0.15475299954414368 0.13626499474048615 -0.9785109758377075
vn -0.15475299954414368 0.13626299798488617 -0.9785109758377075
vn -0.15475299954414368 0.13626299798488617 -0.9785109758377075
vn 0.15475299954414368 0.13626499474048615 -0.9785109758377075
vn 0.15475299954414368 0.13626499474048615 -0.9785109758377075
vn 0.15475299954414368 0.13626499474048615 -0.9785109758377075
vn -0.15475299954414368 0.13626299798488617 -0.9785109758377075
vn -0.4491089880466461 0.1372399926185608 -0.8828740119934082
vn -0.4491089880466461 0.1372399926185608 -0.8828740119934082
vn -0.15475299954414368 0.13626299798488617 -0.9785109758377075
vn -0.15475299954414368 0.13626299798488617 -0.9785109758377075
vn -0.15475299954414368 0.13626299798488617 -0.9785109758377075
vn -0.4491089880466461 0.1372399926185608 -0.8828740119934082
vn -0.6995030045509338 0.13910000026226044 -0.7009620070457458
vn -0.6995030045509338 0.13910000026226044 -0.7009620070457458
vn -0.4491089880466461 0.1372399926185608 -0.8828740119934082
vn -0.4491089880466461 0.1372399926185608 -0.8828740119934082
vn -0.4491089880466461 0.1372399926185608 -0.8828740119934082
vn -0.6995030045509338 0.13910000026226044 -0.7009620070457458
vn -0.8814240097999573 0.14165599644184113 -0.45058301091194153
vn -0.8814240097999573 0.14165599644184113 -0.45058301091194153
vn -0.6995030045509338 0.13910000026226044 -0.7009620070457458
vn -0.6995030045509338 0.13910000026226044 -0.7009620070457458
vn -0.6995030045509338 0.13910000026226044 -0.7009620070457458
vn -0.8814240097999573 0.14165599644184113 -0.45058301091194153
vn -0.9770680069923401 0.14466699957847595 -0.1562339961528778
vn -0.9770680069923401 0.14466699957847595 -0.1562339961528778
vn -0.8814240097999573 0.14165599644184113 -0.45058301091194153
vn -0.8814240097999573 0.14165599644184113 -0.45058301091194153
vn -0.8814240097999573 0.14165599644184113 -0.45058301091194153
vn -0.9770680069923401 0.14466699957847595 -0.1562339961528778
vn -0.9770669937133789 0.14783300459384918 0.15324999392032623
vn -0.9770669937133789 0.14783300459384918 0.15324999392032623
vn -0.9770680069923401 0.14466699957847595 -0.1562339961528778
vn -0.9770680069923401 0.14466699957847595 -0.1562339961528778
vn -0.9770680069923401 0.14466699957847595 -0.1562339961528778
vn -0.9770669937133789 0.14783300459384918 0.15324999392032623
vn -0.8814280033111572 0.1508380025625229 0.44758498668670654
vn -0.8814280033111572 0.1508380025625229 0.44758498668670654
vn -0.9770669937133789 0.14783300459384918 0.15324999392032623
vn -0.9770669937133789 0.14783300459384918 0.15324999392032623
vn -0.9770669937133789 0.14783300459384918 0.15324999392032623
vn -0.8814280033111572 0.1508380025625229 0.44758498668670654
vn -0.6994990110397339 0.15340200066566467 0.6979749798774719
vn -0.6994990110397339 0.15340200066566467 0.6979749798774719
vn -0.8814280033111572 0.1508380025625229 0.44758498668670654
vn -0.8814280033111572 0.1508380025625229 0.44758498668670654
vn -0.8814280033111572 0.1508380025625229 0.44758498668670654
vn -0.6994990110397339 0.15340200066566467 0.6979749798774719
vn -0.44911399483680725 0.15525999665260315 0.8798810243606567
vn -0.44911399483680725 0.15525999665260315 0.8798810243606567
vn -0.6994990110397339 0.15340200066566467 0.6979749798774719
vn -0.6994990110397339 0.15340200066566467 0.6979749798774719
vn -0.6994990110397339 0.15340200066566467 0.6979749798774719
vn -0.44911399483680725 0.15525999665260315 0.8798810243606567
vn -0.15474599599838257 0.1562419980764389 0.9755210280418396
vn -0.15474599599838257 0.1562419980764389 0.9755210280418396
vn -0.44911399483680725 0.15525999665260315 0.8798810243606567
vn -0.44911399483680725 0.15525999665260315 0.8798810243606567
vn -0.44911399483680725 0.15525999665260315 0.8798810243606567
vn -0.15474599599838257 0.1562419980764389 0.9755210280418396
vn 0.15474599599838257 0.1562349945306778 0.9755229949951172
vn 0.15474599599838257 0.1562349945306778 0.9755229949951172
vn -0.15474599599838257 0.1562419980764389 0.9755210280418396
vn -0.15474599599838257 0.1562419980764389 0.9755210280418396
vn -0.15474599599838257 0.1562419980764389 0.9755210280418396
vn 0.15474599599838257 0.1562349945306778 0.9755229949951172
vn 0.4604339897632599 0.16297300159931183 0.8726059794425964
vn 0.4604339897632599 0.16297300159931183 0.8726059794425964
vn 0.15474599599838257 0.1562349945306778 0.9755229949951172
vn 0.15474599599838257 0.1562349945306778 0.9755229949951172
vn 0.15474599599838257 0.1562349945306778 0.9755229949951172
vn 0.4604339897632599 0.16297300159931183 0.8726059794425964
vn 0.6666650176048279 0.1291780024766922 0.7340779900550842
vn 0.6666650176048279 0.1291780024766922 0.7340779900550842
vn 0.4604339897632599 0.16297300159931183 0.8726059794425964
vn 0.4604339897632599 0.16297300159931183 0.8726059794425964
vn 0.4604339897632599 0.16297300159931183 0.8726059794425964
vn 0.6666650176048279 0.1291780024766922 0.7340779900550842
vn 0.8899109959602356 0.13050700724124908 0.437065988779068
vn 0.8899109959602356 0.13050700724124908 0.437065988779068
vn 0.6666650176048279 0.1291780024766922 0.7340779900550842
vn 0.6666650176048279 0.1291780024766922 0.7340779900550842
vn 0.6666650176048279 0.1291780024766922 0.7340779900550842
vn 0.8899109959602356 0.13050700724124908 0.437065988779068
vn 0.9798439741134644 0.12735700607299805 0.15389999747276306
vn 0.9798439741134644 0.12735700607299805 0.15389999747276306
vn 0.8899109959602356 0.13050700724124908 0.437065988779068
vn 0.8899109959602356 0.13050700724124908 0.437065988779068
vn 0.8899109959602356 0.13050700724124908 0.437065988779068
vn 0.9798439741134644 0.12735700607299805 0.15389999747276306
vn 0.8850520253181458 0.1136230006814003 -0.45141199231147766
vn 0.8899139761924744 0.12155000120401382 -0.4396339952945709
vn 0.9798439741134644 0.12735700607299805 0.15389999747276306
vn 0.9798439741134644 0.12735700607299805 0.15389999747276306
vn 0.9798439741134644 0.12735700607299805 0.15389999747276306
vn 0.8850520253181458 0.1136230006814003 -0.45141199231147766
vn -0.7382349967956543 -0.5560550093650818 0.38185301423072815
vn -0.7382349967956543 -0.5560550093650818 0.38185301423072815
vn -0.7382349967956543 -0.5560550093650818 0.38185301423072815
vn -0.7382349967956543 -0.5560550093650818 0.38185301423072815
vn -0.7382349967956543 -0.5560550093650818 0.38185200095176697
vn -0.7382349967956543 -0.5560550093650818 0.38185301423072815
vn -0.7382349967956543 -0.5560550093650818 0.38185200095176697
vn -0.7382349967956543 -0.5560550093650818 0.38185301423072815
vn -0.5649319887161255 -0.5512080192565918 0.6140210032463074
vn -0.5649319887161255 -0.5512080192565918 0.6140210032463074
vn -0.5851830244064331 -0.555342972278595 0.5908929705619812
vn -0.7382349967956543 -0.5560550093650818 0.38185200095176697
vn -0.5851830244064331 -0.555342972278595 0.5908929705619812
vn -0.5649319887161255 -0.5512080192565918 0.6140210032463074
vn -0.37568798661231995 -0.5538470149040222 0.7430430054664612
vn -0.37568798661231995 -0.5538470149040222 0.7430430054664612
vn -0.3756929934024811 -0.5538470149040222 0.7430390119552612
vn -0.5851830244064331 -0.555342972278595 0.5908929705619812
vn -0.3756929934024811 -0.5538470149040222 0.7430390119552612
vn -0.37568798661231995 -0.5538470149040222 0.7430430054664612
vn -0.12945200502872467 -0.5530999898910522 0.8229960203170776
vn -0.12945200502872467 -0.5530999898910522 0.8229960203170776
vn -0.12944699823856354 -0.5530999898910522 0.822996973991394
vn -0.3756929934024811 -0.5538470149040222 0.7430390119552612
vn -0.12944699823856354 -0.5530999898910522 0.822996973991394
vn -0.12945200502872467 -0.5530999898910522 0.8229960203170776
vn 0.12944400310516357 -0.5531740188598633 0.8229479789733887
vn 0.12944400310516357 -0.5531740188598633 0.8229479789733887
vn 0.12943999469280243 -0.5531740188598633 0.8229479789733887
vn -0.12944699823856354 -0.5530999898910522 0.822996973991394
vn 0.12943999469280243 -0.5531740188598633 0.8229479789733887
vn 0.12944400310516357 -0.5531740188598633 0.8229479789733887
vn 0.3756299912929535 -0.554062008857727 0.7429119944572449
vn 0.3756299912929535 -0.554062008857727 0.7429119944572449
vn 0.3756279945373535 -0.554062008857727 0.7429119944572449
vn 0.12943999469280243 -0.5531740188598633 0.8229479789733887
vn 0.3756279945373535 -0.554062008857727 0.7429119944572449
vn 0.3756299912929535 -0.554062008857727 0.7429119944572449
vn 0.5850189924240112 -0.5556780099868774 0.5907400250434875
vn 0.5850189924240112 -0.5556780099868774 0.5907400250434875
vn 0.5850250124931335 -0.5556769967079163 0.5907359719276428
vn 0.3756279945373535 -0.554062008857727 0.7429119944572449
vn 0.5850250124931335 -0.5556769967079163 0.5907359719276428
vn 0.5850189924240112 -0.5556780099868774 0.5907400250434875
vn 0.7371479868888855 -0.5578609704971313 0.38131800293922424
vn 0.7371479868888855 -0.5578609704971313 0.38131800293922424
vn 0.7371479868888855 -0.5578609704971313 0.38131800293922424
vn 0.5850250124931335 -0.5556769967079163 0.5907359719276428
vn 0.7371479868888855 -0.5578609704971313 0.38131800293922424
vn 0.7371479868888855 -0.5578609704971313 0.38131800293922424
vn 0.8171200156211853 -0.5604000091552734 0.1351509988307953
vn 0.8171200156211853 -0.5604000091552734 0.1351509988307953
vn 0.8171200156211853 -0.5604010224342346 0.13515299558639526
vn 0.7371479868888855 -0.5578609704971313 0.38131800293922424
vn 0.8171200156211853 -0.5604010224342346 0.13515299558639526
vn 0.8171200156211853 -0.5604000091552734 0.1351509988307953
vn 0.8171200156211853 -0.5630469918251038 -0.1236639991402626
vn 0.8171200156211853 -0.5630469918251038 -0.1236639991402626
vn 0.8171200156211853 -0.5630469918251038 -0.12366700172424316
vn 0.8171200156211853 -0.5604010224342346 0.13515299558639526
vn 0.8171200156211853 -0.5630469918251038 -0.12366700172424316
vn 0.8171200156211853 -0.5630469918251038 -0.1236639991402626
vn 0.7371469736099243 -0.5655400156974792 -0.3698360025882721
vn 0.7371469736099243 -0.5655400156974792 -0.3698360025882721
vn 0.7371479868888855 -0.5655410289764404 -0.3698340058326721
vn 0.8171200156211853 -0.5630469918251038 -0.12366700172424316
vn 0.7371479868888855 -0.5655410289764404 -0.3698340058326721
vn 0.7371469736099243 -0.5655400156974792 -0.3698360025882721
vn 0.5850250124931335 -0.5676389932632446 -0.5792520046234131
vn 0.5850250124931335 -0.5676389932632446 -0.5792520046234131
vn 0.5850239992141724 -0.5676379799842834 -0.5792530179023743
vn 0.7371479868888855 -0.5655410289764404 -0.3698340058326721
vn 0.5850239992141724 -0.5676379799842834 -0.5792530179023743
vn 0.5850250124931335 -0.5676389932632446 -0.5792520046234131
vn 0.3756220042705536 -0.569133996963501 -0.7314329743385315
vn 0.3756220042705536 -0.569133996963501 -0.7314329743385315
vn 0.3756290078163147 -0.5691350102424622 -0.7314289808273315
vn 0.5850239992141724 -0.5676379799842834 -0.5792530179023743
vn 0.3756290078163147 -0.5691350102424622 -0.7314289808273315
vn 0.3756220042705536 -0.569133996963501 -0.7314329743385315
vn 0.1294430047273636 -0.5698840022087097 -0.8114659786224365
vn 0.1294430047273636 -0.5698840022087097 -0.8114659786224365
vn 0.12943799793720245 -0.5698829889297485 -0.8114669919013977
vn 0.3756290078163147 -0.5691350102424622 -0.7314289808273315
vn 0.12943799793720245 -0.5698829889297485 -0.8114669919013977
vn 0.1294430047273636 -0.5698840022087097 -0.8114659786224365
vn -0.12945100665092468 -0.5698099732398987 -0.8115170001983643
vn -0.12945100665092468 -0.5698099732398987 -0.8115170001983643
vn -0.12944500148296356 -0.5698099732398987 -0.8115170001983643
vn 0.12943799793720245 -0.5698829889297485 -0.8114669919013977
vn -0.12944500148296356 -0.5698099732398987 -0.8115170001983643
vn -0.12945100665092468 -0.5698099732398987 -0.8115170001983643
vn -0.37568798661231995 -0.5689240097999573 -0.7315629720687866
vn -0.37568798661231995 -0.5689240097999573 -0.7315629720687866
vn -0.3756929934024811 -0.5689229965209961 -0.731561005115509
vn -0.12944500148296356 -0.5698099732398987 -0.8115170001983643
vn -0.3756929934024811 -0.5689229965209961 -0.731561005115509
vn -0.37568798661231995 -0.5689240097999573 -0.7315629720687866
vn -0.5622249841690063 -0.5695059895515442 -0.5996379852294922
vn -0.5622249841690063 -0.5695059895515442 -0.5996379852294922
vn -0.5858449935913086 -0.5659329891204834 -0.5800899863243103
vn -0.3756929934024811 -0.5689229965209961 -0.731561005115509
vn -0.5858449935913086 -0.5659329891204834 -0.5800899863243103
vn -0.5622249841690063 -0.5695059895515442 -0.5996379852294922
vn -0.7382349967956543 -0.5637459754943848 -0.370404988527298
vn -0.7382349967956543 -0.5637459754943848 -0.370404988527298
vn -0.7382339835166931 -0.5637459754943848 -0.37040600180625916
vn -0.5858449935913086 -0.5659329891204834 -0.5800899863243103
vn -0.7382339835166931 -0.5637459754943848 -0.37040600180625916
vn -0.7382349967956543 -0.5637459754943848 -0.370404988527298
vn -0.818352997303009 -0.5612040162086487 -0.1238889992237091
vn -0.818352997303009 -0.5612040162086487 -0.1238889992237091
vn -0.8183540105819702 -0.5612030029296875 -0.12388399988412857
vn -0.7382339835166931 -0.5637459754943848 -0.37040600180625916
vn -0.8183540105819702 -0.5612030029296875 -0.12388399988412857
vn -0.818352997303009 -0.5612040162086487 -0.1238889992237091
vn -0.7382349967956543 -0.5560550093650818 0.38185301423072815
vn -0.7382349967956543 -0.5560550093650818 0.38185301423072815
vn -0.7382349967956543 -0.5560550093650818 0.38185301423072815
vn -0.8183540105819702 -0.5612030029296875 -0.12388399988412857
vn -0.7382349967956543 -0.5560550093650818 0.38185301423072815
vn 0 -0.9999480247497559 0.01022309996187687
vn -0.7382349967956543 -0.5560550093650818 0.38185301423072815
vn -0.7382349967956543 -0.5560550093650818 0.38185301423072815
vn 0 -0.9999480247497559 0.01022309996187687
vn -0.5649319887161255 -0.5512080192565918 0.6140210032463074
vn -0.5649319887161255 -0.5512080192565918 0.6140210032463074
vn 0 -0.9999480247497559 0.01022309996187687
vn -0.37568798661231995 -0.5538470149040222 0.7430430054664612
vn -0.37568798661231995 -0.5538470149040222 0.7430430054664612
vn 0 -0.9999480247497559 0.01022309996187687
vn -0.12945200502872467 -0.5530999898910522 0.8229960203170776
vn -0.12945200502872467 -0.5530999898910522 0.8229960203170776
vn 0 -0.9999480247497559 0.01022309996187687
vn 0.12944400310516357 -0.5531740188598633 0.8229479789733887
vn 0.12944400310516357 -0.5531740188598633 0.8229479789733887
vn 0 -0.9999480247497559 0.01022309996187687
vn 0.3756299912929535 -0.554062008857727 0.7429119944572449
vn 0.3756299912929535 -0.554062008857727 0.7429119944572449
vn 0 -0.9999480247497559 0.01022309996187687
vn 0.5850189924240112 -0.5556780099868774 0.5907400250434875
vn 0.5850189924240112 -0.5556780099868774 0.5907400250434875
vn 0 -0.9999480247497559 0.01022309996187687
vn 0.7371479868888855 -0.5578609704971313 0.38131800293922424
vn 0.7371479868888855 -0.5578609704971313 0.38131800293922424
vn 0 -0.9999480247497559 0.01022309996187687
vn 0.8171200156211853 -0.5604000091552734 0.1351509988307953
vn 0.8171200156211853 -0.5604000091552734 0.1351509988307953
vn 0 -0.9999480247497559 0.01022309996187687
vn 0.8171200156211853 -0.5630469918251038 -0.1236639991402626
vn 0.8171200156211853 -0.5630469918251038 -0.1236639991402626
vn 0 -0.9999480247497559 0.01022309996187687
vn 0.7371469736099243 -0.5655400156974792 -0.3698360025882721
vn 0.7371469736099243 -0.5655400156974792 -0.3698360025882721
vn 0 -0.9999480247497559 0.01022309996187687
vn 0.5850250124931335 -0.5676389932632446 -0.5792520046234131
vn 0.5850250124931335 -0.5676389932632446 -0.5792520046234131
vn 0 -0.9999480247497559 0.01022309996187687
vn 0.3756220042705536 -0.569133996963501 -0.7314329743385315
vn 0.3756220042705536 -0.569133996963501 -0.7314329743385315
vn 0 -0.9999480247497559 0.01022309996187687
vn 0.1294430047273636 -0.5698840022087097 -0.8114659786224365
vn 0.1294430047273636 -0.5698840022087097 -0.8114659786224365
vn 0 -0.9999480247497559 0.01022309996187687
vn -0.12945100665092468 -0.5698099732398987 -0.8115170001983643
vn -0.12945100665092468 -0.5698099732398987 -0.8115170001983643
vn 0 -0.9999480247497559 0.01022309996187687
vn -0.37568798661231995 -0.5689240097999573 -0.7315629720687866
vn -0.37568798661231995 -0.5689240097999573 -0.7315629720687866
vn 0 -0.9999480247497559 0.01022309996187687
vn -0.5622249841690063 -0.5695059895515442 -0.5996379852294922
vn -0.5622249841690063 -0.5695059895515442 -0.5996379852294922
vn 0 -0.9999480247497559 0.01022309996187687
vn -0.7382349967956543 -0.5637459754943848 -0.370404988527298
vn -0.7382349967956543 -0.5637459754943848 -0.370404988527298
vn 0 -0.9999480247497559 0.01022309996187687
vn -0.818352997303009 -0.5612040162086487 -0.1238889992237091
vn -0.818352997303009 -0.5612040162086487 -0.1238889992237091
vn 0 -0.9999480247497559 0.01022309996187687
vn -0.7382349967956543 -0.5560550093650818 0.38185301423072815
vn -0.7382349967956543 -0.5560550093650818 0.38185200095176697
vn 0.8533629775047302 0.2831389904022217 -0.4377270042896271
vn 0.8533639907836914 0.2831369936466217 -0.4377250075340271
vn 0.8533639907836914 0.2831369936466217 -0.4377250075340271
vn -0.7382349967956543 -0.5560550093650818 0.38185301423072815
vn -0.7382349967956543 -0.5560550093650818 0.38185200095176697
vn -0.5851830244064331 -0.555342972278595 0.5908929705619812
vn 0.6772310137748718 0.2806600034236908 -0.6801379919052124
vn 0.8533629775047302 0.2831389904022217 -0.4377270042896271
vn 0.8533629775047302 0.2831389904022217 -0.4377270042896271
vn -0.7382349967956543 -0.5560550093650818 0.38185200095176697
vn -0.5851830244064331 -0.555342972278595 0.5908929705619812
vn -0.3756929934024811 -0.5538470149040222 0.7430390119552612
vn 0.4348120093345642 0.2788589894771576 -0.8562570214271545
vn 0.6772310137748718 0.2806600034236908 -0.6801379919052124
vn 0.6772310137748718 0.2806600034236908 -0.6801379919052124
vn -0.5851830244064331 -0.555342972278595 0.5908929705619812
vn -0.3756929934024811 -0.5538470149040222 0.7430390119552612
vn -0.12944699823856354 -0.5530999898910522 0.822996973991394
vn 0.14982199668884277 0.27791398763656616 -0.9488499760627747
vn 0.4348120093345642 0.2788589894771576 -0.8562570214271545
vn 0.4348120093345642 0.2788589894771576 -0.8562570214271545
vn -0.3756929934024811 -0.5538470149040222 0.7430390119552612
vn -0.12944699823856354 -0.5530999898910522 0.822996973991394
vn 0.12943999469280243 -0.5531740188598633 0.8229479789733887
vn -0.14982199668884277 0.2779119908809662 -0.9488509893417358
vn 0.14982199668884277 0.27791398763656616 -0.9488499760627747
vn 0.14982199668884277 0.27791398763656616 -0.9488499760627747
vn -0.12944699823856354 -0.5530999898910522 0.822996973991394
vn 0.12943999469280243 -0.5531740188598633 0.8229479789733887
vn 0.3756279945373535 -0.554062008857727 0.7429119944572449
vn -0.4348120093345642 0.2788600027561188 -0.8562570214271545
vn -0.14982199668884277 0.2779119908809662 -0.9488509893417358
vn -0.14982199668884277 0.2779119908809662 -0.9488509893417358
vn 0.12943999469280243 -0.5531740188598633 0.8229479789733887
vn 0.3756279945373535 -0.554062008857727 0.7429119944572449
vn 0.5850250124931335 -0.5556769967079163 0.5907359719276428
vn -0.6772329807281494 0.2806609869003296 -0.6801350116729736
vn -0.4348120093345642 0.2788600027561188 -0.8562570214271545
vn -0.4348120093345642 0.2788600027561188 -0.8562570214271545
vn 0.3756279945373535 -0.554062008857727 0.7429119944572449
vn 0.5850250124931335 -0.5556769967079163 0.5907359719276428
vn 0.7371479868888855 -0.5578609704971313 0.38131800293922424
vn -0.8533620238304138 0.2831380069255829 -0.43772798776626587
vn -0.6772329807281494 0.2806609869003296 -0.6801350116729736
vn -0.6772329807281494 0.2806609869003296 -0.6801350116729736
vn 0.5850250124931335 -0.5556769967079163 0.5907359719276428
vn 0.7371479868888855 -0.5578609704971313 0.38131800293922424
vn 0.8171200156211853 -0.5604010224342346 0.13515299558639526
vn -0.9459589719772339 0.28605300188064575 -0.15275700390338898
vn -0.8533620238304138 0.2831380069255829 -0.43772798776626587
vn -0.8533620238304138 0.2831380069255829 -0.43772798776626587
vn 0.7371479868888855 -0.5578609704971313 0.38131800293922424
vn 0.8171200156211853 -0.5604010224342346 0.13515299558639526
vn 0.8171200156211853 -0.5630469918251038 -0.12366700172424316
vn -0.9459589719772339 0.2891170084476471 0.1468770056962967
vn -0.9459589719772339 0.28605300188064575 -0.15275700390338898
vn -0.9459589719772339 0.28605300188064575 -0.15275700390338898
vn 0.8171200156211853 -0.5604010224342346 0.13515299558639526
vn 0.8171200156211853 -0.5630469918251038 -0.12366700172424316
vn 0.7371479868888855 -0.5655410289764404 -0.3698340058326721
vn -0.8533629775047302 0.29202800989151 0.4318470060825348
vn -0.9459589719772339 0.2891170084476471 0.1468770056962967
vn -0.9459589719772339 0.2891170084476471 0.1468770056962967
vn 0.8171200156211853 -0.5630469918251038 -0.12366700172424316
vn 0.7371479868888855 -0.5655410289764404 -0.3698340058326721
vn 0.5850239992141724 -0.5676379799842834 -0.5792530179023743
vn -0.677232027053833 0.2945069968700409 0.6742569804191589
vn -0.8533629775047302 0.29202800989151 0.4318470060825348
vn -0.8533629775047302 0.29202800989151 0.4318470060825348
vn 0.7371479868888855 -0.5655410289764404 -0.3698340058326721
vn 0.5850239992141724 -0.5676379799842834 -0.5792530179023743
vn 0.3756290078163147 -0.5691350102424622 -0.7314289808273315
vn -0.43480899930000305 0.2963089942932129 0.8503779768943787
vn -0.677232027053833 0.2945069968700409 0.6742569804191589
vn -0.677232027053833 0.2945069968700409 0.6742569804191589
vn 0.5850239992141724 -0.5676379799842834 -0.5792530179023743
vn 0.3756290078163147 -0.5691350102424622 -0.7314289808273315
vn 0.12943799793720245 -0.5698829889297485 -0.8114669919013977
vn -0.14982500672340393 0.2972550094127655 0.9429699778556824
vn -0.43480899930000305 0.2963089942932129 0.8503779768943787
vn -0.43480899930000305 0.2963089942932129 0.8503779768943787
vn 0.3756290078163147 -0.5691350102424622 -0.7314289808273315
vn 0.12943799793720245 -0.5698829889297485 -0.8114669919013977
vn -0.12944500148296356 -0.5698099732398987 -0.8115170001983643
vn 0.14982500672340393 0.2972559928894043 0.9429699778556824
vn -0.14982500672340393 0.2972550094127655 0.9429699778556824
vn -0.14982500672340393 0.2972550094127655 0.9429699778556824
vn 0.12943799793720245 -0.5698829889297485 -0.8114669919013977
vn -0.12944500148296356 -0.5698099732398987 -0.8115170001983643
vn -0.3756929934024811 -0.5689229965209961 -0.731561005115509
vn 0.43481001257896423 0.2963060140609741 0.8503789901733398
vn 0.14982500672340393 0.2972559928894043 0.9429699778556824
vn 0.14982500672340393 0.2972559928894043 0.9429699778556824
vn -0.12944500148296356 -0.5698099732398987 -0.8115170001983643
vn -0.3756929934024811 -0.5689229965209961 -0.731561005115509
vn -0.5858449935913086 -0.5659329891204834 -0.5800899863243103
vn 0.677232027053833 0.2945069968700409 0.6742569804191589
vn 0.43481001257896423 0.2963060140609741 0.8503789901733398
vn 0.43481001257896423 0.2963060140609741 0.8503789901733398
vn -0.3756929934024811 -0.5689229965209961 -0.731561005115509
vn -0.5858449935913086 -0.5659329891204834 -0.5800899863243103
vn -0.7382339835166931 -0.5637459754943848 -0.37040600180625916
vn 0.8533629775047302 0.29202800989151 0.4318470060825348
vn 0.677232027053833 0.2945069968700409 0.6742569804191589
vn 0.677232027053833 0.2945069968700409 0.6742569804191589
vn -0.5858449935913086 -0.5659329891204834 -0.5800899863243103
vn -0.7382339835166931 -0.5637459754943848 -0.37040600180625916
vn -0.8183540105819702 -0.5612030029296875 -0.12388399988412857
vn 0.9459589719772339 0.2891170084476471 0.1468770056962967
vn 0.8533629775047302 0.29202800989151 0.4318470060825348
vn 0.8533629775047302 0.29202800989151 0.4318470060825348
vn -0.7382339835166931 -0.5637459754943848 -0.37040600180625916
vn -0.8183540105819702 -0.5612030029296875 -0.12388399988412857
vn -0.7382349967956543 -0.5560550093650818 0.38185301423072815
vn 0.8533639907836914 0.2831369936466217 -0.4377250075340271
vn 0.9459589719772339 0.2891170084476471 0.1468770056962967
vn 0.9459589719772339 0.2891170084476471 0.1468770056962967
vn -0.8183540105819702 -0.5612030029296875 -0.12388399988412857
vn -0.7382349967956543 -0.5560550093650818 0.38185301423072815
vn 0.750881016254425 0.5343909859657288 -0.3880769908428192
vn 0.750881016254425 0.5343909859657288 -0.3880769908428192
vn 0.8533629775047302 0.2831380069255829 -0.4377270042896271
vn 0.8533629775047302 0.2831380069255829 -0.4377270042896271
vn 0.8533629775047302 0.2831389904022217 -0.4377270042896271
vn 0.750881016254425 0.5343909859657288 -0.3880769908428192
vn 0.0204716008156538 0.999576985836029 -0.02065039984881878
vn 0.020471500232815742 0.999576985836029 -0.02065039984881878
vn 0.750881016254425 0.5343909859657288 -0.3880769908428192
vn 0.750881016254425 0.5343909859657288 -0.3880769908428192
vn 0.750881016254425 0.5343909859657288 -0.3880769908428192
vn 0.0204716008156538 0.999576985836029 -0.02065039984881878
vn 0.750881016254425 0.5343909859657288 -0.3880769908428192
vn 0.25741198658943176 0.9287049770355225 -0.2669200003147125
vn 0.016246100887656212 0.9995179772377014 -0.026465600356459618
vn 0.016246100887656212 0.9995179772377014 -0.026465600356459618
vn 0.0204716008156538 0.999576985836029 -0.02065039984881878
vn 0.750881016254425 0.5343909859657288 -0.3880769908428192
vn 0.8533629775047302 0.2831389904022217 -0.4377270042896271
vn 0.6772310137748718 0.2806600034236908 -0.6801379919052124
vn 0.25741198658943176 0.9287049770355225 -0.2669200003147125
vn 0.25741198658943176 0.9287049770355225 -0.2669200003147125
vn 0.750881016254425 0.5343909859657288 -0.3880769908428192
vn 0.8533629775047302 0.2831389904022217 -0.4377270042896271
vn 0.750881016254425 0.5343909859657288 -0.3880769908428192
vn 0.8323730230331421 0.5369309782981873 -0.13733099400997162
vn 0.9459589719772339 0.2891170084476471 0.1468770056962967
vn 0.9459589719772339 0.2891170084476471 0.1468770056962967
vn 0.8533629775047302 0.2831380069255829 -0.4377270042896271
vn 0.750881016254425 0.5343909859657288 -0.3880769908428192
vn 0.020471500232815742 0.999576985836029 -0.02065039984881878
vn 0.02269279956817627 0.9997209906578064 -0.0066261799074709415
vn 0.8323730230331421 0.5369309782981873 -0.13733099400997162
vn 0.8323730230331421 0.5369309782981873 -0.13733099400997162
vn 0.750881016254425 0.5343909859657288 -0.3880769908428192
vn 0.020471500232815742 0.999576985836029 -0.02065039984881878
vn 0.25741198658943176 0.9287049770355225 -0.2669200003147125
vn 0.16526399552822113 0.9280239939689636 -0.33385398983955383
vn 0.010430799797177315 0.9994750022888184 -0.030690599232912064
vn 0.010430799797177315 0.9994750022888184 -0.030690599232912064
vn 0.016246100887656212 0.9995179772377014 -0.026465600356459618
vn 0.25741198658943176 0.9287049770355225 -0.2669200003147125
vn 0.6772310137748718 0.2806600034236908 -0.6801379919052124
vn 0.4348120093345642 0.2788589894771576 -0.8562570214271545
vn 0.16526399552822113 0.9280239939689636 -0.33385398983955383
vn 0.16526399552822113 0.9280239939689636 -0.33385398983955383
vn 0.25741198658943176 0.9287049770355225 -0.2669200003147125
vn 0.6772310137748718 0.2806600034236908 -0.6801379919052124
vn 0.16526399552822113 0.9280239939689636 -0.33385398983955383
vn 0.05694660171866417 0.9276639819145203 -0.3690490126609802
vn 0.0035941600799560547 0.9994519948959351 -0.03291179984807968
vn 0.0035941600799560547 0.9994519948959351 -0.03291179984807968
vn 0.010430799797177315 0.9994750022888184 -0.030690599232912064
vn 0.16526399552822113 0.9280239939689636 -0.33385398983955383
vn 0.4348120093345642 0.2788589894771576 -0.8562570214271545
vn 0.14982199668884277 0.27791398763656616 -0.9488499760627747
vn 0.05694660171866417 0.9276639819145203 -0.3690490126609802
vn 0.05694660171866417 0.9276639819145203 -0.3690490126609802
vn 0.16526399552822113 0.9280239939689636 -0.33385398983955383
vn 0.4348120093345642 0.2788589894771576 -0.8562570214271545
vn 0.05694660171866417 0.9276639819145203 -0.3690490126609802
vn -0.056946199387311935 0.9276649951934814 -0.36904698610305786
vn -0.0035941600799560547 0.9994519948959351 -0.03291179984807968
vn -0.0035941600799560547 0.9994519948959351 -0.03291179984807968
vn 0.0035941600799560547 0.9994519948959351 -0.03291179984807968
vn 0.05694660171866417 0.9276639819145203 -0.3690490126609802
vn 0.14982199668884277 0.27791398763656616 -0.9488499760627747
vn -0.14982199668884277 0.2779119908809662 -0.9488509893417358
vn -0.056946199387311935 0.9276649951934814 -0.36904698610305786
vn -0.056946199387311935 0.9276649951934814 -0.36904698610305786
vn 0.05694660171866417 0.9276639819145203 -0.3690490126609802
vn 0.14982199668884277 0.27791398763656616 -0.9488499760627747
vn -0.056946199387311935 0.9276649951934814 -0.36904698610305786
vn -0.1652660071849823 0.9280229806900024 -0.333856999874115
vn -0.010430700145661831 0.9994750022888184 -0.030690599232912064
vn -0.010430700145661831 0.9994750022888184 -0.030690599232912064
vn -0.0035941600799560547 0.9994519948959351 -0.03291179984807968
vn -0.056946199387311935 0.9276649951934814 -0.36904698610305786
vn -0.14982199668884277 0.2779119908809662 -0.9488509893417358
vn -0.4348120093345642 0.2788600027561188 -0.8562570214271545
vn -0.1652660071849823 0.9280229806900024 -0.333856999874115
vn -0.1652660071849823 0.9280229806900024 -0.333856999874115
vn -0.056946199387311935 0.9276649951934814 -0.36904698610305786
vn -0.14982199668884277 0.2779119908809662 -0.9488509893417358
vn -0.1652660071849823 0.9280229806900024 -0.333856999874115
vn -0.25740599632263184 0.928708016872406 -0.2669140100479126
vn -0.01624630019068718 0.9995179772377014 -0.026465600356459618
vn -0.01624630019068718 0.9995179772377014 -0.026465600356459618
vn -0.010430700145661831 0.9994750022888184 -0.030690599232912064
vn -0.1652660071849823 0.9280229806900024 -0.333856999874115
vn -0.4348120093345642 0.2788600027561188 -0.8562570214271545
vn -0.6772329807281494 0.2806609869003296 -0.6801350116729736
vn -0.25740599632263184 0.928708016872406 -0.2669140100479126
vn -0.25740599632263184 0.928708016872406 -0.2669140100479126
vn -0.1652660071849823 0.9280229806900024 -0.333856999874115
vn -0.4348120093345642 0.2788600027561188 -0.8562570214271545
vn -0.25740599632263184 0.928708016872406 -0.2669140100479126
vn -0.32434898614883423 0.9296510219573975 -0.17477700114250183
vn -0.020471500232815742 0.999576985836029 -0.02065029926598072
vn -0.020471500232815742 0.999576985836029 -0.02065029926598072
vn -0.01624630019068718 0.9995179772377014 -0.026465600356459618
vn -0.25740599632263184 0.928708016872406 -0.2669140100479126
vn -0.6772329807281494 0.2806609869003296 -0.6801350116729736
vn -0.8533620238304138 0.2831380069255829 -0.43772798776626587
vn -0.32434898614883423 0.9296510219573975 -0.17477700114250183
vn -0.32434898614883423 0.9296510219573975 -0.17477700114250183
vn -0.25740599632263184 0.928708016872406 -0.2669140100479126
vn -0.6772329807281494 0.2806609869003296 -0.6801350116729736
vn -0.32434898614883423 0.9296510219573975 -0.17477700114250183
vn -0.3595449924468994 0.930757999420166 -0.06646499782800674
vn -0.02269279956817627 0.9996470212936401 -0.013814199715852737
vn -0.02269279956817627 0.9996470212936401 -0.013814199715852737
vn -0.020471500232815742 0.999576985836029 -0.02065029926598072
vn -0.32434898614883423 0.9296510219573975 -0.17477700114250183
vn -0.8533620238304138 0.2831380069255829 -0.43772798776626587
vn -0.9459589719772339 0.28605300188064575 -0.15275700390338898
vn -0.3595449924468994 0.930757999420166 -0.06646499782800674
vn -0.3595449924468994 0.930757999420166 -0.06646499782800674
vn -0.32434898614883423 0.9296510219573975 -0.17477700114250183
vn -0.8533620238304138 0.2831380069255829 -0.43772798776626587
vn -0.3595449924468994 0.930757999420166 -0.06646499782800674
vn -0.3595440089702606 0.9319220185279846 0.04742180183529854
vn -0.02269270084798336 0.9997209906578064 -0.0066261799074709415
vn -0.02269270084798336 0.9997209906578064 -0.0066261799074709415
vn -0.02269279956817627 0.9996470212936401 -0.013814199715852737
vn -0.3595449924468994 0.930757999420166 -0.06646499782800674
vn -0.9459589719772339 0.28605300188064575 -0.15275700390338898
vn -0.9459589719772339 0.2891170084476471 0.1468770056962967
vn -0.3595440089702606 0.9319220185279846 0.04742180183529854
vn -0.3595440089702606 0.9319220185279846 0.04742180183529854
vn -0.3595449924468994 0.930757999420166 -0.06646499782800674
vn -0.9459589719772339 0.28605300188064575 -0.15275700390338898
vn -0.3595440089702606 0.9319220185279846 0.04742180183529854
vn -0.3243570029735565 0.9330260157585144 0.1557379961013794
vn -0.020471500232815742 0.9997900128364563 0.00020995900558773428
vn -0.020471500232815742 0.9997900128364563 0.00020995900558773428
vn -0.02269270084798336 0.9997209906578064 -0.0066261799074709415
vn -0.3595440089702606 0.9319220185279846 0.04742180183529854
vn -0.9459589719772339 0.2891170084476471 0.1468770056962967
vn -0.8533629775047302 0.29202800989151 0.4318470060825348
vn -0.3243570029735565 0.9330260157585144 0.1557379961013794
vn -0.3243570029735565 0.9330260157585144 0.1557379961013794
vn -0.3595440089702606 0.9319220185279846 0.04742180183529854
vn -0.9459589719772339 0.2891170084476471 0.1468770056962967
vn -0.3243570029735565 0.9330260157585144 0.1557379961013794
vn -0.25740599632263184 0.9339709877967834 0.24787099659442902
vn -0.01624630019068718 0.9998499751091003 0.006025279872119427
vn -0.01624630019068718 0.9998499751091003 0.006025279872119427
vn -0.020471500232815742 0.9997900128364563 0.00020995900558773428
vn -0.3243570029735565 0.9330260157585144 0.1557379961013794
vn -0.8533629775047302 0.29202800989151 0.4318470060825348
vn -0.677232027053833 0.2945069968700409 0.6742569804191589
vn -0.25740599632263184 0.9339709877967834 0.24787099659442902
vn -0.25740599632263184 0.9339709877967834 0.24787099659442902
vn -0.3243570029735565 0.9330260157585144 0.1557379961013794
vn -0.8533629775047302 0.29202800989151 0.4318470060825348
vn -0.25740599632263184 0.9339709877967834 0.24787099659442902
vn -0.16526399552822113 0.934656023979187 0.31481000781059265
vn -0.010430799797177315 0.9998930096626282 0.010250300168991089
vn -0.010430799797177315 0.9998930096626282 0.010250300168991089
vn -0.01624630019068718 0.9998499751091003 0.006025279872119427
vn -0.25740599632263184 0.9339709877967834 0.24787099659442902
vn -0.677232027053833 0.2945069968700409 0.6742569804191589
vn -0.43480899930000305 0.2963089942932129 0.8503779768943787
vn -0.16526399552822113 0.934656023979187 0.31481000781059265
vn -0.16526399552822113 0.934656023979187 0.31481000781059265
vn -0.25740599632263184 0.9339709877967834 0.24787099659442902
vn -0.677232027053833 0.2945069968700409 0.6742569804191589
vn -0.16526399552822113 0.934656023979187 0.31481000781059265
vn -0.05694720149040222 0.9350110292434692 0.3500159978866577
vn -0.0035942199174314737 0.9999160170555115 0.012471400201320648
vn -0.0035942199174314737 0.9999160170555115 0.012471400201320648
vn -0.010430799797177315 0.9998930096626282 0.010250300168991089
vn -0.16526399552822113 0.934656023979187 0.31481000781059265
vn -0.43480899930000305 0.2963089942932129 0.8503779768943787
vn -0.14982500672340393 0.2972550094127655 0.9429699778556824
vn -0.05694720149040222 0.9350110292434692 0.3500159978866577
vn -0.05694720149040222 0.9350110292434692 0.3500159978866577
vn -0.16526399552822113 0.934656023979187 0.31481000781059265
vn -0.43480899930000305 0.2963089942932129 0.8503779768943787
vn -0.05694720149040222 0.9350110292434692 0.3500159978866577
vn 0.05694520100951195 0.9350159764289856 0.3500030040740967
vn 0.0035942199174314737 0.9999160170555115 0.012471499852836132
vn 0.0035942199174314737 0.9999160170555115 0.012471499852836132
vn -0.0035942199174314737 0.9999160170555115 0.012471400201320648
vn -0.05694720149040222 0.9350110292434692 0.3500159978866577
vn -0.14982500672340393 0.2972550094127655 0.9429699778556824
vn 0.14982500672340393 0.2972559928894043 0.9429699778556824
vn 0.05694520100951195 0.9350159764289856 0.3500030040740967
vn 0.05694520100951195 0.9350159764289856 0.3500030040740967
vn -0.05694720149040222 0.9350110292434692 0.3500159978866577
vn -0.14982500672340393 0.2972550094127655 0.9429699778556824
vn 0.05694520100951195 0.9350159764289856 0.3500030040740967
vn 0.16526199877262115 0.9346579909324646 0.3148060142993927
vn 0.010430799797177315 0.9998930096626282 0.010250300168991089
vn 0.010430799797177315 0.9998930096626282 0.010250300168991089
vn 0.0035942199174314737 0.9999160170555115 0.012471499852836132
vn 0.05694520100951195 0.9350159764289856 0.3500030040740967
vn 0.14982500672340393 0.2972559928894043 0.9429699778556824
vn 0.43481001257896423 0.2963060140609741 0.8503789901733398
vn 0.16526199877262115 0.9346579909324646 0.3148060142993927
vn 0.16526199877262115 0.9346579909324646 0.3148060142993927
vn 0.05694520100951195 0.9350159764289856 0.3500030040740967
vn 0.14982500672340393 0.2972559928894043 0.9429699778556824
vn 0.16526199877262115 0.9346579909324646 0.3148060142993927
vn 0.25741198658943176 0.9339680075645447 0.24787700176239014
vn 0.01624619960784912 0.9998499751091003 0.006025180220603943
vn 0.01624619960784912 0.9998499751091003 0.006025180220603943
vn 0.010430799797177315 0.9998930096626282 0.010250300168991089
vn 0.16526199877262115 0.9346579909324646 0.3148060142993927
vn 0.43481001257896423 0.2963060140609741 0.8503789901733398
vn 0.677232027053833 0.2945069968700409 0.6742569804191589
vn 0.25741198658943176 0.9339680075645447 0.24787700176239014
vn 0.25741198658943176 0.9339680075645447 0.24787700176239014
vn 0.16526199877262115 0.9346579909324646 0.3148060142993927
vn 0.43481001257896423 0.2963060140609741 0.8503789901733398
vn 0.25741198658943176 0.9339680075645447 0.24787700176239014
vn 0.32434898614883423 0.9330300092697144 0.15573400259017944
vn 0.020471500232815742 0.9997900128364563 0.00020996299281250685
vn 0.020471500232815742 0.9997900128364563 0.00020996299281250685
vn 0.01624619960784912 0.9998499751091003 0.006025180220603943
vn 0.25741198658943176 0.9339680075645447 0.24787700176239014
vn 0.677232027053833 0.2945069968700409 0.6742569804191589
vn 0.8533629775047302 0.29202800989151 0.4318470060825348
vn 0.32434898614883423 0.9330300092697144 0.15573400259017944
vn 0.32434898614883423 0.9330300092697144 0.15573400259017944
vn 0.25741198658943176 0.9339680075645447 0.24787700176239014
vn 0.677232027053833 0.2945069968700409 0.6742569804191589
vn 0.32434898614883423 0.9330300092697144 0.15573400259017944
vn 0.8323730230331421 0.5369309782981873 -0.13733099400997162
vn 0.02269279956817627 0.9997209906578064 -0.0066261799074709415
vn 0.02269279956817627 0.9997209906578064 -0.0066261799074709415
vn 0.020471500232815742 0.9997900128364563 0.00020996299281250685
vn 0.32434898614883423 0.9330300092697144 0.15573400259017944
vn 0.8533629775047302 0.29202800989151 0.4318470060825348
vn 0.9459589719772339 0.2891170084476471 0.1468770056962967
vn 0.8323730230331421 0.5369309782981873 -0.13733099400997162
vn 0.8323730230331421 0.5369309782981873 -0.13733099400997162
vn 0.32434898614883423 0.9330300092697144 0.15573400259017944
vn 0.8533629775047302 0.29202800989151 0.4318470060825348
vn 0.35949501395225525 0.9144840240478516 -0.18569399416446686
vn 0.35949501395225525 0.9144840240478516 -0.18569399416446686
vn 0 0.9999480247497559 -0.010222800076007843
vn 0 0.9999480247497559 -0.010222800076007843
vn 0 0.9999480247497559 -0.010222800076007843
vn 0.35949501395225525 0.9144840240478516 -0.18569399416446686
vn 0.8899139761924744 0.12155000120401382 -0.4396339952945709
vn 0.8850520253181458 0.1136230006814003 -0.45141199231147766
vn 0.35949501395225525 0.9144840240478516 -0.18569399416446686
vn 0.35949501395225525 0.9144840240478516 -0.18569399416446686
vn 0.35949501395225525 0.9144840240478516 -0.18569399416446686
vn 0.8899139761924744 0.12155000120401382 -0.4396339952945709
vn 0.35949501395225525 0.9144840240478516 -0.18569399416446686
vn 0.8934199810028076 0.424888014793396 -0.14584699273109436
vn 0.9798439741134644 0.12735700607299805 0.15389999747276306
vn 0.9798439741134644 0.12735700607299805 0.15389999747276306
vn 0.8899139761924744 0.12155000120401382 -0.4396339952945709
vn 0.35949501395225525 0.9144840240478516 -0.18569399416446686
vn 0 0.9999480247497559 -0.010222800076007843
vn 0 0.9999480247497559 -0.010222800076007843
vn 0.8934199810028076 0.424888014793396 -0.14584699273109436
vn 0.8934199810028076 0.424888014793396 -0.14584699273109436
vn 0.35949501395225525 0.9144840240478516 -0.18569399416446686
vn 0 0.9999480247497559 -0.010222800076007843
vn 0 0.9999480247497559 -0.010222800076007843
vn 0.35949501395225525 0.9144840240478516 -0.18569399416446686
vn 0.2690660059452057 0.9121220111846924 -0.30925101041793823
vn 0.2690660059452057 0.9121220111846924 -0.30925101041793823
vn 0 0.9999480247497559 -0.010222800076007843
vn 0 0.9999480247497559 -0.010222800076007843
vn 0.35949501395225525 0.9144840240478516 -0.18569399416446686
vn 0.8850520253181458 0.1136230006814003 -0.45141199231147766
vn 0.6974639892578125 0.14243300259113312 -0.7023220062255859
vn 0.6974639892578125 0.14243300259113312 -0.7023220062255859
vn 0.2690660059452057 0.9121220111846924 -0.30925101041793823
vn 0.35949501395225525 0.9144840240478516 -0.18569399416446686
vn 0.2690660059452057 0.9121220111846924 -0.30925101041793823
vn 0.18365800380706787 0.9159839749336243 -0.3567110002040863
vn -1.989809987890112e-7 0.9999480247497559 -0.010223000310361385
vn -1.989809987890112e-7 0.9999480247497559 -0.010223000310361385
vn 0 0.9999480247497559 -0.010222800076007843
vn 0.2690660059452057 0.9121220111846924 -0.30925101041793823
vn 0.6974639892578125 0.14243300259113312 -0.7023220062255859
vn 0.44970500469207764 0.13722799718379974 -0.8825719952583313
vn 0.18365800380706787 0.9159839749336243 -0.3567110002040863
vn 0.18365800380706787 0.9159839749336243 -0.3567110002040863
vn 0.2690660059452057 0.9121220111846924 -0.30925101041793823
vn 0.6974639892578125 0.14243300259113312 -0.7023220062255859
vn 0.18365800380706787 0.9159839749336243 -0.3567110002040863
vn 0.061380401253700256 0.9159150123596191 -0.3966509997844696
vn 0 0.9999480247497559 -0.010222899727523327
vn 0 0.9999480247497559 -0.010222899727523327
vn -1.989809987890112e-7 0.9999480247497559 -0.010223000310361385
vn 0.18365800380706787 0.9159839749336243 -0.3567110002040863
vn 0.44970500469207764 0.13722799718379974 -0.8825719952583313
vn 0.15475299954414368 0.13626499474048615 -0.9785109758377075
vn 0.061380401253700256 0.9159150123596191 -0.3966509997844696
vn 0.061380401253700256 0.9159150123596191 -0.3966509997844696
vn 0.18365800380706787 0.9159839749336243 -0.3567110002040863
vn 0.44970500469207764 0.13722799718379974 -0.8825719952583313
vn 0.061380401253700256 0.9159150123596191 -0.3966509997844696
vn -0.06129340082406998 0.9159200191497803 -0.39665400981903076
vn 0 0.9999480247497559 -0.010222899727523327
vn 0 0.9999480247497559 -0.010222899727523327
vn 0 0.9999480247497559 -0.010222899727523327
vn 0.061380401253700256 0.9159150123596191 -0.3966509997844696
vn 0.15475299954414368 0.13626499474048615 -0.9785109758377075
vn -0.15475299954414368 0.13626299798488617 -0.9785109758377075
vn -0.06129340082406998 0.9159200191497803 -0.39665400981903076
vn -0.06129340082406998 0.9159200191497803 -0.39665400981903076
vn 0.061380401253700256 0.9159150123596191 -0.3966509997844696
vn 0.15475299954414368 0.13626499474048615 -0.9785109758377075
vn -0.06129340082406998 0.9159200191497803 -0.39665400981903076
vn -0.17795999348163605 0.9163190126419067 -0.35873401165008545
vn 0 0.9999480247497559 -0.010223000310361385
vn 0 0.9999480247497559 -0.010223000310361385
vn 0 0.9999480247497559 -0.010222899727523327
vn -0.06129340082406998 0.9159200191497803 -0.39665400981903076
vn -0.15475299954414368 0.13626299798488617 -0.9785109758377075
vn -0.4491089880466461 0.1372399926185608 -0.8828740119934082
vn -0.17795999348163605 0.9163190126419067 -0.35873401165008545
vn -0.17795999348163605 0.9163190126419067 -0.35873401165008545
vn -0.06129340082406998 0.9159200191497803 -0.39665400981903076
vn -0.15475299954414368 0.13626299798488617 -0.9785109758377075
vn -0.17795999348163605 0.9163190126419067 -0.35873401165008545
vn -0.27717700600624084 0.917074978351593 -0.28661099076271057
vn 0 0.9999480247497559 -0.010222899727523327
vn 0 0.9999480247497559 -0.010222899727523327
vn 0 0.9999480247497559 -0.010223000310361385
vn -0.17795999348163605 0.9163190126419067 -0.35873401165008545
vn -0.4491089880466461 0.1372399926185608 -0.8828740119934082
vn -0.6995030045509338 0.13910000026226044 -0.7009620070457458
vn -0.27717700600624084 0.917074978351593 -0.28661099076271057
vn -0.27717700600624084 0.917074978351593 -0.28661099076271057
vn -0.17795999348163605 0.9163190126419067 -0.35873401165008545
vn -0.4491089880466461 0.1372399926185608 -0.8828740119934082
vn -0.27717700600624084 0.917074978351593 -0.28661099076271057
vn -0.34924501180648804 0.9181089997291565 -0.1873590052127838
vn -1.367619972825196e-7 0.9999480247497559 -0.01022270042449236
vn -1.367619972825196e-7 0.9999480247497559 -0.01022270042449236
vn 0 0.9999480247497559 -0.010222899727523327
vn -0.27717700600624084 0.917074978351593 -0.28661099076271057
vn -0.6995030045509338 0.13910000026226044 -0.7009620070457458
vn -0.8814240097999573 0.14165599644184113 -0.45058301091194153
vn -0.34924501180648804 0.9181089997291565 -0.1873590052127838
vn -0.34924501180648804 0.9181089997291565 -0.1873590052127838
vn -0.27717700600624084 0.917074978351593 -0.28661099076271057
vn -0.6995030045509338 0.13910000026226044 -0.7009620070457458
vn -0.34924501180648804 0.9181089997291565 -0.1873590052127838
vn -0.38704100251197815 0.9193469882011414 -0.07071869820356369
vn 0 0.9999480247497559 -0.01022309996187687
vn 0 0.9999480247497559 -0.01022309996187687
vn -1.367619972825196e-7 0.9999480247497559 -0.01022270042449236
vn -0.34924501180648804 0.9181089997291565 -0.1873590052127838
vn -0.8814240097999573 0.14165599644184113 -0.45058301091194153
vn -0.9770680069923401 0.14466699957847595 -0.1562339961528778
vn -0.38704100251197815 0.9193469882011414 -0.07071869820356369
vn -0.38704100251197815 0.9193469882011414 -0.07071869820356369
vn -0.34924501180648804 0.9181089997291565 -0.1873590052127838
vn -0.8814240097999573 0.14165599644184113 -0.45058301091194153
vn -0.38704100251197815 0.9193469882011414 -0.07071869820356369
vn -0.38697999715805054 0.9206269979476929 0.05189089849591255
vn 0 0.9999480247497559 -0.010223000310361385
vn 0 0.9999480247497559 -0.010223000310361385
vn 0 0.9999480247497559 -0.01022309996187687
vn -0.38704100251197815 0.9193469882011414 -0.07071869820356369
vn -0.9770680069923401 0.14466699957847595 -0.1562339961528778
vn -0.9770669937133789 0.14783300459384918 0.15324999392032623
vn -0.38697999715805054 0.9206269979476929 0.05189089849591255
vn -0.38697999715805054 0.9206269979476929 0.05189089849591255
vn -0.38704100251197815 0.9193469882011414 -0.07071869820356369
vn -0.9770680069923401 0.14466699957847595 -0.1562339961528778
vn -0.38697999715805054 0.9206269979476929 0.05189089849591255
vn -0.349029004573822 0.9218479990959167 0.16844700276851654
vn 0 0.9999480247497559 -0.010222800076007843
vn 0 0.9999480247497559 -0.010222800076007843
vn 0 0.9999480247497559 -0.010223000310361385
vn -0.38697999715805054 0.9206269979476929 0.05189089849591255
vn -0.9770669937133789 0.14783300459384918 0.15324999392032623
vn -0.8814280033111572 0.1508380025625229 0.44758498668670654
vn -0.349029004573822 0.9218479990959167 0.16844700276851654
vn -0.349029004573822 0.9218479990959167 0.16844700276851654
vn -0.38697999715805054 0.9206269979476929 0.05189089849591255
vn -0.9770669937133789 0.14783300459384918 0.15324999392032623
vn -0.349029004573822 0.9218479990959167 0.16844700276851654
vn -0.2769539952278137 0.9228730201721191 0.26758500933647156
vn 0 0.9999480247497559 -0.010222899727523327
vn 0 0.9999480247497559 -0.010222899727523327
vn 0 0.9999480247497559 -0.010222800076007843
vn -0.349029004573822 0.9218479990959167 0.16844700276851654
vn -0.8814280033111572 0.1508380025625229 0.44758498668670654
vn -0.6994990110397339 0.15340200066566467 0.6979749798774719
vn -0.2769539952278137 0.9228730201721191 0.26758500933647156
vn -0.2769539952278137 0.9228730201721191 0.26758500933647156
vn -0.349029004573822 0.9218479990959167 0.16844700276851654
vn -0.8814280033111572 0.1508380025625229 0.44758498668670654
vn -0.2769539952278137 0.9228730201721191 0.26758500933647156
vn -0.1777770072221756 0.9236339926719666 0.33955198526382446
vn 0 0.9999480247497559 -0.010222899727523327
vn 0 0.9999480247497559 -0.010222899727523327
vn 0 0.9999480247497559 -0.010222899727523327
vn -0.2769539952278137 0.9228730201721191 0.26758500933647156
vn -0.6994990110397339 0.15340200066566467 0.6979749798774719
vn -0.44911399483680725 0.15525999665260315 0.8798810243606567
vn -0.1777770072221756 0.9236339926719666 0.33955198526382446
vn -0.1777770072221756 0.9236339926719666 0.33955198526382446
vn -0.2769539952278137 0.9228730201721191 0.26758500933647156
vn -0.6994990110397339 0.15340200066566467 0.6979749798774719
vn -0.1777770072221756 0.9236339926719666 0.33955198526382446
vn -0.06121790036559105 0.9240239858627319 0.37740200757980347
vn 0 0.9999480247497559 -0.010222899727523327
vn 0 0.9999480247497559 -0.010222899727523327
vn 0 0.9999480247497559 -0.010222899727523327
vn -0.1777770072221756 0.9236339926719666 0.33955198526382446
vn -0.44911399483680725 0.15525999665260315 0.8798810243606567
vn -0.15474599599838257 0.1562419980764389 0.9755210280418396
vn -0.06121790036559105 0.9240239858627319 0.37740200757980347
vn -0.06121790036559105 0.9240239858627319 0.37740200757980347
vn -0.1777770072221756 0.9236339926719666 0.33955198526382446
vn -0.44911399483680725 0.15525999665260315 0.8798810243606567
vn -0.06121790036559105 0.9240239858627319 0.37740200757980347
vn 0.06129790097475052 0.9240440130233765 0.37734100222587585
vn 0 0.9999480247497559 -0.010222899727523327
vn 0 0.9999480247497559 -0.010222899727523327
vn 0 0.9999480247497559 -0.010222899727523327
vn -0.06121790036559105 0.9240239858627319 0.37740200757980347
vn -0.15474599599838257 0.1562419980764389 0.9755210280418396
vn 0.15474599599838257 0.1562349945306778 0.9755229949951172
vn 0.06129790097475052 0.9240440130233765 0.37734100222587585
vn 0.06129790097475052 0.9240440130233765 0.37734100222587585
vn -0.06121790036559105 0.9240239858627319 0.37740200757980347
vn -0.15474599599838257 0.1562419980764389 0.9755210280418396
vn 0 0.9999480247497559 -0.010222899727523327
vn 0.06129790097475052 0.9240440130233765 0.37734100222587585
vn 0.18365800380706787 0.9230859875679016 0.3379090130329132
vn 0.18365800380706787 0.9230859875679016 0.3379090130329132
vn 1.19920997576628e-7 0.9999480247497559 -0.010222899727523327
vn 0 0.9999480247497559 -0.010222899727523327
vn 0.06129790097475052 0.9240440130233765 0.37734100222587585
vn 0.15474599599838257 0.1562349945306778 0.9755229949951172
vn 0.4604339897632599 0.16297300159931183 0.8726059794425964
vn 0.4604339897632599 0.16297300159931183 0.8726059794425964
vn 0.18365800380706787 0.9230859875679016 0.3379090130329132
vn 0.06129790097475052 0.9240440130233765 0.37734100222587585
vn 0.18365800380706787 0.9230859875679016 0.3379090130329132
vn 0.26905500888824463 0.9182620048522949 0.29052600264549255
vn 0 0.9999480247497559 -0.010222800076007843
vn 0 0.9999480247497559 -0.010222800076007843
vn 1.19920997576628e-7 0.9999480247497559 -0.010222899727523327
vn 0.18365800380706787 0.9230859875679016 0.3379090130329132
vn 0.4604339897632599 0.16297300159931183 0.8726059794425964
vn 0.6666650176048279 0.1291780024766922 0.7340779900550842
vn 0.26905500888824463 0.9182620048522949 0.29052600264549255
vn 0.26905500888824463 0.9182620048522949 0.29052600264549255
vn 0.18365800380706787 0.9230859875679016 0.3379090130329132
vn 0.4604339897632599 0.16297300159931183 0.8726059794425964
vn 0 0.9999480247497559 -0.010222800076007843
vn 0.26905500888824463 0.9182620048522949 0.29052600264549255
vn 0.35947999358177185 0.9180960059165955 0.16695299744606018
vn 0.35947999358177185 0.9180960059165955 0.16695299744606018
vn 0 0.9999480247497559 -0.010223000310361385
vn 0 0.9999480247497559 -0.010222800076007843
vn 0.26905500888824463 0.9182620048522949 0.29052600264549255
vn 0.6666650176048279 0.1291780024766922 0.7340779900550842
vn 0.8899109959602356 0.13050700724124908 0.437065988779068
vn 0.8899109959602356 0.13050700724124908 0.437065988779068
vn 0.35947999358177185 0.9180960059165955 0.16695299744606018
vn 0.26905500888824463 0.9182620048522949 0.29052600264549255
vn 0.35947999358177185 0.9180960059165955 0.16695299744606018
vn 0.8934199810028076 0.424888014793396 -0.14584699273109436
vn 0 0.9999480247497559 -0.010222800076007843
vn 0 0.9999480247497559 -0.010222800076007843
vn 0 0.9999480247497559 -0.010223000310361385
vn 0.35947999358177185 0.9180960059165955 0.16695299744606018
vn 0.8899109959602356 0.13050700724124908 0.437065988779068
vn 0.9798439741134644 0.12735700607299805 0.15389999747276306
vn 0.8934199810028076 0.424888014793396 -0.14584699273109436
vn 0.8934199810028076 0.424888014793396 -0.14584699273109436
vn 0.35947999358177185 0.9180960059165955 0.16695299744606018
vn 0.8899109959602356 0.13050700724124908 0.437065988779068
vn 0.7640929818153381 0.5103769898414612 -0.3945600092411041
vn 0.7640929818153381 0.5103769898414612 -0.3945600092411041
vn 0.8619319796562195 0.24887299537658691 -0.4417420029640198
vn 0.8619319796562195 0.24887299537658691 -0.4417420029640198
vn 0.8619319796562195 0.24887299537658691 -0.4417420029640198
vn 0.7640929818153381 0.5103769898414612 -0.3945600092411041
vn 0.01857130043208599 0.9996340274810791 -0.01968269981443882
vn 0.01857130043208599 0.9996340274810791 -0.01968269981443882
vn 0.7640929818153381 0.5103769898414612 -0.3945600092411041
vn 0.7640929818153381 0.5103769898414612 -0.3945600092411041
vn 0.7640929818153381 0.5103769898414612 -0.3945600092411041
vn 0.01857130043208599 0.9996340274810791 -0.01968269981443882
vn 0.7640929818153381 0.5103769898414612 -0.3945600092411041
vn 0.26385900378227234 0.9250230193138123 -0.27333199977874756
vn 0.014738200232386589 0.9995800256729126 -0.024958200752735138
vn 0.014738200232386589 0.9995800256729126 -0.024958200752735138
vn 0.01857130043208599 0.9996340274810791 -0.01968269981443882
vn 0.7640929818153381 0.5103769898414612 -0.3945600092411041
vn 0.8619319796562195 0.24887299537658691 -0.4417420029640198
vn 0.6840299963951111 0.24637100100517273 -0.6865890026092529
vn 0.26385900378227234 0.9250230193138123 -0.27333199977874756
vn 0.26385900378227234 0.9250230193138123 -0.27333199977874756
vn 0.7640929818153381 0.5103769898414612 -0.3945600092411041
vn 0.8619319796562195 0.24887299537658691 -0.4417420029640198
vn 0.7640929818153381 0.5103769898414612 -0.3945600092411041
vn 0.8470060229301453 0.5129780173301697 -0.13940399885177612
vn 0.9554589986801147 0.2549079954624176 0.14872899651527405
vn 0.9554589986801147 0.2549079954624176 0.14872899651527405
vn 0.8619319796562195 0.24887299537658691 -0.4417420029640198
vn 0.7640929818153381 0.5103769898414612 -0.3945600092411041
vn 0.01857130043208599 0.9996340274810791 -0.01968269981443882
vn 0.020586399361491203 0.9997640252113342 -0.006960269995033741
vn 0.8470060229301453 0.5129780173301697 -0.13940399885177612
vn 0.8470060229301453 0.5129780173301697 -0.13940399885177612
vn 0.7640929818153381 0.5103769898414612 -0.3945600092411041
vn 0.01857130043208599 0.9996340274810791 -0.01968269981443882
vn 0.26385900378227234 0.9250230193138123 -0.27333199977874756
vn 0.16940900683403015 0.9243220090866089 -0.341949999332428
vn 0.009462590329349041 0.9995409846305847 -0.028791099786758423
vn 0.009462590329349041 0.9995409846305847 -0.028791099786758423
vn 0.014738200232386589 0.9995800256729126 -0.024958200752735138
vn 0.26385900378227234 0.9250230193138123 -0.27333199977874756
vn 0.6840299963951111 0.24637100100517273 -0.6865890026092529
vn 0.439179003238678 0.2445490062236786 -0.8644750118255615
vn 0.16940900683403015 0.9243220090866089 -0.341949999332428
vn 0.16940900683403015 0.9243220090866089 -0.341949999332428
vn 0.26385900378227234 0.9250230193138123 -0.27333199977874756
vn 0.6840299963951111 0.24637100100517273 -0.6865890026092529
vn 0.16940900683403015 0.9243220090866089 -0.341949999332428
vn 0.058373499661684036 0.9239510297775269 -0.378030002117157
vn 0.003260579891502857 0.9995200037956238 -0.030806200578808784
vn 0.003260579891502857 0.9995200037956238 -0.030806200578808784
vn 0.009462590329349041 0.9995409846305847 -0.028791099786758423
vn 0.16940900683403015 0.9243220090866089 -0.341949999332428
vn 0.439179003238678 0.2445490062236786 -0.8644750118255615
vn 0.1513269990682602 0.2435940057039261 -0.9579989910125732
vn 0.058373499661684036 0.9239510297775269 -0.378030002117157
vn 0.058373499661684036 0.9239510297775269 -0.378030002117157
vn 0.16940900683403015 0.9243220090866089 -0.341949999332428
vn 0.439179003238678 0.2445490062236786 -0.8644750118255615
vn 0.058373499661684036 0.9239510297775269 -0.378030002117157
vn -0.05837250128388405 0.9239540100097656 -0.37802401185035706
vn -0.0032605701126158237 0.9995200037956238 -0.030806099995970726
vn -0.0032605701126158237 0.9995200037956238 -0.030806099995970726
vn 0.003260579891502857 0.9995200037956238 -0.030806200578808784
vn 0.058373499661684036 0.9239510297775269 -0.378030002117157
vn 0.1513269990682602 0.2435940057039261 -0.9579989910125732
vn -0.1513269990682602 0.2435940057039261 -0.9579989910125732
vn -0.05837250128388405 0.9239540100097656 -0.37802401185035706
vn -0.05837250128388405 0.9239540100097656 -0.37802401185035706
vn 0.058373499661684036 0.9239510297775269 -0.378030002117157
vn 0.1513269990682602 0.2435940057039261 -0.9579989910125732
vn -0.05837250128388405 0.9239540100097656 -0.37802401185035706
vn -0.16941100358963013 0.9243199825286865 -0.34195399284362793
vn -0.009462599642574787 0.9995409846305847 -0.028791099786758423
vn -0.009462599642574787 0.9995409846305847 -0.028791099786758423
vn -0.0032605701126158237 0.9995200037956238 -0.030806099995970726
vn -0.05837250128388405 0.9239540100097656 -0.37802401185035706
vn -0.1513269990682602 0.2435940057039261 -0.9579989910125732
vn -0.439179003238678 0.24455200135707855 -0.8644750118255615
vn -0.16941100358963013 0.9243199825286865 -0.34195399284362793
vn -0.16941100358963013 0.9243199825286865 -0.34195399284362793
vn -0.05837250128388405 0.9239540100097656 -0.37802401185035706
vn -0.1513269990682602 0.2435940057039261 -0.9579989910125732
vn -0.16941100358963013 0.9243199825286865 -0.34195399284362793
vn -0.2638719975948334 0.9250169992446899 -0.2733420133590698
vn -0.014738200232386589 0.9995800256729126 -0.02495810016989708
vn -0.014738200232386589 0.9995800256729126 -0.02495810016989708
vn -0.009462599642574787 0.9995409846305847 -0.028791099786758423
vn -0.16941100358963013 0.9243199825286865 -0.34195399284362793
vn -0.439179003238678 0.24455200135707855 -0.8644750118255615
vn -0.6840329766273499 0.24636900424957275 -0.6865869760513306
vn -0.2638719975948334 0.9250169992446899 -0.2733420133590698
vn -0.2638719975948334 0.9250169992446899 -0.2733420133590698
vn -0.16941100358963013 0.9243199825286865 -0.34195399284362793
vn -0.439179003238678 0.24455200135707855 -0.8644750118255615
vn -0.2638719975948334 0.9250169992446899 -0.2733420133590698
vn -0.33249199390411377 0.9259849786758423 -0.1788879930973053
vn -0.0185713991522789 0.9996340274810791 -0.01968280039727688
vn -0.0185713991522789 0.9996340274810791 -0.01968280039727688
vn -0.014738200232386589 0.9995800256729126 -0.02495810016989708
vn -0.2638719975948334 0.9250169992446899 -0.2733420133590698
vn -0.6840329766273499 0.24636900424957275 -0.6865869760513306
vn -0.8619310259819031 0.24887500703334808 -0.4417420029640198
vn -0.33249199390411377 0.9259849786758423 -0.1788879930973053
vn -0.33249199390411377 0.9259849786758423 -0.1788879930973053
vn -0.2638719975948334 0.9250169992446899 -0.2733420133590698
vn -0.6840329766273499 0.24636900424957275 -0.6865869760513306
vn -0.33249199390411377 0.9259849786758423 -0.1788879930973053
vn -0.36856400966644287 0.9271219968795776 -0.06785769760608673
vn -0.020586399361491203 0.9996970295906067 -0.013481100089848042
vn -0.020586399361491203 0.9996970295906067 -0.013481100089848042
vn -0.0185713991522789 0.9996340274810791 -0.01968280039727688
vn -0.33249199390411377 0.9259849786758423 -0.1788879930973053
vn -0.8619310259819031 0.24887500703334808 -0.4417420029640198
vn -0.9554579854011536 0.25181400775909424 -0.15391400456428528
vn -0.36856400966644287 0.9271219968795776 -0.06785769760608673
vn -0.36856400966644287 0.9271219968795776 -0.06785769760608673
vn -0.33249199390411377 0.9259849786758423 -0.1788879930973053
vn -0.8619310259819031 0.24887500703334808 -0.4417420029640198
vn -0.36856400966644287 0.9271219968795776 -0.06785769760608673
vn -0.3685680031776428 0.9283139705657959 0.0488893985748291
vn -0.020586499944329262 0.9997640252113342 -0.0069602602161467075
vn -0.020586499944329262 0.9997640252113342 -0.0069602602161467075
vn -0.020586399361491203 0.9996970295906067 -0.013481100089848042
vn -0.36856400966644287 0.9271219968795776 -0.06785769760608673
vn -0.9554579854011536 0.25181400775909424 -0.15391400456428528
vn -0.9554569721221924 0.25491100549697876 0.1487330049276352
vn -0.3685680031776428 0.9283139705657959 0.0488893985748291
vn -0.3685680031776428 0.9283139705657959 0.0488893985748291
vn -0.36856400966644287 0.9271219968795776 -0.06785769760608673
vn -0.9554579854011536 0.25181400775909424 -0.15391400456428528
vn -0.3685680031776428 0.9283139705657959 0.0488893985748291
vn -0.33249199390411377 0.9294490218162537 0.15991899371147156
vn -0.01857130043208599 0.9998270273208618 -0.0007585950079374015
vn -0.01857130043208599 0.9998270273208618 -0.0007585950079374015
vn -0.020586499944329262 0.9997640252113342 -0.0069602602161467075
vn -0.3685680031776428 0.9283139705657959 0.0488893985748291
vn -0.9554569721221924 0.25491100549697876 0.1487330049276352
vn -0.8619310259819031 0.2578530013561249 0.43656298518180847
vn -0.33249199390411377 0.9294490218162537 0.15991899371147156
vn -0.33249199390411377 0.9294490218162537 0.15991899371147156
vn -0.3685680031776428 0.9283139705657959 0.0488893985748291
vn -0.9554569721221924 0.25491100549697876 0.1487330049276352
vn -0.33249199390411377 0.9294490218162537 0.15991899371147156
vn -0.2638719975948334 0.9304119944572449 0.2543730139732361
vn -0.014738200232386589 0.9998810291290283 0.004516750108450651
vn -0.014738200232386589 0.9998810291290283 0.004516750108450651
vn -0.01857130043208599 0.9998270273208618 -0.0007585950079374015
vn -0.33249199390411377 0.9294490218162537 0.15991899371147156
vn -0.8619310259819031 0.2578530013561249 0.43656298518180847
vn -0.6840329766273499 0.26035401225090027 0.6814069747924805
vn -0.2638719975948334 0.9304119944572449 0.2543730139732361
vn -0.2638719975948334 0.9304119944572449 0.2543730139732361
vn -0.33249199390411377 0.9294490218162537 0.15991899371147156
vn -0.8619310259819031 0.2578530013561249 0.43656298518180847
vn -0.2638719975948334 0.9304119944572449 0.2543730139732361
vn -0.1694130003452301 0.931115984916687 0.3229900002479553
vn -0.009462639689445496 0.9999200105667114 0.008349769748747349
vn -0.009462639689445496 0.9999200105667114 0.008349769748747349
vn -0.014738200232386589 0.9998810291290283 0.004516750108450651
vn -0.2638719975948334 0.9304119944572449 0.2543730139732361
vn -0.6840329766273499 0.26035401225090027 0.6814069747924805
vn -0.4391759932041168 0.2621749937534332 0.8592960238456726
vn -0.1694130003452301 0.931115984916687 0.3229900002479553
vn -0.1694130003452301 0.931115984916687 0.3229900002479553
vn -0.2638719975948334 0.9304119944572449 0.2543730139732361
vn -0.6840329766273499 0.26035401225090027 0.6814069747924805
vn -0.1694130003452301 0.931115984916687 0.3229900002479553
vn -0.05837490037083626 0.9314870238304138 0.35906100273132324
vn -0.0032605500891804695 0.9999409914016724 0.01036479976028204
vn -0.0032605500891804695 0.9999409914016724 0.01036479976028204
vn -0.009462639689445496 0.9999200105667114 0.008349769748747349
vn -0.1694130003452301 0.931115984916687 0.3229900002479553
vn -0.4391759932041168 0.2621749937534332 0.8592960238456726
vn -0.15133099257946014 0.26312899589538574 0.952817976474762
vn -0.05837490037083626 0.9314870238304138 0.35906100273132324
vn -0.05837490037083626 0.9314870238304138 0.35906100273132324
vn -0.1694130003452301 0.931115984916687 0.3229900002479553
vn -0.4391759932041168 0.2621749937534332 0.8592960238456726
vn -0.05837490037083626 0.9314870238304138 0.35906100273132324
vn 0.05837560072541237 0.9314849972724915 0.3590649962425232
vn 0.0032605701126158237 0.9999409914016724 0.010364900343120098
vn 0.0032605701126158237 0.9999409914016724 0.010364900343120098
vn -0.0032605500891804695 0.9999409914016724 0.01036479976028204
vn -0.05837490037083626 0.9314870238304138 0.35906100273132324
vn -0.15133099257946014 0.26312899589538574 0.952817976474762
vn 0.15133099257946014 0.2631320059299469 0.9528170228004456
vn 0.05837560072541237 0.9314849972724915 0.3590649962425232
vn 0.05837560072541237 0.9314849972724915 0.3590649962425232
vn -0.05837490037083626 0.9314870238304138 0.35906100273132324
vn -0.15133099257946014 0.26312899589538574 0.952817976474762
vn 0.05837560072541237 0.9314849972724915 0.3590649962425232
vn 0.16941499710083008 0.9311140179634094 0.32299500703811646
vn 0.009462529793381691 0.9999200105667114 0.00834954995661974
vn 0.009462529793381691 0.9999200105667114 0.00834954995661974
vn 0.0032605701126158237 0.9999409914016724 0.010364900343120098
vn 0.05837560072541237 0.9314849972724915 0.3590649962425232
vn 0.15133099257946014 0.2631320059299469 0.9528170228004456
vn 0.4391759932041168 0.2621749937534332 0.8592960238456726
vn 0.16941499710083008 0.9311140179634094 0.32299500703811646
vn 0.16941499710083008 0.9311140179634094 0.32299500703811646
vn 0.05837560072541237 0.9314849972724915 0.3590649962425232
vn 0.15133099257946014 0.2631320059299469 0.9528170228004456
vn 0.16941499710083008 0.9311140179634094 0.32299500703811646
vn 0.26386499404907227 0.9304149746894836 0.25436899065971375
vn 0.014738200232386589 0.9998810291290283 0.004516759887337685
vn 0.014738200232386589 0.9998810291290283 0.004516759887337685
vn 0.009462529793381691 0.9999200105667114 0.00834954995661974
vn 0.16941499710083008 0.9311140179634094 0.32299500703811646
vn 0.4391759932041168 0.2621749937534332 0.8592960238456726
vn 0.6840310096740723 0.26035401225090027 0.6814079880714417
vn 0.26386499404907227 0.9304149746894836 0.25436899065971375
vn 0.26386499404907227 0.9304149746894836 0.25436899065971375
vn 0.16941499710083008 0.9311140179634094 0.32299500703811646
vn 0.4391759932041168 0.2621749937534332 0.8592960238456726
vn 0.26386499404907227 0.9304149746894836 0.25436899065971375
vn 0.332491010427475 0.9294490218162537 0.15992000699043274
vn 0.018571199849247932 0.9998270273208618 -0.0007586649735458195
vn 0.018571199849247932 0.9998270273208618 -0.0007586649735458195
vn 0.014738200232386589 0.9998810291290283 0.004516759887337685
vn 0.26386499404907227 0.9304149746894836 0.25436899065971375
vn 0.6840310096740723 0.26035401225090027 0.6814079880714417
vn 0.8619310259819031 0.2578510046005249 0.43656298518180847
vn 0.332491010427475 0.9294490218162537 0.15992000699043274
vn 0.332491010427475 0.9294490218162537 0.15992000699043274
vn 0.26386499404907227 0.9304149746894836 0.25436899065971375
vn 0.6840310096740723 0.26035401225090027 0.6814079880714417
vn 0.332491010427475 0.9294490218162537 0.15992000699043274
vn 0.8470060229301453 0.5129780173301697 -0.13940399885177612
vn 0.020586399361491203 0.9997640252113342 -0.006960269995033741
vn 0.020586399361491203 0.9997640252113342 -0.006960269995033741
vn 0.018571199849247932 0.9998270273208618 -0.0007586649735458195
vn 0.332491010427475 0.9294490218162537 0.15992000699043274
vn 0.8619310259819031 0.2578510046005249 0.43656298518180847
vn 0.9554589986801147 0.2549079954624176 0.14872899651527405
vn 0.8470060229301453 0.5129780173301697 -0.13940399885177612
vn 0.8470060229301453 0.5129780173301697 -0.13940399885177612
vn 0.332491010427475 0.9294490218162537 0.15992000699043274
vn 0.8619310259819031 0.2578510046005249 0.43656298518180847
vn 0.7836350202560425 0.4718030095100403 -0.40412700176239014
vn 0.7836350202560425 0.4718030095100403 -0.40412700176239014
vn 0.8729249835014343 0.19586899876594543 -0.44680699706077576
vn 0.8729249835014343 0.19586899876594543 -0.44680699706077576
vn 0.8729259967803955 0.19586899876594543 -0.44680699706077576
vn 0.7836350202560425 0.4718030095100403 -0.40412700176239014
vn 0.021768100559711456 0.9995359778404236 -0.02131050080060959
vn 0.02176789939403534 0.9995359778404236 -0.021310599520802498
vn 0.7836350202560425 0.4718030095100403 -0.40412700176239014
vn 0.7836350202560425 0.4718030095100403 -0.40412700176239014
vn 0.7836350202560425 0.4718030095100403 -0.40412700176239014
vn 0.021768100559711456 0.9995359778404236 -0.02131050080060959
vn 0.7836350202560425 0.4718030095100403 -0.40412700176239014
vn 0.276962012052536 0.9172199964523315 -0.2863540053367615
vn 0.01727519929409027 0.999472975730896 -0.02749430015683174
vn 0.01727519929409027 0.999472975730896 -0.02749430015683174
vn 0.021768100559711456 0.9995359778404236 -0.02131050080060959
vn 0.7836350202560425 0.4718030095100403 -0.40412700176239014
vn 0.8729259967803955 0.19586899876594543 -0.44680699706077576
vn 0.6927589774131775 0.1933320015668869 -0.6947720050811768
vn 0.276962012052536 0.9172199964523315 -0.2863540053367615
vn 0.276962012052536 0.9172199964523315 -0.2863540053367615
vn 0.7836350202560425 0.4718030095100403 -0.40412700176239014
vn 0.8729259967803955 0.19586899876594543 -0.44680699706077576
vn 0.7836350202560425 0.4718030095100403 -0.40412700176239014
vn 0.8686659932136536 0.47447898983955383 -0.14243699610233307
vn 0.9676470160484314 0.2019830048084259 0.15120400488376617
vn 0.9676470160484314 0.2019830048084259 0.15120400488376617
vn 0.8729249835014343 0.19586899876594543 -0.44680699706077576
vn 0.7836350202560425 0.4718030095100403 -0.40412700176239014
vn 0.02176789939403534 0.9995359778404236 -0.021310599520802498
vn 0.024129999801516533 0.9996880292892456 -0.006398200057446957
vn 0.8686659932136536 0.47447898983955383 -0.14243699610233307
vn 0.8686659932136536 0.47447898983955383 -0.14243699610233307
vn 0.7836350202560425 0.4718030095100403 -0.40412700176239014
vn 0.02176789939403534 0.9995359778404236 -0.021310599520802498
vn 0.276962012052536 0.9172199964523315 -0.2863540053367615
vn 0.17782500386238098 0.9164789915084839 -0.35839200019836426
vn 0.011091300286352634 0.9994270205497742 -0.031986601650714874
vn 0.011091300286352634 0.9994270205497742 -0.031986601650714874
vn 0.01727519929409027 0.999472975730896 -0.02749430015683174
vn 0.276962012052536 0.9172199964523315 -0.2863540053367615
vn 0.6927589774131775 0.1933320015668869 -0.6947720050811768
vn 0.44477999210357666 0.19148799777030945 -0.8749300241470337
vn 0.17782500386238098 0.9164789915084839 -0.35839200019836426
vn 0.17782500386238098 0.9164789915084839 -0.35839200019836426
vn 0.276962012052536 0.9172199964523315 -0.2863540053367615
vn 0.6927589774131775 0.1933320015668869 -0.6947720050811768
vn 0.17782500386238098 0.9164789915084839 -0.35839200019836426
vn 0.06127279996871948 0.9160969853401184 -0.3962459862232208
vn 0.003822020022198558 0.9994029998779297 -0.034348998218774796
vn 0.003822020022198558 0.9994029998779297 -0.034348998218774796
vn 0.011091300286352634 0.9994270205497742 -0.031986601650714874
vn 0.17782500386238098 0.9164789915084839 -0.35839200019836426
vn 0.44477999210357666 0.19148799777030945 -0.8749300241470337
vn 0.1532599925994873 0.1905200034379959 -0.9696459770202637
vn 0.06127279996871948 0.9160969853401184 -0.3962459862232208
vn 0.06127279996871948 0.9160969853401184 -0.3962459862232208
vn 0.17782500386238098 0.9164789915084839 -0.35839200019836426
vn 0.44477999210357666 0.19148799777030945 -0.8749300241470337
vn 0.06127279996871948 0.9160969853401184 -0.3962459862232208
vn -0.061274800449609756 0.9160919785499573 -0.39625900983810425
vn -0.003821949940174818 0.9994029998779297 -0.03434839844703674
vn -0.003821949940174818 0.9994029998779297 -0.03434839844703674
vn 0.003822020022198558 0.9994029998779297 -0.034348998218774796
vn 0.06127279996871948 0.9160969853401184 -0.3962459862232208
vn 0.1532599925994873 0.1905200034379959 -0.9696459770202637
vn -0.1532610058784485 0.1905210018157959 -0.9696459770202637
vn -0.061274800449609756 0.9160919785499573 -0.39625900983810425
vn -0.061274800449609756 0.9160919785499573 -0.39625900983810425
vn 0.06127279996871948 0.9160969853401184 -0.3962459862232208
vn 0.1532599925994873 0.1905200034379959 -0.9696459770202637
vn -0.061274800449609756 0.9160919785499573 -0.39625900983810425
vn -0.17781999707221985 0.916483998298645 -0.358381986618042
vn -0.011091300286352634 0.9994270205497742 -0.03198689967393875
vn -0.011091300286352634 0.9994270205497742 -0.03198689967393875
vn -0.003821949940174818 0.9994029998779297 -0.03434839844703674
vn -0.061274800449609756 0.9160919785499573 -0.39625900983810425
vn -0.1532610058784485 0.1905210018157959 -0.9696459770202637
vn -0.4447779953479767 0.19148999452590942 -0.8749309778213501
vn -0.17781999707221985 0.916483998298645 -0.358381986618042
vn -0.17781999707221985 0.916483998298645 -0.358381986618042
vn -0.061274800449609756 0.9160919785499573 -0.39625900983810425
vn -0.1532610058784485 0.1905210018157959 -0.9696459770202637
vn -0.17781999707221985 0.916483998298645 -0.358381986618042
vn -0.276962012052536 0.9172199964523315 -0.2863540053367615
vn -0.017275100573897362 0.999472975730896 -0.027494000270962715
vn -0.017275100573897362 0.999472975730896 -0.027494000270962715
vn -0.011091300286352634 0.9994270205497742 -0.03198689967393875
vn -0.17781999707221985 0.916483998298645 -0.358381986618042
vn -0.4447779953479767 0.19148999452590942 -0.8749309778213501
vn -0.6927589774131775 0.1933320015668869 -0.6947720050811768
vn -0.276962012052536 0.9172199964523315 -0.2863540053367615
vn -0.276962012052536 0.9172199964523315 -0.2863540053367615
vn -0.17781999707221985 0.916483998298645 -0.358381986618042
vn -0.4447779953479767 0.19148999452590942 -0.8749309778213501
vn -0.276962012052536 0.9172199964523315 -0.2863540053367615
vn -0.3490050137042999 0.9182289838790894 -0.18722200393676758
vn -0.02176780067384243 0.9995359778404236 -0.02131040021777153
vn -0.02176780067384243 0.9995359778404236 -0.02131040021777153
vn -0.017275100573897362 0.999472975730896 -0.027494000270962715
vn -0.276962012052536 0.9172199964523315 -0.2863540053367615
vn -0.6927589774131775 0.1933320015668869 -0.6947720050811768
vn -0.8729280233383179 0.19586700201034546 -0.4468030035495758
vn -0.3490050137042999 0.9182289838790894 -0.18722200393676758
vn -0.3490050137042999 0.9182289838790894 -0.18722200393676758
vn -0.276962012052536 0.9172199964523315 -0.2863540053367615
vn -0.6927589774131775 0.1933320015668869 -0.6947720050811768
vn -0.3490050137042999 0.9182289838790894 -0.18722200393676758
vn -0.3868730068206787 0.9194210171699524 -0.07067760080099106
vn -0.024129999801516533 0.9996100068092346 -0.014041599817574024
vn -0.024129999801516533 0.9996100068092346 -0.014041599817574024
vn -0.02176780067384243 0.9995359778404236 -0.02131040021777153
vn -0.3490050137042999 0.9182289838790894 -0.18722200393676758
vn -0.8729280233383179 0.19586700201034546 -0.4468030035495758
vn -0.9676480293273926 0.1988459974527359 -0.15530100464820862
vn -0.3868730068206787 0.9194210171699524 -0.07067760080099106
vn -0.3868730068206787 0.9194210171699524 -0.07067760080099106
vn -0.3490050137042999 0.9182289838790894 -0.18722200393676758
vn -0.8729280233383179 0.19586700201034546 -0.4468030035495758
vn -0.3868730068206787 0.9194210171699524 -0.07067760080099106
vn -0.38687199354171753 0.9206740260124207 0.05186539888381958
vn -0.024129800498485565 0.9996880292892456 -0.006398229859769344
vn -0.024129800498485565 0.9996880292892456 -0.006398229859769344
vn -0.024129999801516533 0.9996100068092346 -0.014041599817574024
vn -0.3868730068206787 0.9194210171699524 -0.07067760080099106
vn -0.9676480293273926 0.1988459974527359 -0.15530100464820862
vn -0.9676470160484314 0.20197999477386475 0.15120400488376617
vn -0.38687199354171753 0.9206740260124207 0.05186539888381958
vn -0.38687199354171753 0.9206740260124207 0.05186539888381958
vn -0.3868730068206787 0.9194210171699524 -0.07067760080099106
vn -0.9676480293273926 0.1988459974527359 -0.15530100464820862
vn -0.38687199354171753 0.9206740260124207 0.05186539888381958
vn -0.3489939868450165 0.9218689799308777 0.16840499639511108
vn -0.021755099296569824 0.999763011932373 0.0008717220043763518
vn -0.021755099296569824 0.999763011932373 0.0008717220043763518
vn -0.024129800498485565 0.9996880292892456 -0.006398229859769344
vn -0.38687199354171753 0.9206740260124207 0.05186539888381958
vn -0.9676470160484314 0.20197999477386475 0.15120400488376617
vn -0.8729280233383179 0.20496100187301636 0.4427050054073334
vn -0.3489939868450165 0.9218689799308777 0.16840499639511108
vn -0.3489939868450165 0.9218689799308777 0.16840499639511108
vn -0.38687199354171753 0.9206740260124207 0.05186539888381958
vn -0.9676470160484314 0.20197999477386475 0.15120400488376617
vn -0.3489939868450165 0.9218689799308777 0.16840499639511108
vn -0.276962012052536 0.9228829741477966 0.2675420045852661
vn -0.01726830005645752 0.9998260140419006 0.0070472401566803455
vn -0.01726830005645752 0.9998260140419006 0.0070472401566803455
vn -0.021755099296569824 0.999763011932373 0.0008717220043763518
vn -0.3489939868450165 0.9218689799308777 0.16840499639511108
vn -0.8729280233383179 0.20496100187301636 0.4427050054073334
vn -0.6927589774131775 0.20749600231647491 0.6906740069389343
vn -0.276962012052536 0.9228829741477966 0.2675420045852661
vn -0.276962012052536 0.9228829741477966 0.2675420045852661
vn -0.3489939868450165 0.9218689799308777 0.16840499639511108
vn -0.8729280233383179 0.20496100187301636 0.4427050054073334
vn -0.276962012052536 0.9228829741477966 0.2675420045852661
vn -0.17782500386238098 0.9236140251159668 0.3395810127258301
vn -0.011097200214862823 0.9998720288276672 0.011544800363481045
vn -0.011097200214862823 0.9998720288276672 0.011544800363481045
vn -0.01726830005645752 0.9998260140419006 0.0070472401566803455
vn -0.276962012052536 0.9228829741477966 0.2675420045852661
vn -0.6927589774131775 0.20749600231647491 0.6906740069389343
vn -0.4447770118713379 0.2093379944562912 0.8708329796791077
vn -0.17782500386238098 0.9236140251159668 0.3395810127258301
vn -0.17782500386238098 0.9236140251159668 0.3395810127258301
vn -0.276962012052536 0.9228829741477966 0.2675420045852661
vn -0.6927589774131775 0.20749600231647491 0.6906740069389343
vn -0.17782500386238098 0.9236140251159668 0.3395810127258301
vn -0.0612730011343956 0.924006998538971 0.37743499875068665
vn -0.0038218500558286905 0.9998959898948669 0.013908900320529938
vn -0.0038218500558286905 0.9998959898948669 0.013908900320529938
vn -0.011097200214862823 0.9998720288276672 0.011544800363481045
vn -0.17782500386238098 0.9236140251159668 0.3395810127258301
vn -0.4447770118713379 0.2093379944562912 0.8708329796791077
vn -0.1532610058784485 0.21030500531196594 0.9655479788780212
vn -0.0612730011343956 0.924006998538971 0.37743499875068665
vn -0.0612730011343956 0.924006998538971 0.37743499875068665
vn -0.17782500386238098 0.9236140251159668 0.3395810127258301
vn -0.4447770118713379 0.2093379944562912 0.8708329796791077
vn -0.0612730011343956 0.924006998538971 0.37743499875068665
vn 0.061274901032447815 0.9240019917488098 0.3774470090866089
vn 0.003821820020675659 0.9998959898948669 0.013908600434660912
vn 0.003821820020675659 0.9998959898948669 0.013908600434660912
vn -0.0038218500558286905 0.9998959898948669 0.013908900320529938
vn -0.0612730011343956 0.924006998538971 0.37743499875068665
vn -0.1532610058784485 0.21030500531196594 0.9655479788780212
vn 0.1532610058784485 0.21030500531196594 0.9655479788780212
vn 0.061274901032447815 0.9240019917488098 0.3774470090866089
vn 0.061274901032447815 0.9240019917488098 0.3774470090866089
vn -0.0612730011343956 0.924006998538971 0.37743499875068665
vn -0.1532610058784485 0.21030500531196594 0.9655479788780212
vn 0.061274901032447815 0.9240019917488098 0.3774470090866089
vn 0.17781999707221985 0.9236189723014832 0.33956998586654663
vn 0.01109199970960617 0.9998720288276672 0.011534400284290314
vn 0.01109199970960617 0.9998720288276672 0.011534400284290314
vn 0.003821820020675659 0.9998959898948669 0.013908600434660912
vn 0.061274901032447815 0.9240019917488098 0.3774470090866089
vn 0.1532610058784485 0.21030500531196594 0.9655479788780212
vn 0.4447770118713379 0.2093379944562912 0.8708329796791077
vn 0.17781999707221985 0.9236189723014832 0.33956998586654663
vn 0.17781999707221985 0.9236189723014832 0.33956998586654663
vn 0.061274901032447815 0.9240019917488098 0.3774470090866089
vn 0.1532610058784485 0.21030500531196594 0.9655479788780212
vn 0.17781999707221985 0.9236189723014832 0.33956998586654663
vn 0.27696898579597473 0.9228789806365967 0.26754799485206604
vn 0.017271099612116814 0.9998260140419006 0.007059279829263687
vn 0.017271099612116814 0.9998260140419006 0.007059279829263687
vn 0.01109199970960617 0.9998720288276672 0.011534400284290314
vn 0.17781999707221985 0.9236189723014832 0.33956998586654663
vn 0.4447770118713379 0.2093379944562912 0.8708329796791077
vn 0.6927589774131775 0.20749600231647491 0.6906740069389343
vn 0.27696898579597473 0.9228789806365967 0.26754799485206604
vn 0.27696898579597473 0.9228789806365967 0.26754799485206604
vn 0.17781999707221985 0.9236189723014832 0.33956998586654663
vn 0.4447770118713379 0.2093379944562912 0.8708329796791077
vn 0.27696898579597473 0.9228789806365967 0.26754799485206604
vn 0.3490000069141388 0.9218659996986389 0.16840800642967224
vn 0.02176780067384243 0.999763011932373 0.0008709169924259186
vn 0.02176780067384243 0.999763011932373 0.0008709169924259186
vn 0.017271099612116814 0.9998260140419006 0.007059279829263687
vn 0.27696898579597473 0.9228789806365967 0.26754799485206604
vn 0.6927589774131775 0.20749600231647491 0.6906740069389343
vn 0.8729280233383179 0.20496100187301636 0.4427050054073334
vn 0.3490000069141388 0.9218659996986389 0.16840800642967224
vn 0.3490000069141388 0.9218659996986389 0.16840800642967224
vn 0.27696898579597473 0.9228789806365967 0.26754799485206604
vn 0.6927589774131775 0.20749600231647491 0.6906740069389343
vn 0.3490000069141388 0.9218659996986389 0.16840800642967224
vn 0.8686659932136536 0.47447898983955383 -0.14243699610233307
vn 0.024129999801516533 0.9996880292892456 -0.006398200057446957
vn 0.024129999801516533 0.9996880292892456 -0.006398200057446957
vn 0.02176780067384243 0.999763011932373 0.0008709169924259186
vn 0.3490000069141388 0.9218659996986389 0.16840800642967224
vn 0.8729280233383179 0.20496100187301636 0.4427050054073334
vn 0.9676470160484314 0.2019830048084259 0.15120400488376617
vn 0.8686659932136536 0.47447898983955383 -0.14243699610233307
vn 0.8686659932136536 0.47447898983955383 -0.14243699610233307
vn 0.3490000069141388 0.9218659996986389 0.16840800642967224
vn 0.8729280233383179 0.20496100187301636 0.4427050054073334
vn 0.0204716008156538 0.999576985836029 -0.02065039984881878
vn 0.016246100887656212 0.9995179772377014 -0.026465600356459618
vn 0.6840299963951111 0.24637100100517273 -0.6865890026092529
vn 0.6840299963951111 0.24637100100517273 -0.6865890026092529
vn 0.8619319796562195 0.24887299537658691 -0.4417420029640198
vn 0.0204716008156538 0.999576985836029 -0.02065039984881878
vn 0.8619319796562195 0.24887299537658691 -0.4417420029640198
vn 0.8619319796562195 0.24887299537658691 -0.4417409896850586
vn 0.0204716008156538 0.999576985836029 -0.02065039984881878
vn 0.0204716008156538 0.999576985836029 -0.02065039984881878
vn 0.0204716008156538 0.999576985836029 -0.02065039984881878
vn 0.8619319796562195 0.24887299537658691 -0.4417420029640198
vn 0.8619319796562195 0.24887299537658691 -0.4417409896850586
vn 0.9554589986801147 0.2549079954624176 0.14872899651527405
vn 0.02269279956817627 0.9997209906578064 -0.0066261799074709415
vn 0.02269279956817627 0.9997209906578064 -0.0066261799074709415
vn 0.0204716008156538 0.999576985836029 -0.02065039984881878
vn 0.8619319796562195 0.24887299537658691 -0.4417409896850586
vn 0.016246100887656212 0.9995179772377014 -0.026465600356459618
vn 0.010430799797177315 0.9994750022888184 -0.030690599232912064
vn 0.439179003238678 0.2445490062236786 -0.8644750118255615
vn 0.439179003238678 0.2445490062236786 -0.8644750118255615
vn 0.6840299963951111 0.24637100100517273 -0.6865890026092529
vn 0.016246100887656212 0.9995179772377014 -0.026465600356459618
vn 0.010430799797177315 0.9994750022888184 -0.030690599232912064
vn 0.0035941600799560547 0.9994519948959351 -0.03291179984807968
vn 0.1513269990682602 0.2435940057039261 -0.9579989910125732
vn 0.1513269990682602 0.2435940057039261 -0.9579989910125732
vn 0.439179003238678 0.2445490062236786 -0.8644750118255615
vn 0.010430799797177315 0.9994750022888184 -0.030690599232912064
vn 0.0035941600799560547 0.9994519948959351 -0.03291179984807968
vn -0.0035941600799560547 0.9994519948959351 -0.03291179984807968
vn -0.1513269990682602 0.2435940057039261 -0.9579989910125732
vn -0.1513269990682602 0.2435940057039261 -0.9579989910125732
vn 0.1513269990682602 0.2435940057039261 -0.9579989910125732
vn 0.0035941600799560547 0.9994519948959351 -0.03291179984807968
vn -0.0035941600799560547 0.9994519948959351 -0.03291179984807968
vn -0.010430700145661831 0.9994750022888184 -0.030690599232912064
vn -0.439179003238678 0.24455200135707855 -0.8644750118255615
vn -0.439179003238678 0.24455200135707855 -0.8644750118255615
vn -0.1513269990682602 0.2435940057039261 -0.9579989910125732
vn -0.0035941600799560547 0.9994519948959351 -0.03291179984807968
vn -0.010430700145661831 0.9994750022888184 -0.030690599232912064
vn -0.01624630019068718 0.9995179772377014 -0.026465600356459618
vn -0.6840329766273499 0.24636900424957275 -0.6865869760513306
vn -0.6840329766273499 0.24636900424957275 -0.6865869760513306
vn -0.439179003238678 0.24455200135707855 -0.8644750118255615
vn -0.010430700145661831 0.9994750022888184 -0.030690599232912064
vn -0.01624630019068718 0.9995179772377014 -0.026465600356459618
vn -0.020471500232815742 0.999576985836029 -0.02065029926598072
vn -0.8619310259819031 0.24887500703334808 -0.4417420029640198
vn -0.8619310259819031 0.24887500703334808 -0.4417420029640198
vn -0.6840329766273499 0.24636900424957275 -0.6865869760513306
vn -0.01624630019068718 0.9995179772377014 -0.026465600356459618
vn -0.020471500232815742 0.999576985836029 -0.02065029926598072
vn -0.02269279956817627 0.9996470212936401 -0.013814199715852737
vn -0.9554579854011536 0.25181400775909424 -0.15391400456428528
vn -0.9554579854011536 0.25181400775909424 -0.15391400456428528
vn -0.8619310259819031 0.24887500703334808 -0.4417420029640198
vn -0.020471500232815742 0.999576985836029 -0.02065029926598072
vn -0.02269279956817627 0.9996470212936401 -0.013814199715852737
vn -0.02269270084798336 0.9997209906578064 -0.0066261799074709415
vn -0.9554569721221924 0.25491100549697876 0.1487330049276352
vn -0.9554569721221924 0.25491100549697876 0.1487330049276352
vn -0.9554579854011536 0.25181400775909424 -0.15391400456428528
vn -0.02269279956817627 0.9996470212936401 -0.013814199715852737
vn -0.02269270084798336 0.9997209906578064 -0.0066261799074709415
vn -0.020471500232815742 0.9997900128364563 0.00020995900558773428
vn -0.8619310259819031 0.2578530013561249 0.43656298518180847
vn -0.8619310259819031 0.2578530013561249 0.43656298518180847
vn -0.9554569721221924 0.25491100549697876 0.1487330049276352
vn -0.02269270084798336 0.9997209906578064 -0.0066261799074709415
vn -0.020471500232815742 0.9997900128364563 0.00020995900558773428
vn -0.01624630019068718 0.9998499751091003 0.006025279872119427
vn -0.6840329766273499 0.26035401225090027 0.6814069747924805
vn -0.6840329766273499 0.26035401225090027 0.6814069747924805
vn -0.8619310259819031 0.2578530013561249 0.43656298518180847
vn -0.020471500232815742 0.9997900128364563 0.00020995900558773428
vn -0.01624630019068718 0.9998499751091003 0.006025279872119427
vn -0.010430799797177315 0.9998930096626282 0.010250300168991089
vn -0.4391759932041168 0.2621749937534332 0.8592960238456726
vn -0.4391759932041168 0.2621749937534332 0.8592960238456726
vn -0.6840329766273499 0.26035401225090027 0.6814069747924805
vn -0.01624630019068718 0.9998499751091003 0.006025279872119427
vn -0.010430799797177315 0.9998930096626282 0.010250300168991089
vn -0.0035942199174314737 0.9999160170555115 0.012471400201320648
vn -0.15133099257946014 0.26312899589538574 0.952817976474762
vn -0.15133099257946014 0.26312899589538574 0.952817976474762
vn -0.4391759932041168 0.2621749937534332 0.8592960238456726
vn -0.010430799797177315 0.9998930096626282 0.010250300168991089
vn -0.0035942199174314737 0.9999160170555115 0.012471400201320648
vn 0.0035942199174314737 0.9999160170555115 0.012471499852836132
vn 0.15133099257946014 0.2631320059299469 0.9528170228004456
vn 0.15133099257946014 0.2631320059299469 0.9528170228004456
vn -0.15133099257946014 0.26312899589538574 0.952817976474762
vn -0.0035942199174314737 0.9999160170555115 0.012471400201320648
vn 0.0035942199174314737 0.9999160170555115 0.012471499852836132
vn 0.010430799797177315 0.9998930096626282 0.010250300168991089
vn 0.4391759932041168 0.2621749937534332 0.8592960238456726
vn 0.4391759932041168 0.2621749937534332 0.8592960238456726
vn 0.15133099257946014 0.2631320059299469 0.9528170228004456
vn 0.0035942199174314737 0.9999160170555115 0.012471499852836132
vn 0.010430799797177315 0.9998930096626282 0.010250300168991089
vn 0.01624619960784912 0.9998499751091003 0.006025180220603943
vn 0.6840310096740723 0.26035401225090027 0.6814079880714417
vn 0.6840310096740723 0.26035401225090027 0.6814079880714417
vn 0.4391759932041168 0.2621749937534332 0.8592960238456726
vn 0.010430799797177315 0.9998930096626282 0.010250300168991089
vn 0.01624619960784912 0.9998499751091003 0.006025180220603943
vn 0.020471500232815742 0.9997900128364563 0.00020996299281250685
vn 0.8619310259819031 0.2578510046005249 0.43656298518180847
vn 0.8619310259819031 0.2578510046005249 0.43656298518180847
vn 0.6840310096740723 0.26035401225090027 0.6814079880714417
vn 0.01624619960784912 0.9998499751091003 0.006025180220603943
vn 0.020471500232815742 0.9997900128364563 0.00020996299281250685
vn 0.02269279956817627 0.9997209906578064 -0.0066261799074709415
vn 0.9554589986801147 0.2549079954624176 0.14872899651527405
vn 0.9554589986801147 0.2549079954624176 0.14872899651527405
vn 0.8619310259819031 0.2578510046005249 0.43656298518180847
vn 0.020471500232815742 0.9997900128364563 0.00020996299281250685
vn 0.01857130043208599 0.9996340274810791 -0.01968269981443882
vn 0.014738200232386589 0.9995800256729126 -0.024958200752735138
vn 0.6927589774131775 0.1933320015668869 -0.6947720050811768
vn 0.6927589774131775 0.1933320015668869 -0.6947720050811768
vn 0.8729259967803955 0.19586899876594543 -0.44680699706077576
vn 0.01857130043208599 0.9996340274810791 -0.01968269981443882
vn 0.8729259967803955 0.19586899876594543 -0.44680699706077576
vn 0.8729270100593567 0.19586700201034546 -0.4468050003051758
vn 0.01857130043208599 0.9996340274810791 -0.01968269981443882
vn 0.01857130043208599 0.9996340274810791 -0.01968269981443882
vn 0.01857130043208599 0.9996340274810791 -0.01968269981443882
vn 0.8729259967803955 0.19586899876594543 -0.44680699706077576
vn 0.8729270100593567 0.19586700201034546 -0.4468050003051758
vn 0.9676470160484314 0.2019830048084259 0.15120400488376617
vn 0.020586399361491203 0.9997640252113342 -0.006960269995033741
vn 0.020586399361491203 0.9997640252113342 -0.006960269995033741
vn 0.01857130043208599 0.9996340274810791 -0.01968269981443882
vn 0.8729270100593567 0.19586700201034546 -0.4468050003051758
vn 0.014738200232386589 0.9995800256729126 -0.024958200752735138
vn 0.009462590329349041 0.9995409846305847 -0.028791099786758423
vn 0.44477999210357666 0.19148799777030945 -0.8749300241470337
vn 0.44477999210357666 0.19148799777030945 -0.8749300241470337
vn 0.6927589774131775 0.1933320015668869 -0.6947720050811768
vn 0.014738200232386589 0.9995800256729126 -0.024958200752735138
vn 0.009462590329349041 0.9995409846305847 -0.028791099786758423
vn 0.003260579891502857 0.9995200037956238 -0.030806200578808784
vn 0.1532599925994873 0.1905200034379959 -0.9696459770202637
vn 0.1532599925994873 0.1905200034379959 -0.9696459770202637
vn 0.44477999210357666 0.19148799777030945 -0.8749300241470337
vn 0.009462590329349041 0.9995409846305847 -0.028791099786758423
vn 0.003260579891502857 0.9995200037956238 -0.030806200578808784
vn -0.0032605701126158237 0.9995200037956238 -0.030806099995970726
vn -0.1532610058784485 0.1905210018157959 -0.9696459770202637
vn -0.1532610058784485 0.1905210018157959 -0.9696459770202637
vn 0.1532599925994873 0.1905200034379959 -0.9696459770202637
vn 0.003260579891502857 0.9995200037956238 -0.030806200578808784
vn -0.0032605701126158237 0.9995200037956238 -0.030806099995970726
vn -0.009462599642574787 0.9995409846305847 -0.028791099786758423
vn -0.4447779953479767 0.19148999452590942 -0.8749309778213501
vn -0.4447779953479767 0.19148999452590942 -0.8749309778213501
vn -0.1532610058784485 0.1905210018157959 -0.9696459770202637
vn -0.0032605701126158237 0.9995200037956238 -0.030806099995970726
vn -0.009462599642574787 0.9995409846305847 -0.028791099786758423
vn -0.014738200232386589 0.9995800256729126 -0.02495810016989708
vn -0.6927589774131775 0.1933320015668869 -0.6947720050811768
vn -0.6927589774131775 0.1933320015668869 -0.6947720050811768
vn -0.4447779953479767 0.19148999452590942 -0.8749309778213501
vn -0.009462599642574787 0.9995409846305847 -0.028791099786758423
vn -0.014738200232386589 0.9995800256729126 -0.02495810016989708
vn -0.0185713991522789 0.9996340274810791 -0.01968280039727688
vn -0.8729280233383179 0.19586700201034546 -0.4468030035495758
vn -0.8729280233383179 0.19586700201034546 -0.4468030035495758
vn -0.6927589774131775 0.1933320015668869 -0.6947720050811768
vn -0.014738200232386589 0.9995800256729126 -0.02495810016989708
vn -0.0185713991522789 0.9996340274810791 -0.01968280039727688
vn -0.020586399361491203 0.9996970295906067 -0.013481100089848042
vn -0.9676480293273926 0.1988459974527359 -0.15530100464820862
vn -0.9676480293273926 0.1988459974527359 -0.15530100464820862
vn -0.8729280233383179 0.19586700201034546 -0.4468030035495758
vn -0.0185713991522789 0.9996340274810791 -0.01968280039727688
vn -0.020586399361491203 0.9996970295906067 -0.013481100089848042
vn -0.020586499944329262 0.9997640252113342 -0.0069602602161467075
vn -0.9676470160484314 0.20197999477386475 0.15120400488376617
vn -0.9676470160484314 0.20197999477386475 0.15120400488376617
vn -0.9676480293273926 0.1988459974527359 -0.15530100464820862
vn -0.020586399361491203 0.9996970295906067 -0.013481100089848042
vn -0.020586499944329262 0.9997640252113342 -0.0069602602161467075
vn -0.01857130043208599 0.9998270273208618 -0.0007585950079374015
vn -0.8729280233383179 0.20496100187301636 0.4427050054073334
vn -0.8729280233383179 0.20496100187301636 0.4427050054073334
vn -0.9676470160484314 0.20197999477386475 0.15120400488376617
vn -0.020586499944329262 0.9997640252113342 -0.0069602602161467075
vn -0.01857130043208599 0.9998270273208618 -0.0007585950079374015
vn -0.014738200232386589 0.9998810291290283 0.004516750108450651
vn -0.6927589774131775 0.20749600231647491 0.6906740069389343
vn -0.6927589774131775 0.20749600231647491 0.6906740069389343
vn -0.8729280233383179 0.20496100187301636 0.4427050054073334
vn -0.01857130043208599 0.9998270273208618 -0.0007585950079374015
vn -0.014738200232386589 0.9998810291290283 0.004516750108450651
vn -0.009462639689445496 0.9999200105667114 0.008349769748747349
vn -0.4447770118713379 0.2093379944562912 0.8708329796791077
vn -0.4447770118713379 0.2093379944562912 0.8708329796791077
vn -0.6927589774131775 0.20749600231647491 0.6906740069389343
vn -0.014738200232386589 0.9998810291290283 0.004516750108450651
vn -0.009462639689445496 0.9999200105667114 0.008349769748747349
vn -0.0032605500891804695 0.9999409914016724 0.01036479976028204
vn -0.1532610058784485 0.21030500531196594 0.9655479788780212
vn -0.1532610058784485 0.21030500531196594 0.9655479788780212
vn -0.4447770118713379 0.2093379944562912 0.8708329796791077
vn -0.009462639689445496 0.9999200105667114 0.008349769748747349
vn -0.0032605500891804695 0.9999409914016724 0.01036479976028204
vn 0.0032605701126158237 0.9999409914016724 0.010364900343120098
vn 0.1532610058784485 0.21030600368976593 0.9655479788780212
vn 0.1532610058784485 0.21030600368976593 0.9655479788780212
vn -0.1532610058784485 0.21030500531196594 0.9655479788780212
vn -0.0032605500891804695 0.9999409914016724 0.01036479976028204
vn 0.0032605701126158237 0.9999409914016724 0.010364900343120098
vn 0.009462529793381691 0.9999200105667114 0.00834954995661974
vn 0.4447770118713379 0.2093379944562912 0.8708329796791077
vn 0.4447770118713379 0.2093379944562912 0.8708329796791077
vn 0.1532610058784485 0.21030600368976593 0.9655479788780212
vn 0.0032605701126158237 0.9999409914016724 0.010364900343120098
vn 0.009462529793381691 0.9999200105667114 0.00834954995661974
vn 0.014738200232386589 0.9998810291290283 0.004516759887337685
vn 0.6927589774131775 0.20749600231647491 0.6906740069389343
vn 0.6927589774131775 0.20749600231647491 0.6906740069389343
vn 0.4447770118713379 0.2093379944562912 0.8708329796791077
vn 0.009462529793381691 0.9999200105667114 0.00834954995661974
vn 0.014738200232386589 0.9998810291290283 0.004516759887337685
vn 0.018571199849247932 0.9998270273208618 -0.0007586649735458195
vn 0.8729280233383179 0.20496100187301636 0.4427050054073334
vn 0.8729280233383179 0.20496100187301636 0.4427050054073334
vn 0.6927589774131775 0.20749600231647491 0.6906740069389343
vn 0.014738200232386589 0.9998810291290283 0.004516759887337685
vn 0.018571199849247932 0.9998270273208618 -0.0007586649735458195
vn 0.020586399361491203 0.9997640252113342 -0.006960269995033741
vn 0.9676470160484314 0.2019830048084259 0.15120400488376617
vn 0.9676470160484314 0.2019830048084259 0.15120400488376617
vn 0.8729280233383179 0.20496100187301636 0.4427050054073334
vn 0.018571199849247932 0.9998270273208618 -0.0007586649735458195
vn 0.021768100559711456 0.9995359778404236 -0.02131050080060959
vn 0.01727519929409027 0.999472975730896 -0.02749430015683174
vn 0.6974639892578125 0.14243300259113312 -0.7023220062255859
vn 0.6974639892578125 0.14243300259113312 -0.7023220062255859
vn 0.8850520253181458 0.1136230006814003 -0.45141199231147766
vn 0.021768100559711456 0.9995359778404236 -0.02131050080060959
vn 0.8850520253181458 0.1136230006814003 -0.45141199231147766
vn 0.8850520253181458 0.1136230006814003 -0.45141199231147766
vn 0.021768100559711456 0.9995359778404236 -0.02131050080060959
vn 0.021768100559711456 0.9995359778404236 -0.02131050080060959
vn 0.021768100559711456 0.9995359778404236 -0.02131050080060959
vn 0.8850520253181458 0.1136230006814003 -0.45141199231147766
vn 0.8850520253181458 0.1136230006814003 -0.45141199231147766
vn 0.9798439741134644 0.12735700607299805 0.15389999747276306
vn 0.024129999801516533 0.9996880292892456 -0.006398200057446957
vn 0.024129999801516533 0.9996880292892456 -0.006398200057446957
vn 0.021768100559711456 0.9995359778404236 -0.02131050080060959
vn 0.8850520253181458 0.1136230006814003 -0.45141199231147766
vn 0.01727519929409027 0.999472975730896 -0.02749430015683174
vn 0.011091300286352634 0.9994270205497742 -0.031986601650714874
vn 0.44970500469207764 0.13722799718379974 -0.8825719952583313
vn 0.44970500469207764 0.13722799718379974 -0.8825719952583313
vn 0.6974639892578125 0.14243300259113312 -0.7023220062255859
vn 0.01727519929409027 0.999472975730896 -0.02749430015683174
vn 0.011091300286352634 0.9994270205497742 -0.031986601650714874
vn 0.003822020022198558 0.9994029998779297 -0.034348998218774796
vn 0.15475299954414368 0.13626499474048615 -0.9785109758377075
vn 0.15475299954414368 0.13626499474048615 -0.9785109758377075
vn 0.44970500469207764 0.13722799718379974 -0.8825719952583313
vn 0.011091300286352634 0.9994270205497742 -0.031986601650714874
vn 0.003822020022198558 0.9994029998779297 -0.034348998218774796
vn -0.003821949940174818 0.9994029998779297 -0.03434839844703674
vn -0.15475299954414368 0.13626299798488617 -0.9785109758377075
vn -0.15475299954414368 0.13626299798488617 -0.9785109758377075
vn 0.15475299954414368 0.13626499474048615 -0.9785109758377075
vn 0.003822020022198558 0.9994029998779297 -0.034348998218774796
vn -0.003821949940174818 0.9994029998779297 -0.03434839844703674
vn -0.011091300286352634 0.9994270205497742 -0.03198689967393875
vn -0.4491089880466461 0.1372399926185608 -0.8828740119934082
vn -0.4491089880466461 0.1372399926185608 -0.8828740119934082
vn -0.15475299954414368 0.13626299798488617 -0.9785109758377075
vn -0.003821949940174818 0.9994029998779297 -0.03434839844703674
vn -0.011091300286352634 0.9994270205497742 -0.03198689967393875
vn -0.017275100573897362 0.999472975730896 -0.027494000270962715
vn -0.6995030045509338 0.13910000026226044 -0.7009620070457458
vn -0.6995030045509338 0.13910000026226044 -0.7009620070457458
vn -0.4491089880466461 0.1372399926185608 -0.8828740119934082
vn -0.011091300286352634 0.9994270205497742 -0.03198689967393875
vn -0.017275100573897362 0.999472975730896 -0.027494000270962715
vn -0.02176780067384243 0.9995359778404236 -0.02131040021777153
vn -0.8814240097999573 0.14165599644184113 -0.45058301091194153
vn -0.8814240097999573 0.14165599644184113 -0.45058301091194153
vn -0.6995030045509338 0.13910000026226044 -0.7009620070457458
vn -0.017275100573897362 0.999472975730896 -0.027494000270962715
vn -0.02176780067384243 0.9995359778404236 -0.02131040021777153
vn -0.024129999801516533 0.9996100068092346 -0.014041599817574024
vn -0.9770680069923401 0.14466699957847595 -0.1562339961528778
vn -0.9770680069923401 0.14466699957847595 -0.1562339961528778
vn -0.8814240097999573 0.14165599644184113 -0.45058301091194153
vn -0.02176780067384243 0.9995359778404236 -0.02131040021777153
vn -0.024129999801516533 0.9996100068092346 -0.014041599817574024
vn -0.024129800498485565 0.9996880292892456 -0.006398229859769344
vn -0.9770669937133789 0.14783300459384918 0.15324999392032623
vn -0.9770669937133789 0.14783300459384918 0.15324999392032623
vn -0.9770680069923401 0.14466699957847595 -0.1562339961528778
vn -0.024129999801516533 0.9996100068092346 -0.014041599817574024
vn -0.024129800498485565 0.9996880292892456 -0.006398229859769344
vn -0.021755099296569824 0.999763011932373 0.0008717220043763518
vn -0.8814280033111572 0.1508380025625229 0.44758498668670654
vn -0.8814280033111572 0.1508380025625229 0.44758498668670654
vn -0.9770669937133789 0.14783300459384918 0.15324999392032623
vn -0.024129800498485565 0.9996880292892456 -0.006398229859769344
vn -0.021755099296569824 0.999763011932373 0.0008717220043763518
vn -0.01726830005645752 0.9998260140419006 0.0070472401566803455
vn -0.6994990110397339 0.15340200066566467 0.6979749798774719
vn -0.6994990110397339 0.15340200066566467 0.6979749798774719
vn -0.8814280033111572 0.1508380025625229 0.44758498668670654
vn -0.021755099296569824 0.999763011932373 0.0008717220043763518
vn -0.01726830005645752 0.9998260140419006 0.0070472401566803455
vn -0.011097200214862823 0.9998720288276672 0.011544800363481045
vn -0.44911399483680725 0.15525999665260315 0.8798810243606567
vn -0.44911399483680725 0.15525999665260315 0.8798810243606567
vn -0.6994990110397339 0.15340200066566467 0.6979749798774719
vn -0.01726830005645752 0.9998260140419006 0.0070472401566803455
vn -0.011097200214862823 0.9998720288276672 0.011544800363481045
vn -0.0038218500558286905 0.9998959898948669 0.013908900320529938
vn -0.15474599599838257 0.1562419980764389 0.9755210280418396
vn -0.15474599599838257 0.1562419980764389 0.9755210280418396
vn -0.44911399483680725 0.15525999665260315 0.8798810243606567
vn -0.011097200214862823 0.9998720288276672 0.011544800363481045
vn -0.0038218500558286905 0.9998959898948669 0.013908900320529938
vn 0.003821820020675659 0.9998959898948669 0.013908600434660912
vn 0.15474599599838257 0.1562349945306778 0.9755229949951172
vn 0.15474599599838257 0.1562349945306778 0.9755229949951172
vn -0.15474599599838257 0.1562419980764389 0.9755210280418396
vn -0.0038218500558286905 0.9998959898948669 0.013908900320529938
vn 0.003821820020675659 0.9998959898948669 0.013908600434660912
vn 0.01109199970960617 0.9998720288276672 0.011534400284290314
vn 0.4604339897632599 0.16297300159931183 0.8726059794425964
vn 0.4604339897632599 0.16297300159931183 0.8726059794425964
vn 0.15474599599838257 0.1562349945306778 0.9755229949951172
vn 0.003821820020675659 0.9998959898948669 0.013908600434660912
vn 0.01109199970960617 0.9998720288276672 0.011534400284290314
vn 0.017271099612116814 0.9998260140419006 0.007059279829263687
vn 0.6666650176048279 0.1291780024766922 0.7340779900550842
vn 0.6666650176048279 0.1291780024766922 0.7340779900550842
vn 0.4604339897632599 0.16297300159931183 0.8726059794425964
vn 0.01109199970960617 0.9998720288276672 0.011534400284290314
vn 0.017271099612116814 0.9998260140419006 0.007059279829263687
vn 0.02176780067384243 0.999763011932373 0.0008709169924259186
vn 0.8899109959602356 0.13050700724124908 0.437065988779068
vn 0.8899109959602356 0.13050700724124908 0.437065988779068
vn 0.6666650176048279 0.1291780024766922 0.7340779900550842
vn 0.017271099612116814 0.9998260140419006 0.007059279829263687
vn 0.02176780067384243 0.999763011932373 0.0008709169924259186
vn 0.024129999801516533 0.9996880292892456 -0.006398200057446957
vn 0.9798439741134644 0.12735700607299805 0.15389999747276306
vn 0.9798439741134644 0.12735700607299805 0.15389999747276306
vn 0.8899109959602356 0.13050700724124908 0.437065988779068
vn 0.02176780067384243 0.999763011932373 0.0008709169924259186

vt 0.09985099732875824 0.20406800508499146
vt 0.2006019949913025 0.27728599309921265
vt 0.1513260006904602 0.3739579916000366
vt 0.1513260006904602 0.3739579916000366
vt 0.03288000077009201 0.3354629874229431
vt 0.09985099732875824 0.20406800508499146
vt 0.20414799451828003 0.09980499744415283
vt 0.2773439884185791 0.20057499408721924
vt 0.2006019949913025 0.27728599309921265
vt 0.2006019949913025 0.27728599309921265
vt 0.09985099732875824 0.20406800508499146
vt 0.20414799451828003 0.09980499744415283
vt 0.33555200695991516 0.03286999836564064
vt 0.37403398752212524 0.15132400393486023
vt 0.2773439884185791 0.20057499408721924
vt 0.2773439884185791 0.20057499408721924
vt 0.20414799451828003 0.09980499744415283
vt 0.33555200695991516 0.03286999836564064
vt 0.4812059998512268 0.009802999906241894
vt 0.48120999336242676 0.13435199856758118
vt 0.37403398752212524 0.15132400393486023
vt 0.37403398752212524 0.15132400393486023
vt 0.33555200695991516 0.03286999836564064
vt 0.4812059998512268 0.009802999906241894
vt 0.6268609762191772 0.03286299854516983
vt 0.5883839726448059 0.1513179987668991
vt 0.48120999336242676 0.13435199856758118
vt 0.48120999336242676 0.13435199856758118
vt 0.4812059998512268 0.009802999906241894
vt 0.6268609762191772 0.03286299854516983
vt 0.7582690119743347 0.09979800134897232
vt 0.6850749850273132 0.20056499540805817
vt 0.5883839726448059 0.1513179987668991
vt 0.5883839726448059 0.1513179987668991
vt 0.6268609762191772 0.03286299854516983
vt 0.7582690119743347 0.09979800134897232
vt 0.8625620007514954 0.2040649950504303
vt 0.7618119716644287 0.2772809863090515
vt 0.6850749850273132 0.20056499540805817
vt 0.6850749850273132 0.20056499540805817
vt 0.7582690119743347 0.09979800134897232
vt 0.8625620007514954 0.2040649950504303
vt 0.9295290112495422 0.3354629874229431
vt 0.8110830187797546 0.37395599484443665
vt 0.7618119716644287 0.2772809863090515
vt 0.7618119716644287 0.2772809863090515
vt 0.8625620007514954 0.2040649950504303
vt 0.9295290112495422 0.3354629874229431
vt 0.9526060223579407 0.48112601041793823
vt 0.8280609846115112 0.48112499713897705
vt 0.8110830187797546 0.37395599484443665
vt 0.8110830187797546 0.37395599484443665
vt 0.9295290112495422 0.3354629874229431
vt 0.9526060223579407 0.48112601041793823
vt 0.929527997970581 0.6267889738082886
vt 0.8110830187797546 0.5882949829101562
vt 0.8280609846115112 0.48112499713897705
vt 0.8280609846115112 0.48112499713897705
vt 0.9526060223579407 0.48112601041793823
vt 0.929527997970581 0.6267889738082886
vt 0.8625620007514954 0.7581869959831238
vt 0.7618100047111511 0.6849690079689026
vt 0.8110830187797546 0.5882949829101562
vt 0.8110830187797546 0.5882949829101562
vt 0.929527997970581 0.6267889738082886
vt 0.8625620007514954 0.7581869959831238
vt 0.7582690119743347 0.8624529838562012
vt 0.6850730180740356 0.7616850137710571
vt 0.7618100047111511 0.6849690079689026
vt 0.7618100047111511 0.6849690079689026
vt 0.8625620007514954 0.7581869959831238
vt 0.7582690119743347 0.8624529838562012
vt 0.6268619894981384 0.929390013217926
vt 0.5883849859237671 0.8109340071678162
vt 0.6850730180740356 0.7616850137710571
vt 0.6850730180740356 0.7616850137710571
vt 0.7582690119743347 0.8624529838562012
vt 0.6268619894981384 0.929390013217926
vt 0.481207013130188 0.9524490237236023
vt 0.48121100664138794 0.8279010057449341
vt 0.5883849859237671 0.8109340071678162
vt 0.5883849859237671 0.8109340071678162
vt 0.6268619894981384 0.929390013217926
vt 0.481207013130188 0.9524490237236023
vt 0.33555498719215393 0.9293820261955261
vt 0.3740369975566864 0.8109260201454163
vt 0.48121100664138794 0.8279010057449341
vt 0.48121100664138794 0.8279010057449341
vt 0.481207013130188 0.9524490237236023
vt 0.33555498719215393 0.9293820261955261
vt 0.2041510045528412 0.8624460101127625
vt 0.27734699845314026 0.7616770267486572
vt 0.3740369975566864 0.8109260201454163
vt 0.3740369975566864 0.8109260201454163
vt 0.33555498719215393 0.9293820261955261
vt 0.2041510045528412 0.8624460101127625
vt 0.0998539999127388 0.758184015750885
vt 0.20060500502586365 0.6849629878997803
vt 0.27734699845314026 0.7616770267486572
vt 0.27734699845314026 0.7616770267486572
vt 0.2041510045528412 0.8624460101127625
vt 0.0998539999127388 0.758184015750885
vt 0.03288299962878227 0.6267899870872498
vt 0.15132799744606018 0.5882920026779175
vt 0.20060500502586365 0.6849629878997803
vt 0.20060500502586365 0.6849629878997803
vt 0.0998539999127388 0.758184015750885
vt 0.03288299962878227 0.6267899870872498
vt 0.009802999906241894 0.4811280071735382
vt 0.13434599339962006 0.48112499713897705
vt 0.15132799744606018 0.5882920026779175
vt 0.15132799744606018 0.5882920026779175
vt 0.03288299962878227 0.6267899870872498
vt 0.009802999906241894 0.4811280071735382
vt 0.03288000077009201 0.3354629874229431
vt 0.1513260006904602 0.3739579916000366
vt 0.13434599339962006 0.48112499713897705
vt 0.13434599339962006 0.48112499713897705
vt 0.009802999906241894 0.4811280071735382
vt 0.03288000077009201 0.3354629874229431
vt 0.3853209912776947 0.4497259855270386
vt 0.3979499936103821 0.42157500982284546
vt 0.4811530113220215 0.48112499713897705
vt 0.3979499936103821 0.42157500982284546
vt 0.42247000336647034 0.40185800194740295
vt 0.4811530113220215 0.48112499713897705
vt 0.42247000336647034 0.40185800194740295
vt 0.45059600472450256 0.3858479857444763
vt 0.4811530113220215 0.48112499713897705
vt 0.45059600472450256 0.3858479857444763
vt 0.48147299885749817 0.381072998046875
vt 0.4811530113220215 0.48112499713897705
vt 0.48147299885749817 0.381072998046875
vt 0.512440025806427 0.3859280049800873
vt 0.4811530113220215 0.48112499713897705
vt 0.512440025806427 0.3859280049800873
vt 0.5403689742088318 0.4001219868659973
vt 0.4811530113220215 0.48112499713897705
vt 0.5403689742088318 0.4001219868659973
vt 0.5625479817390442 0.42225900292396545
vt 0.4811530113220215 0.48112499713897705
vt 0.5625479817390442 0.42225900292396545
vt 0.5767899751663208 0.4501729905605316
vt 0.4811530113220215 0.48112499713897705
vt 0.5767899751663208 0.4501729905605316
vt 0.5817009806632996 0.48112401366233826
vt 0.4811530113220215 0.48112499713897705
vt 0.5817009806632996 0.48112401366233826
vt 0.5767890214920044 0.5120760202407837
vt 0.4811530113220215 0.48112499713897705
vt 0.5767890214920044 0.5120760202407837
vt 0.5625479817390442 0.5399900078773499
vt 0.4811530113220215 0.48112499713897705
vt 0.5625479817390442 0.5399900078773499
vt 0.540369987487793 0.5621269941329956
vt 0.4811530113220215 0.48112499713897705
vt 0.540369987487793 0.5621269941329956
vt 0.5124419927597046 0.576321005821228
vt 0.4811530113220215 0.48112499713897705
vt 0.5124419927597046 0.576321005821228
vt 0.48147299885749817 0.5811759829521179
vt 0.4811530113220215 0.48112499713897705
vt 0.48147299885749817 0.5811759829521179
vt 0.4505949914455414 0.5763999819755554
vt 0.4811530113220215 0.48112499713897705
vt 0.4505949914455414 0.5763999819755554
vt 0.42247000336647034 0.5603910088539124
vt 0.4811530113220215 0.48112499713897705
vt 0.42247000336647034 0.5603910088539124
vt 0.39795100688934326 0.540673017501831
vt 0.4811530113220215 0.48112499713897705
vt 0.39795100688934326 0.540673017501831
vt 0.38532400131225586 0.5125200152397156
vt 0.4811530113220215 0.48112499713897705
vt 0.38532400131225586 0.5125200152397156
vt 0.38013800978660583 0.48112401366233826
vt 0.4811530113220215 0.48112499713897705
vt 0.38013800978660583 0.48112401366233826
vt 0.3853209912776947 0.4497259855270386
vt 0.4811530113220215 0.48112499713897705
vt 0.2101999968290329 0.28425800800323486
vt 0.23686400055885315 0.303631991147995
vt 0.19394999742507935 0.3878070116043091
vt 0.19394999742507935 0.3878070116043091
vt 0.16260799765586853 0.37762200832366943
vt 0.2101999968290329 0.28425800800323486
vt 0.2843190133571625 0.21017199754714966
vt 0.3036940097808838 0.23683899641036987
vt 0.23686400055885315 0.303631991147995
vt 0.23686400055885315 0.303631991147995
vt 0.2101999968290329 0.28425800800323486
vt 0.2843190133571625 0.21017199754714966
vt 0.377701997756958 0.16260799765586853
vt 0.38788801431655884 0.1939540058374405
vt 0.3036940097808838 0.23683899641036987
vt 0.3036940097808838 0.23683899641036987
vt 0.2843190133571625 0.21017199754714966
vt 0.377701997756958 0.16260799765586853
vt 0.48121100664138794 0.1462170034646988
vt 0.4812130033969879 0.17917299270629883
vt 0.38788801431655884 0.1939540058374405
vt 0.38788801431655884 0.1939540058374405
vt 0.377701997756958 0.16260799765586853
vt 0.48121100664138794 0.1462170034646988
vt 0.5847200155258179 0.1626030057668686
vt 0.5745400190353394 0.1939460039138794
vt 0.4812130033969879 0.17917299270629883
vt 0.4812130033969879 0.17917299270629883
vt 0.48121100664138794 0.1462170034646988
vt 0.5847200155258179 0.1626030057668686
vt 0.6781020164489746 0.2101619988679886
vt 0.6587340235710144 0.23682700097560883
vt 0.5745400190353394 0.1939460039138794
vt 0.5745400190353394 0.1939460039138794
vt 0.5847200155258179 0.1626030057668686
vt 0.6781020164489746 0.2101619988679886
vt 0.7522130012512207 0.2842540144920349
vt 0.7255539894104004 0.30362701416015625
vt 0.6587340235710144 0.23682700097560883
vt 0.6587340235710144 0.23682700097560883
vt 0.6781020164489746 0.2101619988679886
vt 0.7522130012512207 0.2842540144920349
vt 0.7998009920120239 0.37762200832366943
vt 0.7684590220451355 0.3878070116043091
vt 0.7255539894104004 0.30362701416015625
vt 0.7255539894104004 0.30362701416015625
vt 0.7522130012512207 0.2842540144920349
vt 0.7998009920120239 0.37762200832366943
vt 0.8161979913711548 0.48112499713897705
vt 0.7832469940185547 0.48112499713897705
vt 0.7684590220451355 0.3878070116043091
vt 0.7684590220451355 0.3878070116043091
vt 0.7998009920120239 0.37762200832366943
vt 0.8161979913711548 0.48112499713897705
vt 0.7997990250587463 0.5846289992332458
vt 0.7684640288352966 0.574442982673645
vt 0.7832469940185547 0.48112499713897705
vt 0.7832469940185547 0.48112499713897705
vt 0.8161979913711548 0.48112499713897705
vt 0.7997990250587463 0.5846289992332458
vt 0.7522119879722595 0.6779950261116028
vt 0.7255589962005615 0.6586250066757202
vt 0.7684640288352966 0.574442982673645
vt 0.7684640288352966 0.574442982673645
vt 0.7997990250587463 0.5846289992332458
vt 0.7522119879722595 0.6779950261116028
vt 0.6780999898910522 0.7520859837532043
vt 0.6587370038032532 0.7254250049591064
vt 0.7255589962005615 0.6586250066757202
vt 0.7255589962005615 0.6586250066757202
vt 0.7522119879722595 0.6779950261116028
vt 0.6780999898910522 0.7520859837532043
vt 0.5847200155258179 0.7996500134468079
vt 0.5745390057563782 0.7683039903640747
vt 0.6587370038032532 0.7254250049591064
vt 0.6587370038032532 0.7254250049591064
vt 0.6780999898910522 0.7520859837532043
vt 0.5847200155258179 0.7996500134468079
vt 0.48121199011802673 0.8160369992256165
vt 0.4812150001525879 0.783070981502533
vt 0.5745390057563782 0.7683039903640747
vt 0.5745390057563782 0.7683039903640747
vt 0.5847200155258179 0.7996500134468079
vt 0.48121199011802673 0.8160369992256165
vt 0.37770500779151917 0.799642026424408
vt 0.38789400458335876 0.7682830095291138
vt 0.4812150001525879 0.783070981502533
vt 0.4812150001525879 0.783070981502533
vt 0.48121199011802673 0.8160369992256165
vt 0.37770500779151917 0.799642026424408
vt 0.28432101011276245 0.7520779967308044
vt 0.30369699001312256 0.7254080176353455
vt 0.38789400458335876 0.7682830095291138
vt 0.38789400458335876 0.7682830095291138
vt 0.37770500779151917 0.799642026424408
vt 0.28432101011276245 0.7520779967308044
vt 0.21020400524139404 0.6779940128326416
vt 0.23686599731445312 0.6586179733276367
vt 0.30369699001312256 0.7254080176353455
vt 0.30369699001312256 0.7254080176353455
vt 0.28432101011276245 0.7520779967308044
vt 0.21020400524139404 0.6779940128326416
vt 0.1626099944114685 0.5846279859542847
vt 0.19395999610424042 0.5744400024414062
vt 0.23686599731445312 0.6586179733276367
vt 0.23686599731445312 0.6586179733276367
vt 0.21020400524139404 0.6779940128326416
vt 0.1626099944114685 0.5846279859542847
vt 0.1462080031633377 0.48112401366233826
vt 0.1791660040616989 0.48112401366233826
vt 0.19395999610424042 0.5744400024414062
vt 0.19395999610424042 0.5744400024414062
vt 0.1626099944114685 0.5846279859542847
vt 0.1462080031633377 0.48112401366233826
vt 0.16260799765586853 0.37762200832366943
vt 0.19394999742507935 0.3878070116043091
vt 0.1791660040616989 0.48112401366233826
vt 0.1791660040616989 0.48112401366233826
vt 0.1462080031633377 0.48112401366233826
vt 0.16260799765586853 0.37762200832366943
vt 0.23012399673461914 0.2987230122089386
vt 0.2875550091266632 0.3404499888420105
vt 0.25349199771881104 0.40714699029922485
vt 0.25349199771881104 0.40714699029922485
vt 0.18601800501346588 0.3852219879627228
vt 0.23012399673461914 0.2987230122089386
vt 0.29879701137542725 0.23008699715137482
vt 0.34055399894714355 0.2875480055809021
vt 0.2875550091266632 0.3404499888420105
vt 0.2875550091266632 0.3404499888420105
vt 0.23012399673461914 0.2987230122089386
vt 0.29879701137542725 0.23008699715137482
vt 0.3853110074996948 0.18601100146770477
vt 0.40727499127388 0.25356999039649963
vt 0.34055399894714355 0.2875480055809021
vt 0.34055399894714355 0.2875480055809021
vt 0.29879701137542725 0.23008699715137482
vt 0.3853110074996948 0.18601100146770477
vt 0.4812150001525879 0.1708189994096756
vt 0.481222003698349 0.24185499548912048
vt 0.40727499127388 0.25356999039649963
vt 0.40727499127388 0.25356999039649963
vt 0.3853110074996948 0.18601100146770477
vt 0.4812150001525879 0.1708189994096756
vt 0.577118992805481 0.18600599467754364
vt 0.5551750063896179 0.25355398654937744
vt 0.481222003698349 0.24185499548912048
vt 0.481222003698349 0.24185499548912048
vt 0.4812150001525879 0.1708189994096756
vt 0.577118992805481 0.18600599467754364
vt 0.6636360287666321 0.23007600009441376
vt 0.6219170093536377 0.28751200437545776
vt 0.5551750063896179 0.25355398654937744
vt 0.5551750063896179 0.25355398654937744
vt 0.577118992805481 0.18600599467754364
vt 0.6636360287666321 0.23007600009441376
vt 0.7323030233383179 0.29872098565101624
vt 0.6749119758605957 0.34042999148368835
vt 0.6219170093536377 0.28751200437545776
vt 0.6219170093536377 0.28751200437545776
vt 0.6636360287666321 0.23007600009441376
vt 0.7323030233383179 0.29872098565101624
vt 0.7763950228691101 0.3852269947528839
vt 0.7089279890060425 0.40715599060058594
vt 0.6749119758605957 0.34042999148368835
vt 0.6749119758605957 0.34042999148368835
vt 0.7323030233383179 0.29872098565101624
vt 0.7763950228691101 0.3852269947528839
vt 0.7915940284729004 0.48112401366233826
vt 0.720615029335022 0.4811300039291382
vt 0.7089279890060425 0.40715599060058594
vt 0.7089279890060425 0.40715599060058594
vt 0.7763950228691101 0.3852269947528839
vt 0.7915940284729004 0.48112401366233826
vt 0.7764109969139099 0.5770260095596313
vt 0.7088760137557983 0.5550860166549683
vt 0.720615029335022 0.4811300039291382
vt 0.720615029335022 0.4811300039291382
vt 0.7915940284729004 0.48112401366233826
vt 0.7764109969139099 0.5770260095596313
vt 0.7323240041732788 0.6635419726371765
vt 0.6748690009117126 0.6217889785766602
vt 0.7088760137557983 0.5550860166549683
vt 0.7088760137557983 0.5550860166549683
vt 0.7764109969139099 0.5770260095596313
vt 0.7323240041732788 0.6635419726371765
vt 0.6636490225791931 0.7321900129318237
vt 0.6219130158424377 0.6747130155563354
vt 0.6748690009117126 0.6217889785766602
vt 0.6748690009117126 0.6217889785766602
vt 0.7323240041732788 0.6635419726371765
vt 0.6636490225791931 0.7321900129318237
vt 0.5771210193634033 0.7762489914894104
vt 0.5551949739456177 0.7086820006370544
vt 0.6219130158424377 0.6747130155563354
vt 0.6219130158424377 0.6747130155563354
vt 0.6636490225791931 0.7321900129318237
vt 0.5771210193634033 0.7762489914894104
vt 0.4812160134315491 0.7914149761199951
vt 0.4812439978122711 0.720395028591156
vt 0.5551949739456177 0.7086820006370544
vt 0.5551949739456177 0.7086820006370544
vt 0.5771210193634033 0.7762489914894104
vt 0.4812160134315491 0.7914149761199951
vt 0.38532501459121704 0.776203989982605
vt 0.4072810113430023 0.7086889743804932
vt 0.4812439978122711 0.720395028591156
vt 0.4812439978122711 0.720395028591156
vt 0.4812160134315491 0.7914149761199951
vt 0.38532501459121704 0.776203989982605
vt 0.29881200194358826 0.7321469783782959
vt 0.3405419886112213 0.6747069954872131
vt 0.4072810113430023 0.7086889743804932
vt 0.4072810113430023 0.7086889743804932
vt 0.38532501459121704 0.776203989982605
vt 0.29881200194358826 0.7321469783782959
vt 0.23013000190258026 0.6635220050811768
vt 0.28753599524497986 0.6217979788780212
vt 0.3405419886112213 0.6747069954872131
vt 0.3405419886112213 0.6747069954872131
vt 0.29881200194358826 0.7321469783782959
vt 0.23013000190258026 0.6635220050811768
vt 0.1860319972038269 0.577019989490509
vt 0.25348299741744995 0.5550869703292847
vt 0.28753599524497986 0.6217979788780212
vt 0.28753599524497986 0.6217979788780212
vt 0.23013000190258026 0.6635220050811768
vt 0.1860319972038269 0.577019989490509
vt 0.17082299292087555 0.48112401366233826
vt 0.2417519986629486 0.481114000082016
vt 0.25348299741744995 0.5550869703292847
vt 0.25348299741744995 0.5550869703292847
vt 0.1860319972038269 0.577019989490509
vt 0.17082299292087555 0.48112401366233826
vt 0.18601800501346588 0.3852219879627228
vt 0.25349199771881104 0.40714699029922485
vt 0.2417519986629486 0.481114000082016
vt 0.2417519986629486 0.481114000082016
vt 0.17082299292087555 0.48112401366233826
vt 0.18601800501346588 0.3852219879627228
vt 0.29487499594688416 0.3459100127220154
vt 0.3097060024738312 0.3567410111427307
vt 0.28029200434684753 0.41585400700569153
vt 0.28029200434684753 0.41585400700569153
vt 0.2620239853858948 0.4099529981613159
vt 0.29487499594688416 0.3459100127220154
vt 0.34602200984954834 0.2951259911060333
vt 0.3563550114631653 0.30931299924850464
vt 0.3097060024738312 0.3567410111427307
vt 0.3097060024738312 0.3567410111427307
vt 0.29487499594688416 0.3459100127220154
vt 0.34602200984954834 0.2951259911060333
vt 0.4101549983024597 0.26243001222610474
vt 0.41560500860214233 0.2792060077190399
vt 0.3563550114631653 0.30931299924850464
vt 0.3563550114631653 0.30931299924850464
vt 0.34602200984954834 0.2951259911060333
vt 0.4101549983024597 0.26243001222610474
vt 0.48122701048851013 0.25116899609565735
vt 0.4812430143356323 0.2687999904155731
vt 0.41560500860214233 0.2792060077190399
vt 0.41560500860214233 0.2792060077190399
vt 0.4101549983024597 0.26243001222610474
vt 0.48122701048851013 0.25116899609565735
vt 0.5523229837417603 0.2624509930610657
vt 0.5468950271606445 0.27913400530815125
vt 0.4812430143356323 0.2687999904155731
vt 0.4812430143356323 0.2687999904155731
vt 0.48122701048851013 0.25116899609565735
vt 0.5523229837417603 0.2624509930610657
vt 0.6166449785232544 0.2949709892272949
vt 0.60589200258255 0.3098669946193695
vt 0.5468950271606445 0.27913400530815125
vt 0.5468950271606445 0.27913400530815125
vt 0.5523229837417603 0.2624509930610657
vt 0.6166449785232544 0.2949709892272949
vt 0.6676669716835022 0.3457379937171936
vt 0.6521270275115967 0.356999009847641
vt 0.60589200258255 0.3098669946193695
vt 0.60589200258255 0.3098669946193695
vt 0.6166449785232544 0.2949709892272949
vt 0.6676669716835022 0.3457379937171936
vt 0.7003790140151978 0.4099000096321106
vt 0.6821410059928894 0.4158639907836914
vt 0.6521270275115967 0.356999009847641
vt 0.6521270275115967 0.356999009847641
vt 0.6676669716835022 0.3457379937171936
vt 0.7003790140151978 0.4099000096321106
vt 0.7114830017089844 0.4810130000114441
vt 0.6931250095367432 0.4809669852256775
vt 0.6821410059928894 0.4158639907836914
vt 0.6821410059928894 0.4158639907836914
vt 0.7003790140151978 0.4099000096321106
vt 0.7114830017089844 0.4810130000114441
vt 0.7000049948692322 0.5521680116653442
vt 0.6833369731903076 0.5467650294303894
vt 0.6931250095367432 0.4809669852256775
vt 0.6931250095367432 0.4809669852256775
vt 0.7114830017089844 0.4810130000114441
vt 0.7000049948692322 0.5521680116653442
vt 0.6673420071601868 0.6163150072097778
vt 0.6531130075454712 0.6059550046920776
vt 0.6833369731903076 0.5467650294303894
vt 0.6833369731903076 0.5467650294303894
vt 0.7000049948692322 0.5521680116653442
vt 0.6673420071601868 0.6163150072097778
vt 0.616445004940033 0.6671789884567261
vt 0.606099009513855 0.6529240012168884
vt 0.6531130075454712 0.6059550046920776
vt 0.6531130075454712 0.6059550046920776
vt 0.6673420071601868 0.6163150072097778
vt 0.616445004940033 0.6671789884567261
vt 0.5523200035095215 0.6998260021209717
vt 0.5468760132789612 0.6830769777297974
vt 0.606099009513855 0.6529240012168884
vt 0.606099009513855 0.6529240012168884
vt 0.616445004940033 0.6671789884567261
vt 0.5523200035095215 0.6998260021209717
vt 0.48121699690818787 0.7110520005226135
vt 0.48123699426651 0.6934990286827087
vt 0.5468760132789612 0.6830769777297974
vt 0.5468760132789612 0.6830769777297974
vt 0.5523200035095215 0.6998260021209717
vt 0.48121699690818787 0.7110520005226135
vt 0.4100019931793213 0.6999689936637878
vt 0.4156250059604645 0.6824830174446106
vt 0.48123699426651 0.6934990286827087
vt 0.48123699426651 0.6934990286827087
vt 0.48121699690818787 0.7110520005226135
vt 0.4100019931793213 0.6999689936637878
vt 0.34575799107551575 0.6674730181694031
vt 0.357030987739563 0.6519849896430969
vt 0.4156250059604645 0.6824830174446106
vt 0.4156250059604645 0.6824830174446106
vt 0.4100019931793213 0.6999689936637878
vt 0.34575799107551575 0.6674730181694031
vt 0.2947939932346344 0.6165239810943604
vt 0.3102569878101349 0.6053119897842407
vt 0.357030987739563 0.6519849896430969
vt 0.357030987739563 0.6519849896430969
vt 0.34575799107551575 0.6674730181694031
vt 0.2947939932346344 0.6165239810943604
vt 0.26207101345062256 0.552291989326477
vt 0.2802709937095642 0.5463979840278625
vt 0.3102569878101349 0.6053119897842407
vt 0.3102569878101349 0.6053119897842407
vt 0.2947939932346344 0.6165239810943604
vt 0.26207101345062256 0.552291989326477
vt 0.25079500675201416 0.481114000082016
vt 0.26994800567626953 0.4811210036277771
vt 0.2802709937095642 0.5463979840278625
vt 0.2802709937095642 0.5463979840278625
vt 0.26207101345062256 0.552291989326477
vt 0.25079500675201416 0.481114000082016
vt 0.2620239853858948 0.4099529981613159
vt 0.28029200434684753 0.41585400700569153
vt 0.26994800567626953 0.4811210036277771
vt 0.26994800567626953 0.4811210036277771
vt 0.25079500675201416 0.481114000082016
vt 0.2620239853858948 0.4099529981613159
vt 0.30028200149536133 0.3496679961681366
vt 0.34304699301719666 0.3807910084724426
vt 0.31877100467681885 0.4283660054206848
vt 0.31877100467681885 0.4283660054206848
vt 0.2684609889984131 0.4120030105113983
vt 0.30028200149536133 0.3496679961681366
vt 0.3498600125312805 0.30031999945640564
vt 0.38098400831222534 0.3432140052318573
vt 0.34304699301719666 0.3807910084724426
vt 0.34304699301719666 0.3807910084724426
vt 0.30028200149536133 0.3496679961681366
vt 0.3498600125312805 0.30031999945640564
vt 0.4121910035610199 0.26865899562835693
vt 0.4285709857940674 0.3190230131149292
vt 0.38098400831222534 0.3432140052318573
vt 0.38098400831222534 0.3432140052318573
vt 0.3498600125312805 0.30031999945640564
vt 0.4121910035610199 0.26865899562835693
vt 0.4812430143356323 0.2576949894428253
vt 0.48129400610923767 0.31061500310897827
vt 0.4285709857940674 0.3190230131149292
vt 0.4285709857940674 0.3190230131149292
vt 0.4121910035610199 0.26865899562835693
vt 0.4812430143356323 0.2576949894428253
vt 0.5503309965133667 0.26855799555778503
vt 0.5340350270271301 0.3189049959182739
vt 0.48129400610923767 0.31061500310897827
vt 0.48129400610923767 0.31061500310897827
vt 0.4812430143356323 0.2576949894428253
vt 0.5503309965133667 0.26855799555778503
vt 0.6126909852027893 0.30024999380111694
vt 0.581620991230011 0.3431060016155243
vt 0.5340350270271301 0.3189049959182739
vt 0.5340350270271301 0.3189049959182739
vt 0.5503309965133667 0.26855799555778503
vt 0.6126909852027893 0.30024999380111694
vt 0.6621930003166199 0.34968799352645874
vt 0.6194000244140625 0.38082900643348694
vt 0.581620991230011 0.3431060016155243
vt 0.581620991230011 0.3431060016155243
vt 0.6126909852027893 0.30024999380111694
vt 0.6621930003166199 0.34968799352645874
vt 0.693979024887085 0.41201698780059814
vt 0.6436589956283569 0.42838799953460693
vt 0.6194000244140625 0.38082900643348694
vt 0.6194000244140625 0.38082900643348694
vt 0.6621930003166199 0.34968799352645874
vt 0.693979024887085 0.41201698780059814
vt 0.7049229741096497 0.4811199903488159
vt 0.6520169973373413 0.48111799359321594
vt 0.6436589956283569 0.42838799953460693
vt 0.6436589956283569 0.42838799953460693
vt 0.693979024887085 0.41201698780059814
vt 0.7049229741096497 0.4811199903488159
vt 0.6939380168914795 0.5502110123634338
vt 0.643651008605957 0.5338460206985474
vt 0.6520169973373413 0.48111799359321594
vt 0.6520169973373413 0.48111799359321594
vt 0.7049229741096497 0.4811199903488159
vt 0.6939380168914795 0.5502110123634338
vt 0.6621289849281311 0.6125069856643677
vt 0.6193879842758179 0.5814030170440674
vt 0.643651008605957 0.5338460206985474
vt 0.643651008605957 0.5338460206985474
vt 0.6939380168914795 0.5502110123634338
vt 0.6621289849281311 0.6125069856643677
vt 0.6126440167427063 0.6619309782981873
vt 0.5816109776496887 0.6191279888153076
vt 0.6193879842758179 0.5814030170440674
vt 0.6193879842758179 0.5814030170440674
vt 0.6621289849281311 0.6125069856643677
vt 0.6126440167427063 0.6619309782981873
vt 0.5503150224685669 0.6936550140380859
vt 0.5340250134468079 0.6433320045471191
vt 0.5816109776496887 0.6191279888153076
vt 0.5816109776496887 0.6191279888153076
vt 0.6126440167427063 0.6619309782981873
vt 0.5503150224685669 0.6936550140380859
vt 0.48124000430107117 0.7045950293540955
vt 0.48128700256347656 0.6516349911689758
vt 0.5340250134468079 0.6433320045471191
vt 0.5340250134468079 0.6433320045471191
vt 0.5503150224685669 0.6936550140380859
vt 0.48124000430107117 0.7045950293540955
vt 0.41216200590133667 0.6936820149421692
vt 0.42856499552726746 0.6432480216026306
vt 0.48128700256347656 0.6516349911689758
vt 0.48128700256347656 0.6516349911689758
vt 0.48124000430107117 0.7045950293540955
vt 0.41216200590133667 0.6936820149421692
vt 0.34977099299430847 0.6620500087738037
vt 0.3809860050678253 0.6190379858016968
vt 0.42856499552726746 0.6432480216026306
vt 0.42856499552726746 0.6432480216026306
vt 0.41216200590133667 0.6936820149421692
vt 0.34977099299430847 0.6620500087738037
vt 0.3001900017261505 0.6126459836959839
vt 0.3430599868297577 0.5814489722251892
vt 0.3809860050678253 0.6190379858016968
vt 0.3809860050678253 0.6190379858016968
vt 0.34977099299430847 0.6620500087738037
vt 0.3001900017261505 0.6126459836959839
vt 0.26844000816345215 0.5502489805221558
vt 0.31876900792121887 0.5338789820671082
vt 0.3430599868297577 0.5814489722251892
vt 0.3430599868297577 0.5814489722251892
vt 0.3001900017261505 0.6126459836959839
vt 0.26844000816345215 0.5502489805221558
vt 0.25750699639320374 0.4811230003833771
vt 0.3104349970817566 0.4811230003833771
vt 0.31876900792121887 0.5338789820671082
vt 0.31876900792121887 0.5338789820671082
vt 0.26844000816345215 0.5502489805221558
vt 0.25750699639320374 0.4811230003833771
vt 0.2684609889984131 0.4120030105113983
vt 0.31877100467681885 0.4283660054206848
vt 0.3104349970817566 0.4811230003833771
vt 0.3104349970817566 0.4811230003833771
vt 0.25750699639320374 0.4811230003833771
vt 0.2684609889984131 0.4120030105113983
vt 0.35020700097084045 0.3859899938106537
vt 0.363072007894516 0.3953169882297516
vt 0.3423439860343933 0.4359929859638214
vt 0.3423439860343933 0.4359929859638214
vt 0.3271999955177307 0.43109700083732605
vt 0.35020700097084045 0.3859899938106537
vt 0.3862229883670807 0.3504129946231842
vt 0.3956409990787506 0.36333900690078735
vt 0.363072007894516 0.3953169882297516
vt 0.363072007894516 0.3953169882297516
vt 0.35020700097084045 0.3859899938106537
vt 0.3862229883670807 0.3504129946231842
vt 0.4313350021839142 0.32746198773384094
vt 0.4363130033016205 0.342631995677948
vt 0.3956409990787506 0.36333900690078735
vt 0.3956409990787506 0.36333900690078735
vt 0.3862229883670807 0.3504129946231842
vt 0.4313350021839142 0.32746198773384094
vt 0.48131099343299866 0.31948399543762207
vt 0.4813530147075653 0.3354380130767822
vt 0.4363130033016205 0.342631995677948
vt 0.4363130033016205 0.342631995677948
vt 0.4313350021839142 0.32746198773384094
vt 0.48131099343299866 0.31948399543762207
vt 0.5313050150871277 0.327347993850708
vt 0.5264059901237488 0.3425300121307373
vt 0.4813530147075653 0.3354380130767822
vt 0.4813530147075653 0.3354380130767822
vt 0.48131099343299866 0.31948399543762207
vt 0.5313050150871277 0.327347993850708
vt 0.5764129757881165 0.35029399394989014
vt 0.5670599937438965 0.363211989402771
vt 0.5264059901237488 0.3425300121307373
vt 0.5264059901237488 0.3425300121307373
vt 0.5313050150871277 0.327347993850708
vt 0.5764129757881165 0.35029399394989014
vt 0.6122249960899353 0.3860529959201813
vt 0.5993340015411377 0.39544299244880676
vt 0.5670599937438965 0.363211989402771
vt 0.5670599937438965 0.363211989402771
vt 0.5764129757881165 0.35029399394989014
vt 0.6122249960899353 0.3860529959201813
vt 0.6352220177650452 0.43113699555397034
vt 0.6200590133666992 0.43607398867607117
vt 0.5993340015411377 0.39544299244880676
vt 0.5993340015411377 0.39544299244880676
vt 0.6122249960899353 0.3860529959201813
vt 0.6352220177650452 0.43113699555397034
vt 0.6431450247764587 0.4811210036277771
vt 0.6272019743919373 0.4811230003833771
vt 0.6200590133666992 0.43607398867607117
vt 0.6200590133666992 0.43607398867607117
vt 0.6352220177650452 0.43113699555397034
vt 0.6431450247764587 0.4811210036277771
vt 0.635221004486084 0.5311059951782227
vt 0.6200609803199768 0.5261729955673218
vt 0.6272019743919373 0.4811230003833771
vt 0.6272019743919373 0.4811230003833771
vt 0.6431450247764587 0.4811210036277771
vt 0.635221004486084 0.5311059951782227
vt 0.6122260093688965 0.5761899948120117
vt 0.59934002161026 0.5668039917945862
vt 0.6200609803199768 0.5261729955673218
vt 0.6200609803199768 0.5261729955673218
vt 0.635221004486084 0.5311059951782227
vt 0.6122260093688965 0.5761899948120117
vt 0.5764150023460388 0.6119509935379028
vt 0.56706702709198 0.5990369915962219
vt 0.59934002161026 0.5668039917945862
vt 0.59934002161026 0.5668039917945862
vt 0.6122260093688965 0.5761899948120117
vt 0.5764150023460388 0.6119509935379028
vt 0.5313069820404053 0.6348950266838074
vt 0.5264120101928711 0.6197130084037781
vt 0.56706702709198 0.5990369915962219
vt 0.56706702709198 0.5990369915962219
vt 0.5764150023460388 0.6119509935379028
vt 0.5313069820404053 0.6348950266838074
vt 0.48131299018859863 0.6427549719810486
vt 0.4813559949398041 0.6268010139465332
vt 0.5264120101928711 0.6197130084037781
vt 0.5264120101928711 0.6197130084037781
vt 0.5313069820404053 0.6348950266838074
vt 0.48131299018859863 0.6427549719810486
vt 0.4313350021839142 0.6347900032997131
vt 0.4363139867782593 0.6196119785308838
vt 0.4813559949398041 0.6268010139465332
vt 0.4813559949398041 0.6268010139465332
vt 0.48131299018859863 0.6427549719810486
vt 0.4313350021839142 0.6347900032997131
vt 0.386227011680603 0.6118320226669312
vt 0.39564400911331177 0.5989050269126892
vt 0.4363139867782593 0.6196119785308838
vt 0.4363139867782593 0.6196119785308838
vt 0.4313350021839142 0.6347900032997131
vt 0.386227011680603 0.6118320226669312
vt 0.35021498799324036 0.5762479901313782
vt 0.3630770146846771 0.5669249892234802
vt 0.39564400911331177 0.5989050269126892
vt 0.39564400911331177 0.5989050269126892
vt 0.386227011680603 0.6118320226669312
vt 0.35021498799324036 0.5762479901313782
vt 0.32719698548316956 0.5311440229415894
vt 0.3423449993133545 0.5262500047683716
vt 0.3630770146846771 0.5669249892234802
vt 0.3630770146846771 0.5669249892234802
vt 0.35021498799324036 0.5762479901313782
vt 0.32719698548316956 0.5311440229415894
vt 0.3193019926548004 0.4811210036277771
vt 0.3352220058441162 0.4811210036277771
vt 0.3423449993133545 0.5262500047683716
vt 0.3423449993133545 0.5262500047683716
vt 0.32719698548316956 0.5311440229415894
vt 0.3193019926548004 0.4811210036277771
vt 0.3271999955177307 0.43109700083732605
vt 0.3423439860343933 0.4359929859638214
vt 0.3352220058441162 0.4811210036277771
vt 0.3352220058441162 0.4811210036277771
vt 0.3193019926548004 0.4811210036277771
vt 0.3271999955177307 0.43109700083732605
vt 0.33170899748802185 0.4325459897518158
vt 0.3540300130844116 0.38855600357055664
vt 0.39022400975227356 0.41579899191856384
vt 0.39022400975227356 0.41579899191856384
vt 0.3761250078678131 0.44688400626182556
vt 0.33170899748802185 0.4325459897518158
vt 0.3540300130844116 0.38855600357055664
vt 0.389398992061615 0.3544819951057434
vt 0.41680800914764404 0.3937839865684509
vt 0.41680800914764404 0.3937839865684509
vt 0.39022400975227356 0.41579899191856384
vt 0.3540300130844116 0.38855600357055664
vt 0.389398992061615 0.3544819951057434
vt 0.43293699622154236 0.33222800493240356
vt 0.44745200872421265 0.3765160143375397
vt 0.44745200872421265 0.3765160143375397
vt 0.41680800914764404 0.3937839865684509
vt 0.389398992061615 0.3544819951057434
vt 0.4813689887523651 0.32445499300956726
vt 0.4815109968185425 0.3712970018386841
vt 0.44745200872421265 0.3765160143375397
vt 0.44745200872421265 0.3765160143375397
vt 0.43293699622154236 0.33222800493240356
vt 0.4813689887523651 0.32445499300956726
vt 0.5298169851303101 0.3320690095424652
vt 0.5154820084571838 0.3766089975833893
vt 0.4815109968185425 0.3712970018386841
vt 0.4815109968185425 0.3712970018386841
vt 0.4813689887523651 0.32445499300956726
vt 0.5298169851303101 0.3320690095424652
vt 0.5735470056533813 0.35429900884628296
vt 0.5461369752883911 0.392210990190506
vt 0.5154820084571838 0.3766089975833893
vt 0.5154820084571838 0.3766089975833893
vt 0.5298169851303101 0.3320690095424652
vt 0.5735470056533813 0.35429900884628296
vt 0.6082640290260315 0.38896098732948303
vt 0.5704740285873413 0.41651400923728943
vt 0.5461369752883911 0.392210990190506
vt 0.5461369752883911 0.392210990190506
vt 0.5735470056533813 0.35429900884628296
vt 0.6082640290260315 0.38896098732948303
vt 0.6305609941482544 0.43266499042510986
vt 0.5860990285873413 0.4471539855003357
vt 0.5704740285873413 0.41651400923728943
vt 0.5704740285873413 0.41651400923728943
vt 0.6082640290260315 0.38896098732948303
vt 0.6305609941482544 0.43266499042510986
vt 0.6382449865341187 0.4811230003833771
vt 0.5914869904518127 0.48112401366233826
vt 0.5860990285873413 0.4471539855003357
vt 0.5860990285873413 0.4471539855003357
vt 0.6305609941482544 0.43266499042510986
vt 0.6382449865341187 0.4811230003833771
vt 0.6305620074272156 0.5295810103416443
vt 0.5860990285873413 0.515093982219696
vt 0.5914869904518127 0.48112401366233826
vt 0.5914869904518127 0.48112401366233826
vt 0.6382449865341187 0.4811230003833771
vt 0.6305620074272156 0.5295810103416443
vt 0.6082680225372314 0.5732839703559875
vt 0.5704740285873413 0.5457339882850647
vt 0.5860990285873413 0.515093982219696
vt 0.5860990285873413 0.515093982219696
vt 0.6305620074272156 0.5295810103416443
vt 0.6082680225372314 0.5732839703559875
vt 0.5735499858856201 0.60794597864151
vt 0.5461369752883911 0.5700380206108093
vt 0.5704740285873413 0.5457339882850647
vt 0.5704740285873413 0.5457339882850647
vt 0.6082680225372314 0.5732839703559875
vt 0.5735499858856201 0.60794597864151
vt 0.52982097864151 0.630174994468689
vt 0.5154820084571838 0.5856379866600037
vt 0.5461369752883911 0.5700380206108093
vt 0.5461369752883911 0.5700380206108093
vt 0.5735499858856201 0.60794597864151
vt 0.52982097864151 0.630174994468689
vt 0.48137199878692627 0.6377879977226257
vt 0.4815109968185425 0.5909519791603088
vt 0.5154820084571838 0.5856379866600037
vt 0.5154820084571838 0.5856379866600037
vt 0.52982097864151 0.630174994468689
vt 0.48137199878692627 0.6377879977226257
vt 0.43293800950050354 0.6300190091133118
vt 0.44745200872421265 0.5857329964637756
vt 0.4815109968185425 0.5909519791603088
vt 0.4815109968185425 0.5909519791603088
vt 0.48137199878692627 0.6377879977226257
vt 0.43293800950050354 0.6300190091133118
vt 0.389398992061615 0.6077650189399719
vt 0.41680699586868286 0.5684660077095032
vt 0.44745200872421265 0.5857329964637756
vt 0.44745200872421265 0.5857329964637756
vt 0.43293800950050354 0.6300190091133118
vt 0.389398992061615 0.6077650189399719
vt 0.3540329933166504 0.5736889839172363
vt 0.39022499322891235 0.5464479923248291
vt 0.41680699586868286 0.5684660077095032
vt 0.41680699586868286 0.5684660077095032
vt 0.389398992061615 0.6077650189399719
vt 0.3540329933166504 0.5736889839172363
vt 0.3317109942436218 0.5296970009803772
vt 0.37612900137901306 0.5153639912605286
vt 0.39022499322891235 0.5464479923248291
vt 0.39022499322891235 0.5464479923248291
vt 0.3540329933166504 0.5736889839172363
vt 0.3317109942436218 0.5296970009803772
vt 0.32406899333000183 0.4811230003833771
vt 0.3704040050506592 0.48112401366233826
vt 0.37612900137901306 0.5153639912605286
vt 0.37612900137901306 0.5153639912605286
vt 0.3317109942436218 0.5296970009803772
vt 0.32406899333000183 0.4811230003833771
vt 0.33170899748802185 0.4325459897518158
vt 0.3761250078678131 0.44688400626182556
vt 0.3704040050506592 0.48112401366233826
vt 0.3704040050506592 0.48112401366233826
vt 0.32406899333000183 0.4811230003833771
vt 0.33170899748802185 0.4325459897518158
vt 0.9830290079116821 0.8592979907989502
vt 0.9008129835128784 0.8859210014343262
vt 0.8990380167961121 0.8826050162315369
vt 0.8990380167961121 0.8826050162315369
vt 0.9690539836883545 0.8319299817085266
vt 0.9830290079116821 0.8592979907989502
vt 0.9690539836883545 0.8319299817085266
vt 0.8990380167961121 0.8826050162315369
vt 0.896265983581543 0.8801609873771667
vt 0.896265983581543 0.8801609873771667
vt 0.9473069906234741 0.8102149963378906
vt 0.9690539836883545 0.8319299817085266
vt 0.9473069906234741 0.8102149963378906
vt 0.896265983581543 0.8801609873771667
vt 0.8930060267448425 0.8785499930381775
vt 0.8930060267448425 0.8785499930381775
vt 0.9199219942092896 0.7962520122528076
vt 0.9473069906234741 0.8102149963378906
vt 0.9199219942092896 0.7962520122528076
vt 0.8930060267448425 0.8785499930381775
vt 0.8894150257110596 0.8779990077018738
vt 0.8894150257110596 0.8779990077018738
vt 0.8895670175552368 0.7914149761199951
vt 0.9199219942092896 0.7962520122528076
vt 0.8895670175552368 0.7914149761199951
vt 0.8894150257110596 0.8779990077018738
vt 0.8858450055122375 0.8786810040473938
vt 0.8858450055122375 0.8786810040473938
vt 0.8592010140419006 0.7962070107460022
vt 0.8895670175552368 0.7914149761199951
vt 0.8592010140419006 0.7962070107460022
vt 0.8858450055122375 0.8786810040473938
vt 0.8827260136604309 0.8803809881210327
vt 0.8827260136604309 0.8803809881210327
vt 0.8318060040473938 0.810155987739563
vt 0.8592010140419006 0.7962070107460022
vt 0.8318060040473938 0.810155987739563
vt 0.8827260136604309 0.8803809881210327
vt 0.8802239894866943 0.8829240202903748
vt 0.8802239894866943 0.8829240202903748
vt 0.8100659847259521 0.8318899869918823
vt 0.8318060040473938 0.810155987739563
vt 0.8100659847259521 0.8318899869918823
vt 0.8802239894866943 0.8829240202903748
vt 0.8786100149154663 0.8861129879951477
vt 0.8786100149154663 0.8861129879951477
vt 0.7961090207099915 0.8592829704284668
vt 0.8100659847259521 0.8318899869918823
vt 0.7961090207099915 0.8592829704284668
vt 0.8786100149154663 0.8861129879951477
vt 0.8780549764633179 0.8896480202674866
vt 0.8780549764633179 0.8896480202674866
vt 0.7912989854812622 0.8896499872207642
vt 0.7961090207099915 0.8592829704284668
vt 0.7912989854812622 0.8896499872207642
vt 0.8780549764633179 0.8896480202674866
vt 0.8786100149154663 0.8931840062141418
vt 0.8786100149154663 0.8931840062141418
vt 0.7961090207099915 0.9200159907341003
vt 0.7912989854812622 0.8896499872207642
vt 0.7961090207099915 0.9200159907341003
vt 0.8786100149154663 0.8931840062141418
vt 0.8802229762077332 0.8963720202445984
vt 0.8802229762077332 0.8963720202445984
vt 0.8100659847259521 0.9474089741706848
vt 0.7961090207099915 0.9200159907341003
vt 0.8100659847259521 0.9474089741706848
vt 0.8802229762077332 0.8963720202445984
vt 0.8827239871025085 0.8989179730415344
vt 0.8827239871025085 0.8989179730415344
vt 0.8318060040473938 0.9691429734230042
vt 0.8100659847259521 0.9474089741706848
vt 0.8318060040473938 0.9691429734230042
vt 0.8827239871025085 0.8989179730415344
vt 0.8858450055122375 0.9006180167198181
vt 0.8858450055122375 0.9006180167198181
vt 0.8592010140419006 0.9830909967422485
vt 0.8318060040473938 0.9691429734230042
vt 0.8592010140419006 0.9830909967422485
vt 0.8858450055122375 0.9006180167198181
vt 0.8894150257110596 0.9013029932975769
vt 0.8894150257110596 0.9013029932975769
vt 0.8895670175552368 0.987883985042572
vt 0.8592010140419006 0.9830909967422485
vt 0.8895670175552368 0.987883985042572
vt 0.8894150257110596 0.9013029932975769
vt 0.8930079936981201 0.9007490277290344
vt 0.8930079936981201 0.9007490277290344
vt 0.9199219942092896 0.9830470085144043
vt 0.8895670175552368 0.987883985042572
vt 0.9199219942092896 0.9830470085144043
vt 0.8930079936981201 0.9007490277290344
vt 0.8962680101394653 0.8991360068321228
vt 0.8962680101394653 0.8991360068321228
vt 0.9473069906234741 0.9690859913825989
vt 0.9199219942092896 0.9830470085144043
vt 0.9473069906234741 0.9690859913825989
vt 0.8962680101394653 0.8991360068321228
vt 0.899042010307312 0.8966919779777527
vt 0.899042010307312 0.8966919779777527
vt 0.9690539836883545 0.9473689794540405
vt 0.9473069906234741 0.9690859913825989
vt 0.9690539836883545 0.9473689794540405
vt 0.899042010307312 0.8966919779777527
vt 0.9008139967918396 0.8933740258216858
vt 0.9008139967918396 0.8933740258216858
vt 0.9830290079116821 0.9200009703636169
vt 0.9690539836883545 0.9473689794540405
vt 0.9830290079116821 0.9200009703636169
vt 0.9008139967918396 0.8933740258216858
vt 0.901432991027832 0.8896470069885254
vt 0.901432991027832 0.8896470069885254
vt 0.9878469705581665 0.8896499872207642
vt 0.9830290079116821 0.9200009703636169
vt 0.9878469705581665 0.8896499872207642
vt 0.901432991027832 0.8896470069885254
vt 0.9008129835128784 0.8859210014343262
vt 0.9008129835128784 0.8859210014343262
vt 0.9830290079116821 0.8592979907989502
vt 0.9878469705581665 0.8896499872207642
vt 0.9008129835128784 0.8859210014343262
vt 0.8897709846496582 0.8896520137786865
vt 0.8990380167961121 0.8826050162315369
vt 0.8990380167961121 0.8826050162315369
vt 0.8897709846496582 0.8896520137786865
vt 0.896265983581543 0.8801609873771667
vt 0.896265983581543 0.8801609873771667
vt 0.8897709846496582 0.8896520137786865
vt 0.8930060267448425 0.8785499930381775
vt 0.8930060267448425 0.8785499930381775
vt 0.8897709846496582 0.8896520137786865
vt 0.8894150257110596 0.8779990077018738
vt 0.8894150257110596 0.8779990077018738
vt 0.8897709846496582 0.8896520137786865
vt 0.8858450055122375 0.8786810040473938
vt 0.8858450055122375 0.8786810040473938
vt 0.8897709846496582 0.8896520137786865
vt 0.8827260136604309 0.8803809881210327
vt 0.8827260136604309 0.8803809881210327
vt 0.8897709846496582 0.8896520137786865
vt 0.8802239894866943 0.8829240202903748
vt 0.8802239894866943 0.8829240202903748
vt 0.8897709846496582 0.8896520137786865
vt 0.8786100149154663 0.8861129879951477
vt 0.8786100149154663 0.8861129879951477
vt 0.8897709846496582 0.8896520137786865
vt 0.8780549764633179 0.8896480202674866
vt 0.8780549764633179 0.8896480202674866
vt 0.8897709846496582 0.8896520137786865
vt 0.8786100149154663 0.8931840062141418
vt 0.8786100149154663 0.8931840062141418
vt 0.8897709846496582 0.8896520137786865
vt 0.8802229762077332 0.8963720202445984
vt 0.8802229762077332 0.8963720202445984
vt 0.8897709846496582 0.8896520137786865
vt 0.8827239871025085 0.8989179730415344
vt 0.8827239871025085 0.8989179730415344
vt 0.8897709846496582 0.8896520137786865
vt 0.8858450055122375 0.9006180167198181
vt 0.8858450055122375 0.9006180167198181
vt 0.8897709846496582 0.8896520137786865
vt 0.8894150257110596 0.9013029932975769
vt 0.8894150257110596 0.9013029932975769
vt 0.8897709846496582 0.8896520137786865
vt 0.8930079936981201 0.9007490277290344
vt 0.8930079936981201 0.9007490277290344
vt 0.8897709846496582 0.8896520137786865
vt 0.8962680101394653 0.8991360068321228
vt 0.8962680101394653 0.8991360068321228
vt 0.8897709846496582 0.8896520137786865
vt 0.899042010307312 0.8966919779777527
vt 0.899042010307312 0.8966919779777527
vt 0.8897709846496582 0.8896520137786865
vt 0.9008139967918396 0.8933740258216858
vt 0.9008139967918396 0.8933740258216858
vt 0.8897709846496582 0.8896520137786865
vt 0.901432991027832 0.8896470069885254
vt 0.901432991027832 0.8896470069885254
vt 0.8897709846496582 0.8896520137786865
vt 0.9008129835128784 0.8859210014343262
vt 0.9690539836883545 0.8319299817085266
vt 0.9709479808807373 0.8305519819259644
vt 0.9852520227432251 0.8585730195045471
vt 0.9852520227432251 0.8585730195045471
vt 0.9830290079116821 0.8592979907989502
vt 0.9690539836883545 0.8319299817085266
vt 0.9473069906234741 0.8102149963378906
vt 0.9486809968948364 0.808322012424469
vt 0.9709479808807373 0.8305519819259644
vt 0.9709479808807373 0.8305519819259644
vt 0.9690539836883545 0.8319299817085266
vt 0.9473069906234741 0.8102149963378906
vt 0.9199219942092896 0.7962520122528076
vt 0.9206420183181763 0.7940390110015869
vt 0.9486809968948364 0.808322012424469
vt 0.9486809968948364 0.808322012424469
vt 0.9473069906234741 0.8102149963378906
vt 0.9199219942092896 0.7962520122528076
vt 0.8895670175552368 0.7914149761199951
vt 0.8895689845085144 0.7891020178794861
vt 0.9206420183181763 0.7940390110015869
vt 0.9206420183181763 0.7940390110015869
vt 0.9199219942092896 0.7962520122528076
vt 0.8895670175552368 0.7914149761199951
vt 0.8592010140419006 0.7962070107460022
vt 0.858485996723175 0.7940040230751038
vt 0.8895689845085144 0.7891020178794861
vt 0.8895689845085144 0.7891020178794861
vt 0.8895670175552368 0.7914149761199951
vt 0.8592010140419006 0.7962070107460022
vt 0.8318060040473938 0.810155987739563
vt 0.8304430246353149 0.8082789778709412
vt 0.858485996723175 0.7940040230751038
vt 0.858485996723175 0.7940040230751038
vt 0.8592010140419006 0.7962070107460022
vt 0.8318060040473938 0.810155987739563
vt 0.8100659847259521 0.8318899869918823
vt 0.8081859946250916 0.8305259943008423
vt 0.8304430246353149 0.8082789778709412
vt 0.8304430246353149 0.8082789778709412
vt 0.8318060040473938 0.810155987739563
vt 0.8100659847259521 0.8318899869918823
vt 0.7961090207099915 0.8592829704284668
vt 0.7938960194587708 0.8585669994354248
vt 0.8081859946250916 0.8305259943008423
vt 0.8081859946250916 0.8305259943008423
vt 0.8100659847259521 0.8318899869918823
vt 0.7961090207099915 0.8592829704284668
vt 0.7912989854812622 0.8896499872207642
vt 0.7889750003814697 0.8896499872207642
vt 0.7938960194587708 0.8585669994354248
vt 0.7938960194587708 0.8585669994354248
vt 0.7961090207099915 0.8592829704284668
vt 0.7912989854812622 0.8896499872207642
vt 0.7961090207099915 0.9200159907341003
vt 0.7938960194587708 0.9207320213317871
vt 0.7889750003814697 0.8896499872207642
vt 0.7889750003814697 0.8896499872207642
vt 0.7912989854812622 0.8896499872207642
vt 0.7961090207099915 0.9200159907341003
vt 0.8100659847259521 0.9474089741706848
vt 0.8081859946250916 0.9487730264663696
vt 0.7938960194587708 0.9207320213317871
vt 0.7938960194587708 0.9207320213317871
vt 0.7961090207099915 0.9200159907341003
vt 0.8100659847259521 0.9474089741706848
vt 0.8318060040473938 0.9691429734230042
vt 0.8304439783096313 0.9710209965705872
vt 0.8081859946250916 0.9487730264663696
vt 0.8081859946250916 0.9487730264663696
vt 0.8100659847259521 0.9474089741706848
vt 0.8318060040473938 0.9691429734230042
vt 0.8592010140419006 0.9830909967422485
vt 0.858485996723175 0.9852949976921082
vt 0.8304439783096313 0.9710209965705872
vt 0.8304439783096313 0.9710209965705872
vt 0.8318060040473938 0.9691429734230042
vt 0.8592010140419006 0.9830909967422485
vt 0.8895670175552368 0.987883985042572
vt 0.8895699977874756 0.9901970028877258
vt 0.858485996723175 0.9852949976921082
vt 0.858485996723175 0.9852949976921082
vt 0.8592010140419006 0.9830909967422485
vt 0.8895670175552368 0.987883985042572
vt 0.9199219942092896 0.9830470085144043
vt 0.9206420183181763 0.985260009765625
vt 0.8895699977874756 0.9901970028877258
vt 0.8895699977874756 0.9901970028877258
vt 0.8895670175552368 0.987883985042572
vt 0.9199219942092896 0.9830470085144043
vt 0.9473069906234741 0.9690859913825989
vt 0.9486809968948364 0.9709780216217041
vt 0.9206420183181763 0.985260009765625
vt 0.9206420183181763 0.985260009765625
vt 0.9199219942092896 0.9830470085144043
vt 0.9473069906234741 0.9690859913825989
vt 0.9690539836883545 0.9473689794540405
vt 0.9709479808807373 0.9487469792366028
vt 0.9486809968948364 0.9709780216217041
vt 0.9486809968948364 0.9709780216217041
vt 0.9473069906234741 0.9690859913825989
vt 0.9690539836883545 0.9473689794540405
vt 0.9830290079116821 0.9200009703636169
vt 0.9852520227432251 0.9207260012626648
vt 0.9709479808807373 0.9487469792366028
vt 0.9709479808807373 0.9487469792366028
vt 0.9690539836883545 0.9473689794540405
vt 0.9830290079116821 0.9200009703636169
vt 0.9878469705581665 0.8896499872207642
vt 0.990185022354126 0.8896499872207642
vt 0.9852520227432251 0.9207260012626648
vt 0.9852520227432251 0.9207260012626648
vt 0.9830290079116821 0.9200009703636169
vt 0.9878469705581665 0.8896499872207642
vt 0.9830290079116821 0.8592979907989502
vt 0.9852520227432251 0.8585730195045471
vt 0.990185022354126 0.8896499872207642
vt 0.990185022354126 0.8896499872207642
vt 0.9878469705581665 0.8896499872207642
vt 0.9830290079116821 0.8592979907989502
vt 0.20478999614715576 0.2803269922733307
vt 0.15624800324440002 0.37555599212646484
vt 0.1513260006904602 0.3739579916000366
vt 0.1513260006904602 0.3739579916000366
vt 0.2006019949913025 0.27728599309921265
vt 0.20478999614715576 0.2803269922733307
vt 0.2101999968290329 0.28425800800323486
vt 0.16260799765586853 0.37762200832366943
vt 0.15624800324440002 0.37555599212646484
vt 0.15624800324440002 0.37555599212646484
vt 0.20478999614715576 0.2803269922733307
vt 0.2101999968290329 0.28425800800323486
vt 0.20478999614715576 0.2803269922733307
vt 0.2803890109062195 0.2047629952430725
vt 0.2843190133571625 0.21017199754714966
vt 0.2843190133571625 0.21017199754714966
vt 0.2101999968290329 0.28425800800323486
vt 0.20478999614715576 0.2803269922733307
vt 0.2006019949913025 0.27728599309921265
vt 0.2773439884185791 0.20057499408721924
vt 0.2803890109062195 0.2047629952430725
vt 0.2803890109062195 0.2047629952430725
vt 0.20478999614715576 0.2803269922733307
vt 0.2006019949913025 0.27728599309921265
vt 0.15624800324440002 0.37555599212646484
vt 0.1395220011472702 0.48112499713897705
vt 0.13434599339962006 0.48112499713897705
vt 0.13434599339962006 0.48112499713897705
vt 0.1513260006904602 0.3739579916000366
vt 0.15624800324440002 0.37555599212646484
vt 0.16260799765586853 0.37762200832366943
vt 0.1462080031633377 0.48112401366233826
vt 0.1395220011472702 0.48112499713897705
vt 0.1395220011472702 0.48112499713897705
vt 0.15624800324440002 0.37555599212646484
vt 0.16260799765586853 0.37762200832366943
vt 0.2803890109062195 0.2047629952430725
vt 0.3756360113620758 0.1562490016222
vt 0.377701997756958 0.16260799765586853
vt 0.377701997756958 0.16260799765586853
vt 0.2843190133571625 0.21017199754714966
vt 0.2803890109062195 0.2047629952430725
vt 0.2773439884185791 0.20057499408721924
vt 0.37403398752212524 0.15132400393486023
vt 0.3756360113620758 0.1562490016222
vt 0.3756360113620758 0.1562490016222
vt 0.2803890109062195 0.2047629952430725
vt 0.2773439884185791 0.20057499408721924
vt 0.3756360113620758 0.1562490016222
vt 0.48120999336242676 0.1395300030708313
vt 0.48121100664138794 0.1462170034646988
vt 0.48121100664138794 0.1462170034646988
vt 0.377701997756958 0.16260799765586853
vt 0.3756360113620758 0.1562490016222
vt 0.37403398752212524 0.15132400393486023
vt 0.48120999336242676 0.13435199856758118
vt 0.48120999336242676 0.1395300030708313
vt 0.48120999336242676 0.1395300030708313
vt 0.3756360113620758 0.1562490016222
vt 0.37403398752212524 0.15132400393486023
vt 0.48120999336242676 0.1395300030708313
vt 0.5867850184440613 0.1562419980764389
vt 0.5847200155258179 0.1626030057668686
vt 0.5847200155258179 0.1626030057668686
vt 0.48121100664138794 0.1462170034646988
vt 0.48120999336242676 0.1395300030708313
vt 0.48120999336242676 0.13435199856758118
vt 0.5883839726448059 0.1513179987668991
vt 0.5867850184440613 0.1562419980764389
vt 0.5867850184440613 0.1562419980764389
vt 0.48120999336242676 0.1395300030708313
vt 0.48120999336242676 0.13435199856758118
vt 0.5867850184440613 0.1562419980764389
vt 0.6820319890975952 0.20475199818611145
vt 0.6781020164489746 0.2101619988679886
vt 0.6781020164489746 0.2101619988679886
vt 0.5847200155258179 0.1626030057668686
vt 0.5867850184440613 0.1562419980764389
vt 0.5883839726448059 0.1513179987668991
vt 0.6850749850273132 0.20056499540805817
vt 0.6820319890975952 0.20475199818611145
vt 0.6820319890975952 0.20475199818611145
vt 0.5867850184440613 0.1562419980764389
vt 0.5883839726448059 0.1513179987668991
vt 0.6820319890975952 0.20475199818611145
vt 0.7576239705085754 0.28032198548316956
vt 0.7522130012512207 0.2842540144920349
vt 0.7522130012512207 0.2842540144920349
vt 0.6781020164489746 0.2101619988679886
vt 0.6820319890975952 0.20475199818611145
vt 0.6850749850273132 0.20056499540805817
vt 0.7618119716644287 0.2772809863090515
vt 0.7576239705085754 0.28032198548316956
vt 0.7576239705085754 0.28032198548316956
vt 0.6820319890975952 0.20475199818611145
vt 0.6850749850273132 0.20056499540805817
vt 0.7576239705085754 0.28032198548316956
vt 0.8061599731445312 0.37555500864982605
vt 0.7998009920120239 0.37762200832366943
vt 0.7998009920120239 0.37762200832366943
vt 0.7522130012512207 0.2842540144920349
vt 0.7576239705085754 0.28032198548316956
vt 0.7618119716644287 0.2772809863090515
vt 0.8110830187797546 0.37395599484443665
vt 0.8061599731445312 0.37555500864982605
vt 0.8061599731445312 0.37555500864982605
vt 0.7576239705085754 0.28032198548316956
vt 0.7618119716644287 0.2772809863090515
vt 0.8061599731445312 0.37555500864982605
vt 0.8228859901428223 0.48112601041793823
vt 0.8161979913711548 0.48112499713897705
vt 0.8161979913711548 0.48112499713897705
vt 0.7998009920120239 0.37762200832366943
vt 0.8061599731445312 0.37555500864982605
vt 0.8110830187797546 0.37395599484443665
vt 0.8280609846115112 0.48112499713897705
vt 0.8228859901428223 0.48112601041793823
vt 0.8228859901428223 0.48112601041793823
vt 0.8061599731445312 0.37555500864982605
vt 0.8110830187797546 0.37395599484443665
vt 0.8228859901428223 0.48112601041793823
vt 0.8061599731445312 0.586696982383728
vt 0.7997990250587463 0.5846289992332458
vt 0.7997990250587463 0.5846289992332458
vt 0.8161979913711548 0.48112499713897705
vt 0.8228859901428223 0.48112601041793823
vt 0.8280609846115112 0.48112499713897705
vt 0.8110830187797546 0.5882949829101562
vt 0.8061599731445312 0.586696982383728
vt 0.8061599731445312 0.586696982383728
vt 0.8228859901428223 0.48112601041793823
vt 0.8280609846115112 0.48112499713897705
vt 0.8061599731445312 0.586696982383728
vt 0.7576239705085754 0.6819279789924622
vt 0.7522119879722595 0.6779950261116028
vt 0.7522119879722595 0.6779950261116028
vt 0.7997990250587463 0.5846289992332458
vt 0.8061599731445312 0.586696982383728
vt 0.8110830187797546 0.5882949829101562
vt 0.7618100047111511 0.6849690079689026
vt 0.7576239705085754 0.6819279789924622
vt 0.7576239705085754 0.6819279789924622
vt 0.8061599731445312 0.586696982383728
vt 0.8110830187797546 0.5882949829101562
vt 0.7576239705085754 0.6819279789924622
vt 0.682030975818634 0.7574970126152039
vt 0.6780999898910522 0.7520859837532043
vt 0.6780999898910522 0.7520859837532043
vt 0.7522119879722595 0.6779950261116028
vt 0.7576239705085754 0.6819279789924622
vt 0.7618100047111511 0.6849690079689026
vt 0.6850730180740356 0.7616850137710571
vt 0.682030975818634 0.7574970126152039
vt 0.682030975818634 0.7574970126152039
vt 0.7576239705085754 0.6819279789924622
vt 0.7618100047111511 0.6849690079689026
vt 0.682030975818634 0.7574970126152039
vt 0.5867859721183777 0.8060089945793152
vt 0.5847200155258179 0.7996500134468079
vt 0.5847200155258179 0.7996500134468079
vt 0.6780999898910522 0.7520859837532043
vt 0.682030975818634 0.7574970126152039
vt 0.6850730180740356 0.7616850137710571
vt 0.5883849859237671 0.8109340071678162
vt 0.5867859721183777 0.8060089945793152
vt 0.5867859721183777 0.8060089945793152
vt 0.682030975818634 0.7574970126152039
vt 0.6850730180740356 0.7616850137710571
vt 0.5867859721183777 0.8060089945793152
vt 0.48121199011802673 0.8227220177650452
vt 0.48121199011802673 0.8160369992256165
vt 0.48121199011802673 0.8160369992256165
vt 0.5847200155258179 0.7996500134468079
vt 0.5867859721183777 0.8060089945793152
vt 0.5883849859237671 0.8109340071678162
vt 0.48121100664138794 0.8279010057449341
vt 0.48121199011802673 0.8227220177650452
vt 0.48121199011802673 0.8227220177650452
vt 0.5867859721183777 0.8060089945793152
vt 0.5883849859237671 0.8109340071678162
vt 0.48121199011802673 0.8227220177650452
vt 0.3756389915943146 0.8060010075569153
vt 0.37770500779151917 0.799642026424408
vt 0.37770500779151917 0.799642026424408
vt 0.48121199011802673 0.8160369992256165
vt 0.48121199011802673 0.8227220177650452
vt 0.48121100664138794 0.8279010057449341
vt 0.3740369975566864 0.8109260201454163
vt 0.3756389915943146 0.8060010075569153
vt 0.3756389915943146 0.8060010075569153
vt 0.48121199011802673 0.8227220177650452
vt 0.48121100664138794 0.8279010057449341
vt 0.3756389915943146 0.8060010075569153
vt 0.28039199113845825 0.7574859857559204
vt 0.28432101011276245 0.7520779967308044
vt 0.28432101011276245 0.7520779967308044
vt 0.37770500779151917 0.799642026424408
vt 0.3756389915943146 0.8060010075569153
vt 0.3740369975566864 0.8109260201454163
vt 0.27734699845314026 0.7616770267486572
vt 0.28039199113845825 0.7574859857559204
vt 0.28039199113845825 0.7574859857559204
vt 0.3756389915943146 0.8060010075569153
vt 0.3740369975566864 0.8109260201454163
vt 0.28039199113845825 0.7574859857559204
vt 0.2047940045595169 0.6819220185279846
vt 0.21020400524139404 0.6779940128326416
vt 0.21020400524139404 0.6779940128326416
vt 0.28432101011276245 0.7520779967308044
vt 0.28039199113845825 0.7574859857559204
vt 0.27734699845314026 0.7616770267486572
vt 0.20060500502586365 0.6849629878997803
vt 0.2047940045595169 0.6819220185279846
vt 0.2047940045595169 0.6819220185279846
vt 0.28039199113845825 0.7574859857559204
vt 0.27734699845314026 0.7616770267486572
vt 0.2047940045595169 0.6819220185279846
vt 0.15625199675559998 0.5866940021514893
vt 0.1626099944114685 0.5846279859542847
vt 0.1626099944114685 0.5846279859542847
vt 0.21020400524139404 0.6779940128326416
vt 0.2047940045595169 0.6819220185279846
vt 0.20060500502586365 0.6849629878997803
vt 0.15132799744606018 0.5882920026779175
vt 0.15625199675559998 0.5866940021514893
vt 0.15625199675559998 0.5866940021514893
vt 0.2047940045595169 0.6819220185279846
vt 0.20060500502586365 0.6849629878997803
vt 0.15625199675559998 0.5866940021514893
vt 0.1395220011472702 0.48112499713897705
vt 0.1462080031633377 0.48112401366233826
vt 0.1462080031633377 0.48112401366233826
vt 0.1626099944114685 0.5846279859542847
vt 0.15625199675559998 0.5866940021514893
vt 0.15132799744606018 0.5882920026779175
vt 0.13434599339962006 0.48112499713897705
vt 0.1395220011472702 0.48112499713897705
vt 0.1395220011472702 0.48112499713897705
vt 0.15625199675559998 0.5866940021514893
vt 0.15132799744606018 0.5882920026779175
vt 0.38122498989105225 0.44844600558280945
vt 0.39421001076698303 0.41883400082588196
vt 0.3979499936103821 0.42157500982284546
vt 0.3979499936103821 0.42157500982284546
vt 0.3853209912776947 0.4497259855270386
vt 0.38122498989105225 0.44844600558280945
vt 0.3761250078678131 0.44688400626182556
vt 0.39022400975227356 0.41579899191856384
vt 0.39421001076698303 0.41883400082588196
vt 0.39421001076698303 0.41883400082588196
vt 0.38122498989105225 0.44844600558280945
vt 0.3761250078678131 0.44688400626182556
vt 0.38122498989105225 0.44844600558280945
vt 0.3756200075149536 0.48112401366233826
vt 0.3704040050506592 0.48112401366233826
vt 0.3704040050506592 0.48112401366233826
vt 0.3761250078678131 0.44688400626182556
vt 0.38122498989105225 0.44844600558280945
vt 0.3853209912776947 0.4497259855270386
vt 0.38013800978660583 0.48112401366233826
vt 0.3756200075149536 0.48112401366233826
vt 0.3756200075149536 0.48112401366233826
vt 0.38122498989105225 0.44844600558280945
vt 0.3853209912776947 0.4497259855270386
vt 0.3979499936103821 0.42157500982284546
vt 0.39421001076698303 0.41883400082588196
vt 0.41995498538017273 0.39838001132011414
vt 0.41995498538017273 0.39838001132011414
vt 0.42247000336647034 0.40185800194740295
vt 0.3979499936103821 0.42157500982284546
vt 0.39421001076698303 0.41883400082588196
vt 0.39022400975227356 0.41579899191856384
vt 0.41680800914764404 0.3937839865684509
vt 0.41680800914764404 0.3937839865684509
vt 0.41995498538017273 0.39838001132011414
vt 0.39421001076698303 0.41883400082588196
vt 0.41995498538017273 0.39838001132011414
vt 0.4491429924964905 0.3814989924430847
vt 0.45059600472450256 0.3858479857444763
vt 0.45059600472450256 0.3858479857444763
vt 0.42247000336647034 0.40185800194740295
vt 0.41995498538017273 0.39838001132011414
vt 0.41680800914764404 0.3937839865684509
vt 0.44745200872421265 0.3765160143375397
vt 0.4491429924964905 0.3814989924430847
vt 0.4491429924964905 0.3814989924430847
vt 0.41995498538017273 0.39838001132011414
vt 0.41680800914764404 0.3937839865684509
vt 0.4491429924964905 0.3814989924430847
vt 0.48149800300598145 0.37664100527763367
vt 0.48147299885749817 0.381072998046875
vt 0.48147299885749817 0.381072998046875
vt 0.45059600472450256 0.3858479857444763
vt 0.4491429924964905 0.3814989924430847
vt 0.44745200872421265 0.3765160143375397
vt 0.4815109968185425 0.3712970018386841
vt 0.48149800300598145 0.37664100527763367
vt 0.48149800300598145 0.37664100527763367
vt 0.4491429924964905 0.3814989924430847
vt 0.44745200872421265 0.3765160143375397
vt 0.48149800300598145 0.37664100527763367
vt 0.513837993144989 0.3816770017147064
vt 0.512440025806427 0.3859280049800873
vt 0.512440025806427 0.3859280049800873
vt 0.48147299885749817 0.381072998046875
vt 0.48149800300598145 0.37664100527763367
vt 0.4815109968185425 0.3712970018386841
vt 0.5154820084571838 0.3766089975833893
vt 0.513837993144989 0.3816770017147064
vt 0.513837993144989 0.3816770017147064
vt 0.48149800300598145 0.37664100527763367
vt 0.4815109968185425 0.3712970018386841
vt 0.513837993144989 0.3816770017147064
vt 0.5430039763450623 0.3965170085430145
vt 0.5403689742088318 0.4001219868659973
vt 0.5403689742088318 0.4001219868659973
vt 0.512440025806427 0.3859280049800873
vt 0.513837993144989 0.3816770017147064
vt 0.5154820084571838 0.3766089975833893
vt 0.5461369752883911 0.392210990190506
vt 0.5430039763450623 0.3965170085430145
vt 0.5430039763450623 0.3965170085430145
vt 0.513837993144989 0.3816770017147064
vt 0.5154820084571838 0.3766089975833893
vt 0.5430039763450623 0.3965170085430145
vt 0.5661669969558716 0.41964200139045715
vt 0.5625479817390442 0.42225900292396545
vt 0.5625479817390442 0.42225900292396545
vt 0.5403689742088318 0.4001219868659973
vt 0.5430039763450623 0.3965170085430145
vt 0.5461369752883911 0.392210990190506
vt 0.5704740285873413 0.41651400923728943
vt 0.5661669969558716 0.41964200139045715
vt 0.5661669969558716 0.41964200139045715
vt 0.5430039763450623 0.3965170085430145
vt 0.5461369752883911 0.392210990190506
vt 0.5661669969558716 0.41964200139045715
vt 0.5810379981994629 0.4487980008125305
vt 0.5767899751663208 0.4501729905605316
vt 0.5767899751663208 0.4501729905605316
vt 0.5625479817390442 0.42225900292396545
vt 0.5661669969558716 0.41964200139045715
vt 0.5704740285873413 0.41651400923728943
vt 0.5860990285873413 0.4471539855003357
vt 0.5810379981994629 0.4487980008125305
vt 0.5810379981994629 0.4487980008125305
vt 0.5661669969558716 0.41964200139045715
vt 0.5704740285873413 0.41651400923728943
vt 0.5810379981994629 0.4487980008125305
vt 0.5861660242080688 0.48112401366233826
vt 0.5817009806632996 0.48112401366233826
vt 0.5817009806632996 0.48112401366233826
vt 0.5767899751663208 0.4501729905605316
vt 0.5810379981994629 0.4487980008125305
vt 0.5860990285873413 0.4471539855003357
vt 0.5914869904518127 0.48112401366233826
vt 0.5861660242080688 0.48112401366233826
vt 0.5861660242080688 0.48112401366233826
vt 0.5810379981994629 0.4487980008125305
vt 0.5860990285873413 0.4471539855003357
vt 0.5861660242080688 0.48112401366233826
vt 0.5810379981994629 0.513450026512146
vt 0.5767890214920044 0.5120760202407837
vt 0.5767890214920044 0.5120760202407837
vt 0.5817009806632996 0.48112401366233826
vt 0.5861660242080688 0.48112401366233826
vt 0.5914869904518127 0.48112401366233826
vt 0.5860990285873413 0.515093982219696
vt 0.5810379981994629 0.513450026512146
vt 0.5810379981994629 0.513450026512146
vt 0.5861660242080688 0.48112401366233826
vt 0.5914869904518127 0.48112401366233826
vt 0.5810379981994629 0.513450026512146
vt 0.5661680102348328 0.5426070094108582
vt 0.5625479817390442 0.5399900078773499
vt 0.5625479817390442 0.5399900078773499
vt 0.5767890214920044 0.5120760202407837
vt 0.5810379981994629 0.513450026512146
vt 0.5860990285873413 0.515093982219696
vt 0.5704740285873413 0.5457339882850647
vt 0.5661680102348328 0.5426070094108582
vt 0.5661680102348328 0.5426070094108582
vt 0.5810379981994629 0.513450026512146
vt 0.5860990285873413 0.515093982219696
vt 0.5661680102348328 0.5426070094108582
vt 0.5430049896240234 0.5657299757003784
vt 0.540369987487793 0.5621269941329956
vt 0.540369987487793 0.5621269941329956
vt 0.5625479817390442 0.5399900078773499
vt 0.5661680102348328 0.5426070094108582
vt 0.5704740285873413 0.5457339882850647
vt 0.5461369752883911 0.5700380206108093
vt 0.5430049896240234 0.5657299757003784
vt 0.5430049896240234 0.5657299757003784
vt 0.5661680102348328 0.5426070094108582
vt 0.5704740285873413 0.5457339882850647
vt 0.5430049896240234 0.5657299757003784
vt 0.513837993144989 0.5805720090866089
vt 0.5124419927597046 0.576321005821228
vt 0.5124419927597046 0.576321005821228
vt 0.540369987487793 0.5621269941329956
vt 0.5430049896240234 0.5657299757003784
vt 0.5461369752883911 0.5700380206108093
vt 0.5154820084571838 0.5856379866600037
vt 0.513837993144989 0.5805720090866089
vt 0.513837993144989 0.5805720090866089
vt 0.5430049896240234 0.5657299757003784
vt 0.5461369752883911 0.5700380206108093
vt 0.513837993144989 0.5805720090866089
vt 0.48149800300598145 0.5856080055236816
vt 0.48147299885749817 0.5811759829521179
vt 0.48147299885749817 0.5811759829521179
vt 0.5124419927597046 0.576321005821228
vt 0.513837993144989 0.5805720090866089
vt 0.5154820084571838 0.5856379866600037
vt 0.4815109968185425 0.5909519791603088
vt 0.48149800300598145 0.5856080055236816
vt 0.48149800300598145 0.5856080055236816
vt 0.513837993144989 0.5805720090866089
vt 0.5154820084571838 0.5856379866600037
vt 0.48149800300598145 0.5856080055236816
vt 0.4491429924964905 0.5807510018348694
vt 0.4505949914455414 0.5763999819755554
vt 0.4505949914455414 0.5763999819755554
vt 0.48147299885749817 0.5811759829521179
vt 0.48149800300598145 0.5856080055236816
vt 0.4815109968185425 0.5909519791603088
vt 0.44745200872421265 0.5857329964637756
vt 0.4491429924964905 0.5807510018348694
vt 0.4491429924964905 0.5807510018348694
vt 0.48149800300598145 0.5856080055236816
vt 0.4815109968185425 0.5909519791603088
vt 0.4505949914455414 0.5763999819755554
vt 0.4491429924964905 0.5807510018348694
vt 0.41995498538017273 0.5638700127601624
vt 0.41995498538017273 0.5638700127601624
vt 0.42247000336647034 0.5603910088539124
vt 0.4505949914455414 0.5763999819755554
vt 0.4491429924964905 0.5807510018348694
vt 0.44745200872421265 0.5857329964637756
vt 0.41680699586868286 0.5684660077095032
vt 0.41680699586868286 0.5684660077095032
vt 0.41995498538017273 0.5638700127601624
vt 0.4491429924964905 0.5807510018348694
vt 0.41995498538017273 0.5638700127601624
vt 0.3942109942436218 0.5434139966964722
vt 0.39795100688934326 0.540673017501831
vt 0.39795100688934326 0.540673017501831
vt 0.42247000336647034 0.5603910088539124
vt 0.41995498538017273 0.5638700127601624
vt 0.41680699586868286 0.5684660077095032
vt 0.39022499322891235 0.5464479923248291
vt 0.3942109942436218 0.5434139966964722
vt 0.3942109942436218 0.5434139966964722
vt 0.41995498538017273 0.5638700127601624
vt 0.41680699586868286 0.5684660077095032
vt 0.39795100688934326 0.540673017501831
vt 0.3942109942436218 0.5434139966964722
vt 0.3812279999256134 0.5138000249862671
vt 0.3812279999256134 0.5138000249862671
vt 0.38532400131225586 0.5125200152397156
vt 0.39795100688934326 0.540673017501831
vt 0.3942109942436218 0.5434139966964722
vt 0.39022499322891235 0.5464479923248291
vt 0.37612900137901306 0.5153639912605286
vt 0.37612900137901306 0.5153639912605286
vt 0.3812279999256134 0.5138000249862671
vt 0.3942109942436218 0.5434139966964722
vt 0.3812279999256134 0.5138000249862671
vt 0.3756200075149536 0.48112401366233826
vt 0.38013800978660583 0.48112401366233826
vt 0.38013800978660583 0.48112401366233826
vt 0.38532400131225586 0.5125200152397156
vt 0.3812279999256134 0.5138000249862671
vt 0.37612900137901306 0.5153639912605286
vt 0.3704040050506592 0.48112401366233826
vt 0.3756200075149536 0.48112401366233826
vt 0.3756200075149536 0.48112401366233826
vt 0.3812279999256134 0.5138000249862671
vt 0.37612900137901306 0.5153639912605286
vt 0.29140299558639526 0.3432770073413849
vt 0.2578969895839691 0.4085879921913147
vt 0.25349199771881104 0.40714699029922485
vt 0.25349199771881104 0.40714699029922485
vt 0.2875550091266632 0.3404499888420105
vt 0.29140299558639526 0.3432770073413849
vt 0.29487499594688416 0.3459100127220154
vt 0.2620239853858948 0.4099529981613159
vt 0.2578969895839691 0.4085879921913147
vt 0.2578969895839691 0.4085879921913147
vt 0.29140299558639526 0.3432770073413849
vt 0.29487499594688416 0.3459100127220154
vt 0.29140299558639526 0.3432770073413849
vt 0.3434309959411621 0.29152199625968933
vt 0.34602200984954834 0.2951259911060333
vt 0.34602200984954834 0.2951259911060333
vt 0.29487499594688416 0.3459100127220154
vt 0.29140299558639526 0.3432770073413849
vt 0.2875550091266632 0.3404499888420105
vt 0.34055399894714355 0.2875480055809021
vt 0.3434309959411621 0.29152199625968933
vt 0.3434309959411621 0.29152199625968933
vt 0.29140299558639526 0.3432770073413849
vt 0.2875550091266632 0.3404499888420105
vt 0.2578969895839691 0.4085879921913147
vt 0.2463809996843338 0.481114000082016
vt 0.2417519986629486 0.481114000082016
vt 0.2417519986629486 0.481114000082016
vt 0.25349199771881104 0.40714699029922485
vt 0.2578969895839691 0.4085879921913147
vt 0.2620239853858948 0.4099529981613159
vt 0.25079500675201416 0.481114000082016
vt 0.2463809996843338 0.481114000082016
vt 0.2463809996843338 0.481114000082016
vt 0.2578969895839691 0.4085879921913147
vt 0.2620239853858948 0.4099529981613159
vt 0.3434309959411621 0.29152199625968933
vt 0.40879300236701965 0.2582390010356903
vt 0.4101549983024597 0.26243001222610474
vt 0.4101549983024597 0.26243001222610474
vt 0.34602200984954834 0.2951259911060333
vt 0.3434309959411621 0.29152199625968933
vt 0.34055399894714355 0.2875480055809021
vt 0.40727499127388 0.25356999039649963
vt 0.40879300236701965 0.2582390010356903
vt 0.40879300236701965 0.2582390010356903
vt 0.3434309959411621 0.29152199625968933
vt 0.34055399894714355 0.2875480055809021
vt 0.40879300236701965 0.2582390010356903
vt 0.4812229871749878 0.24676300585269928
vt 0.48122701048851013 0.25116899609565735
vt 0.48122701048851013 0.25116899609565735
vt 0.4101549983024597 0.26243001222610474
vt 0.40879300236701965 0.2582390010356903
vt 0.40727499127388 0.25356999039649963
vt 0.481222003698349 0.24185499548912048
vt 0.4812229871749878 0.24676300585269928
vt 0.4812229871749878 0.24676300585269928
vt 0.40879300236701965 0.2582390010356903
vt 0.40727499127388 0.25356999039649963
vt 0.4812229871749878 0.24676300585269928
vt 0.5536710023880005 0.2582240104675293
vt 0.5523229837417603 0.2624509930610657
vt 0.5523229837417603 0.2624509930610657
vt 0.48122701048851013 0.25116899609565735
vt 0.4812229871749878 0.24676300585269928
vt 0.481222003698349 0.24185499548912048
vt 0.5551750063896179 0.25355398654937744
vt 0.5536710023880005 0.2582240104675293
vt 0.5536710023880005 0.2582240104675293
vt 0.4812229871749878 0.24676300585269928
vt 0.481222003698349 0.24185499548912048
vt 0.5536710023880005 0.2582240104675293
vt 0.61913001537323 0.291390985250473
vt 0.6166449785232544 0.2949709892272949
vt 0.6166449785232544 0.2949709892272949
vt 0.5523229837417603 0.2624509930610657
vt 0.5536710023880005 0.2582240104675293
vt 0.5551750063896179 0.25355398654937744
vt 0.6219170093536377 0.28751200437545776
vt 0.61913001537323 0.291390985250473
vt 0.61913001537323 0.291390985250473
vt 0.5536710023880005 0.2582240104675293
vt 0.5551750063896179 0.25355398654937744
vt 0.61913001537323 0.291390985250473
vt 0.6711689829826355 0.34316399693489075
vt 0.6676669716835022 0.3457379937171936
vt 0.6676669716835022 0.3457379937171936
vt 0.6166449785232544 0.2949709892272949
vt 0.61913001537323 0.291390985250473
vt 0.6219170093536377 0.28751200437545776
vt 0.6749119758605957 0.34042999148368835
vt 0.6711689829826355 0.34316399693489075
vt 0.6711689829826355 0.34316399693489075
vt 0.61913001537323 0.291390985250473
vt 0.6219170093536377 0.28751200437545776
vt 0.6711689829826355 0.34316399693489075
vt 0.7045189738273621 0.4085780084133148
vt 0.7003790140151978 0.4099000096321106
vt 0.7003790140151978 0.4099000096321106
vt 0.6676669716835022 0.3457379937171936
vt 0.6711689829826355 0.34316399693489075
vt 0.6749119758605957 0.34042999148368835
vt 0.7089279890060425 0.40715599060058594
vt 0.7045189738273621 0.4085780084133148
vt 0.7045189738273621 0.4085780084133148
vt 0.6711689829826355 0.34316399693489075
vt 0.6749119758605957 0.34042999148368835
vt 0.7045189738273621 0.4085780084133148
vt 0.7158420085906982 0.4811049997806549
vt 0.7114830017089844 0.4810130000114441
vt 0.7114830017089844 0.4810130000114441
vt 0.7003790140151978 0.4099000096321106
vt 0.7045189738273621 0.4085780084133148
vt 0.7089279890060425 0.40715599060058594
vt 0.720615029335022 0.4811300039291382
vt 0.7158420085906982 0.4811049997806549
vt 0.7158420085906982 0.4811049997806549
vt 0.7045189738273621 0.4085780084133148
vt 0.7089279890060425 0.40715599060058594
vt 0.7158420085906982 0.4811049997806549
vt 0.7042160034179688 0.5535609722137451
vt 0.7000049948692322 0.5521680116653442
vt 0.7000049948692322 0.5521680116653442
vt 0.7114830017089844 0.4810130000114441
vt 0.7158420085906982 0.4811049997806549
vt 0.720615029335022 0.4811300039291382
vt 0.7088760137557983 0.5550860166549683
vt 0.7042160034179688 0.5535609722137451
vt 0.7042160034179688 0.5535609722137451
vt 0.7158420085906982 0.4811049997806549
vt 0.720615029335022 0.4811300039291382
vt 0.7042160034179688 0.5535609722137451
vt 0.6709030270576477 0.6189060211181641
vt 0.6673420071601868 0.6163150072097778
vt 0.6673420071601868 0.6163150072097778
vt 0.7000049948692322 0.5521680116653442
vt 0.7042160034179688 0.5535609722137451
vt 0.7088760137557983 0.5550860166549683
vt 0.6748690009117126 0.6217889785766602
vt 0.6709030270576477 0.6189060211181641
vt 0.6709030270576477 0.6189060211181641
vt 0.7042160034179688 0.5535609722137451
vt 0.7088760137557983 0.5550860166549683
vt 0.6709030270576477 0.6189060211181641
vt 0.6190320253372192 0.6707450151443481
vt 0.616445004940033 0.6671789884567261
vt 0.616445004940033 0.6671789884567261
vt 0.6673420071601868 0.6163150072097778
vt 0.6709030270576477 0.6189060211181641
vt 0.6748690009117126 0.6217889785766602
vt 0.6219130158424377 0.6747130155563354
vt 0.6190320253372192 0.6707450151443481
vt 0.6190320253372192 0.6707450151443481
vt 0.6709030270576477 0.6189060211181641
vt 0.6748690009117126 0.6217889785766602
vt 0.6190320253372192 0.6707450151443481
vt 0.5536800026893616 0.7040159702301025
vt 0.5523200035095215 0.6998260021209717
vt 0.5523200035095215 0.6998260021209717
vt 0.616445004940033 0.6671789884567261
vt 0.6190320253372192 0.6707450151443481
vt 0.6219130158424377 0.6747130155563354
vt 0.5551949739456177 0.7086820006370544
vt 0.5536800026893616 0.7040159702301025
vt 0.5536800026893616 0.7040159702301025
vt 0.6190320253372192 0.6707450151443481
vt 0.6219130158424377 0.6747130155563354
vt 0.5536800026893616 0.7040159702301025
vt 0.4812380075454712 0.715490996837616
vt 0.48121699690818787 0.7110520005226135
vt 0.48121699690818787 0.7110520005226135
vt 0.5523200035095215 0.6998260021209717
vt 0.5536800026893616 0.7040159702301025
vt 0.5551949739456177 0.7086820006370544
vt 0.4812439978122711 0.720395028591156
vt 0.4812380075454712 0.715490996837616
vt 0.4812380075454712 0.715490996837616
vt 0.5536800026893616 0.7040159702301025
vt 0.5551949739456177 0.7086820006370544
vt 0.4812380075454712 0.715490996837616
vt 0.408733993768692 0.7041509747505188
vt 0.4100019931793213 0.6999689936637878
vt 0.4100019931793213 0.6999689936637878
vt 0.48121699690818787 0.7110520005226135
vt 0.4812380075454712 0.715490996837616
vt 0.4812439978122711 0.720395028591156
vt 0.4072810113430023 0.7086889743804932
vt 0.408733993768692 0.7041509747505188
vt 0.408733993768692 0.7041509747505188
vt 0.4812380075454712 0.715490996837616
vt 0.4812439978122711 0.720395028591156
vt 0.408733993768692 0.7041509747505188
vt 0.3432390093803406 0.6709830164909363
vt 0.34575799107551575 0.6674730181694031
vt 0.34575799107551575 0.6674730181694031
vt 0.4100019931793213 0.6999689936637878
vt 0.408733993768692 0.7041509747505188
vt 0.4072810113430023 0.7086889743804932
vt 0.3405419886112213 0.6747069954872131
vt 0.3432390093803406 0.6709830164909363
vt 0.3432390093803406 0.6709830164909363
vt 0.408733993768692 0.7041509747505188
vt 0.4072810113430023 0.7086889743804932
vt 0.3432390093803406 0.6709830164909363
vt 0.29124999046325684 0.6190959811210632
vt 0.2947939932346344 0.6165239810943604
vt 0.2947939932346344 0.6165239810943604
vt 0.34575799107551575 0.6674730181694031
vt 0.3432390093803406 0.6709830164909363
vt 0.3405419886112213 0.6747069954872131
vt 0.28753599524497986 0.6217979788780212
vt 0.29124999046325684 0.6190959811210632
vt 0.29124999046325684 0.6190959811210632
vt 0.3432390093803406 0.6709830164909363
vt 0.3405419886112213 0.6747069954872131
vt 0.29124999046325684 0.6190959811210632
vt 0.257872998714447 0.5536569952964783
vt 0.26207101345062256 0.552291989326477
vt 0.26207101345062256 0.552291989326477
vt 0.2947939932346344 0.6165239810943604
vt 0.29124999046325684 0.6190959811210632
vt 0.28753599524497986 0.6217979788780212
vt 0.25348299741744995 0.5550869703292847
vt 0.257872998714447 0.5536569952964783
vt 0.257872998714447 0.5536569952964783
vt 0.29124999046325684 0.6190959811210632
vt 0.28753599524497986 0.6217979788780212
vt 0.257872998714447 0.5536569952964783
vt 0.2463809996843338 0.481114000082016
vt 0.25079500675201416 0.481114000082016
vt 0.25079500675201416 0.481114000082016
vt 0.26207101345062256 0.552291989326477
vt 0.257872998714447 0.5536569952964783
vt 0.25348299741744995 0.5550869703292847
vt 0.2417519986629486 0.481114000082016
vt 0.2463809996843338 0.481114000082016
vt 0.2463809996843338 0.481114000082016
vt 0.257872998714447 0.5536569952964783
vt 0.25348299741744995 0.5550869703292847
vt 0.34674501419067383 0.38347700238227844
vt 0.32312801480293274 0.4297800064086914
vt 0.31877100467681885 0.4283660054206848
vt 0.31877100467681885 0.4283660054206848
vt 0.34304699301719666 0.3807910084724426
vt 0.34674501419067383 0.38347700238227844
vt 0.35020700097084045 0.3859899938106537
vt 0.3271999955177307 0.43109700083732605
vt 0.32312801480293274 0.4297800064086914
vt 0.32312801480293274 0.4297800064086914
vt 0.34674501419067383 0.38347700238227844
vt 0.35020700097084045 0.3859899938106537
vt 0.34674501419067383 0.38347700238227844
vt 0.38368600606918335 0.3469280004501343
vt 0.3862229883670807 0.3504129946231842
vt 0.3862229883670807 0.3504129946231842
vt 0.35020700097084045 0.3859899938106537
vt 0.34674501419067383 0.38347700238227844
vt 0.34304699301719666 0.3807910084724426
vt 0.38098400831222534 0.3432140052318573
vt 0.38368600606918335 0.3469280004501343
vt 0.38368600606918335 0.3469280004501343
vt 0.34674501419067383 0.38347700238227844
vt 0.34304699301719666 0.3807910084724426
vt 0.32312801480293274 0.4297800064086914
vt 0.3150170147418976 0.4811230003833771
vt 0.3104349970817566 0.4811230003833771
vt 0.3104349970817566 0.4811230003833771
vt 0.31877100467681885 0.4283660054206848
vt 0.32312801480293274 0.4297800064086914
vt 0.3271999955177307 0.43109700083732605
vt 0.3193019926548004 0.4811210036277771
vt 0.3150170147418976 0.4811230003833771
vt 0.3150170147418976 0.4811230003833771
vt 0.32312801480293274 0.4297800064086914
vt 0.3271999955177307 0.43109700083732605
vt 0.38368600606918335 0.3469280004501343
vt 0.42999500036239624 0.3233720064163208
vt 0.4313350021839142 0.32746198773384094
vt 0.4313350021839142 0.32746198773384094
vt 0.3862229883670807 0.3504129946231842
vt 0.38368600606918335 0.3469280004501343
vt 0.38098400831222534 0.3432140052318573
vt 0.4285709857940674 0.3190230131149292
vt 0.42999500036239624 0.3233720064163208
vt 0.42999500036239624 0.3233720064163208
vt 0.38368600606918335 0.3469280004501343
vt 0.38098400831222534 0.3432140052318573
vt 0.42999500036239624 0.3233720064163208
vt 0.4813019931316376 0.3151879906654358
vt 0.48131099343299866 0.31948399543762207
vt 0.48131099343299866 0.31948399543762207
vt 0.4313350021839142 0.32746198773384094
vt 0.42999500036239624 0.3233720064163208
vt 0.4285709857940674 0.3190230131149292
vt 0.48129400610923767 0.31061500310897827
vt 0.4813019931316376 0.3151879906654358
vt 0.4813019931316376 0.3151879906654358
vt 0.42999500036239624 0.3233720064163208
vt 0.4285709857940674 0.3190230131149292
vt 0.4813019931316376 0.3151879906654358
vt 0.5326240062713623 0.32326099276542664
vt 0.5313050150871277 0.327347993850708
vt 0.5313050150871277 0.327347993850708
vt 0.48131099343299866 0.31948399543762207
vt 0.4813019931316376 0.3151879906654358
vt 0.48129400610923767 0.31061500310897827
vt 0.5340350270271301 0.3189049959182739
vt 0.5326240062713623 0.32326099276542664
vt 0.5326240062713623 0.32326099276542664
vt 0.4813019931316376 0.3151879906654358
vt 0.48129400610923767 0.31061500310897827
vt 0.5326240062713623 0.32326099276542664
vt 0.5789300203323364 0.3468169867992401
vt 0.5764129757881165 0.35029399394989014
vt 0.5764129757881165 0.35029399394989014
vt 0.5313050150871277 0.327347993850708
vt 0.5326240062713623 0.32326099276542664
vt 0.5340350270271301 0.3189049959182739
vt 0.581620991230011 0.3431060016155243
vt 0.5789300203323364 0.3468169867992401
vt 0.5789300203323364 0.3468169867992401
vt 0.5326240062713623 0.32326099276542664
vt 0.5340350270271301 0.3189049959182739
vt 0.5789300203323364 0.3468169867992401
vt 0.615693986415863 0.383527010679245
vt 0.6122249960899353 0.3860529959201813
vt 0.6122249960899353 0.3860529959201813
vt 0.5764129757881165 0.35029399394989014
vt 0.5789300203323364 0.3468169867992401
vt 0.581620991230011 0.3431060016155243
vt 0.6194000244140625 0.38082900643348694
vt 0.615693986415863 0.383527010679245
vt 0.615693986415863 0.383527010679245
vt 0.5789300203323364 0.3468169867992401
vt 0.581620991230011 0.3431060016155243
vt 0.615693986415863 0.383527010679245
vt 0.6393010020256042 0.42980700731277466
vt 0.6352220177650452 0.43113699555397034
vt 0.6352220177650452 0.43113699555397034
vt 0.6122249960899353 0.3860529959201813
vt 0.615693986415863 0.383527010679245
vt 0.6194000244140625 0.38082900643348694
vt 0.6436589956283569 0.42838799953460693
vt 0.6393010020256042 0.42980700731277466
vt 0.6393010020256042 0.42980700731277466
vt 0.615693986415863 0.383527010679245
vt 0.6194000244140625 0.38082900643348694
vt 0.6393010020256042 0.42980700731277466
vt 0.6474339962005615 0.4811199903488159
vt 0.6431450247764587 0.4811210036277771
vt 0.6431450247764587 0.4811210036277771
vt 0.6352220177650452 0.43113699555397034
vt 0.6393010020256042 0.42980700731277466
vt 0.6436589956283569 0.42838799953460693
vt 0.6520169973373413 0.48111799359321594
vt 0.6474339962005615 0.4811199903488159
vt 0.6474339962005615 0.4811199903488159
vt 0.6393010020256042 0.42980700731277466
vt 0.6436589956283569 0.42838799953460693
vt 0.6474339962005615 0.4811199903488159
vt 0.6392970085144043 0.5324320197105408
vt 0.635221004486084 0.5311059951782227
vt 0.635221004486084 0.5311059951782227
vt 0.6431450247764587 0.4811210036277771
vt 0.6474339962005615 0.4811199903488159
vt 0.6520169973373413 0.48111799359321594
vt 0.643651008605957 0.5338460206985474
vt 0.6392970085144043 0.5324320197105408
vt 0.6392970085144043 0.5324320197105408
vt 0.6474339962005615 0.4811199903488159
vt 0.6520169973373413 0.48111799359321594
vt 0.6392970085144043 0.5324320197105408
vt 0.6156910061836243 0.578711986541748
vt 0.6122260093688965 0.5761899948120117
vt 0.6122260093688965 0.5761899948120117
vt 0.635221004486084 0.5311059951782227
vt 0.6392970085144043 0.5324320197105408
vt 0.643651008605957 0.5338460206985474
vt 0.6193879842758179 0.5814030170440674
vt 0.6156910061836243 0.578711986541748
vt 0.6156910061836243 0.578711986541748
vt 0.6392970085144043 0.5324320197105408
vt 0.643651008605957 0.5338460206985474
vt 0.6156910061836243 0.578711986541748
vt 0.5789290070533752 0.6154239773750305
vt 0.5764150023460388 0.6119509935379028
vt 0.5764150023460388 0.6119509935379028
vt 0.6122260093688965 0.5761899948120117
vt 0.6156910061836243 0.578711986541748
vt 0.6193879842758179 0.5814030170440674
vt 0.5816109776496887 0.6191279888153076
vt 0.5789290070533752 0.6154239773750305
vt 0.5789290070533752 0.6154239773750305
vt 0.6156910061836243 0.578711986541748
vt 0.6193879842758179 0.5814030170440674
vt 0.5789290070533752 0.6154239773750305
vt 0.5326219797134399 0.638979971408844
vt 0.5313069820404053 0.6348950266838074
vt 0.5313069820404053 0.6348950266838074
vt 0.5764150023460388 0.6119509935379028
vt 0.5789290070533752 0.6154239773750305
vt 0.5816109776496887 0.6191279888153076
vt 0.5340250134468079 0.6433320045471191
vt 0.5326219797134399 0.638979971408844
vt 0.5326219797134399 0.638979971408844
vt 0.5789290070533752 0.6154239773750305
vt 0.5816109776496887 0.6191279888153076
vt 0.5326219797134399 0.638979971408844
vt 0.4812990128993988 0.647055983543396
vt 0.48131299018859863 0.6427549719810486
vt 0.48131299018859863 0.6427549719810486
vt 0.5313069820404053 0.6348950266838074
vt 0.5326219797134399 0.638979971408844
vt 0.5340250134468079 0.6433320045471191
vt 0.48128700256347656 0.6516349911689758
vt 0.4812990128993988 0.647055983543396
vt 0.4812990128993988 0.647055983543396
vt 0.5326219797134399 0.638979971408844
vt 0.5340250134468079 0.6433320045471191
vt 0.4812990128993988 0.647055983543396
vt 0.4299910068511963 0.6388909816741943
vt 0.4313350021839142 0.6347900032997131
vt 0.4313350021839142 0.6347900032997131
vt 0.48131299018859863 0.6427549719810486
vt 0.4812990128993988 0.647055983543396
vt 0.48128700256347656 0.6516349911689758
vt 0.42856499552726746 0.6432480216026306
vt 0.4299910068511963 0.6388909816741943
vt 0.4299910068511963 0.6388909816741943
vt 0.4812990128993988 0.647055983543396
vt 0.48128700256347656 0.6516349911689758
vt 0.4299910068511963 0.6388909816741943
vt 0.38368499279022217 0.6153249740600586
vt 0.386227011680603 0.6118320226669312
vt 0.386227011680603 0.6118320226669312
vt 0.4313350021839142 0.6347900032997131
vt 0.4299910068511963 0.6388909816741943
vt 0.42856499552726746 0.6432480216026306
vt 0.3809860050678253 0.6190379858016968
vt 0.38368499279022217 0.6153249740600586
vt 0.38368499279022217 0.6153249740600586
vt 0.4299910068511963 0.6388909816741943
vt 0.42856499552726746 0.6432480216026306
vt 0.38368499279022217 0.6153249740600586
vt 0.34675100445747375 0.5787649750709534
vt 0.35021498799324036 0.5762479901313782
vt 0.35021498799324036 0.5762479901313782
vt 0.386227011680603 0.6118320226669312
vt 0.38368499279022217 0.6153249740600586
vt 0.3809860050678253 0.6190379858016968
vt 0.3430599868297577 0.5814489722251892
vt 0.34675100445747375 0.5787649750709534
vt 0.34675100445747375 0.5787649750709534
vt 0.38368499279022217 0.6153249740600586
vt 0.3809860050678253 0.6190379858016968
vt 0.34675100445747375 0.5787649750709534
vt 0.3231219947338104 0.5324659943580627
vt 0.32719698548316956 0.5311440229415894
vt 0.32719698548316956 0.5311440229415894
vt 0.35021498799324036 0.5762479901313782
vt 0.34675100445747375 0.5787649750709534
vt 0.3430599868297577 0.5814489722251892
vt 0.31876900792121887 0.5338789820671082
vt 0.3231219947338104 0.5324659943580627
vt 0.3231219947338104 0.5324659943580627
vt 0.34675100445747375 0.5787649750709534
vt 0.3430599868297577 0.5814489722251892
vt 0.3231219947338104 0.5324659943580627
vt 0.3150170147418976 0.4811230003833771
vt 0.3193019926548004 0.4811210036277771
vt 0.3193019926548004 0.4811210036277771
vt 0.32719698548316956 0.5311440229415894
vt 0.3231219947338104 0.5324659943580627
vt 0.31876900792121887 0.5338789820671082
vt 0.3104349970817566 0.4811230003833771
vt 0.3150170147418976 0.4811230003833771
vt 0.3150170147418976 0.4811230003833771
vt 0.3231219947338104 0.5324659943580627
vt 0.31876900792121887 0.5338789820671082
vt 0.23686400055885315 0.303631991147995
vt 0.3036940097808838 0.23683899641036987
vt 0.29879701137542725 0.23008699715137482
vt 0.29879701137542725 0.23008699715137482
vt 0.23012399673461914 0.2987230122089386
vt 0.23686400055885315 0.303631991147995
vt 0.23012399673461914 0.2987230122089386
vt 0.18601800501346588 0.3852219879627228
vt 0.19394999742507935 0.3878070116043091
vt 0.19394999742507935 0.3878070116043091
vt 0.23686400055885315 0.303631991147995
vt 0.23012399673461914 0.2987230122089386
vt 0.18601800501346588 0.3852219879627228
vt 0.17082299292087555 0.48112401366233826
vt 0.1791660040616989 0.48112401366233826
vt 0.1791660040616989 0.48112401366233826
vt 0.19394999742507935 0.3878070116043091
vt 0.18601800501346588 0.3852219879627228
vt 0.3036940097808838 0.23683899641036987
vt 0.38788801431655884 0.1939540058374405
vt 0.3853110074996948 0.18601100146770477
vt 0.3853110074996948 0.18601100146770477
vt 0.29879701137542725 0.23008699715137482
vt 0.3036940097808838 0.23683899641036987
vt 0.38788801431655884 0.1939540058374405
vt 0.4812130033969879 0.17917299270629883
vt 0.4812150001525879 0.1708189994096756
vt 0.4812150001525879 0.1708189994096756
vt 0.3853110074996948 0.18601100146770477
vt 0.38788801431655884 0.1939540058374405
vt 0.4812130033969879 0.17917299270629883
vt 0.5745400190353394 0.1939460039138794
vt 0.577118992805481 0.18600599467754364
vt 0.577118992805481 0.18600599467754364
vt 0.4812150001525879 0.1708189994096756
vt 0.4812130033969879 0.17917299270629883
vt 0.5745400190353394 0.1939460039138794
vt 0.6587340235710144 0.23682700097560883
vt 0.6636360287666321 0.23007600009441376
vt 0.6636360287666321 0.23007600009441376
vt 0.577118992805481 0.18600599467754364
vt 0.5745400190353394 0.1939460039138794
vt 0.6587340235710144 0.23682700097560883
vt 0.7255539894104004 0.30362701416015625
vt 0.7323030233383179 0.29872098565101624
vt 0.7323030233383179 0.29872098565101624
vt 0.6636360287666321 0.23007600009441376
vt 0.6587340235710144 0.23682700097560883
vt 0.7255539894104004 0.30362701416015625
vt 0.7684590220451355 0.3878070116043091
vt 0.7763950228691101 0.3852269947528839
vt 0.7763950228691101 0.3852269947528839
vt 0.7323030233383179 0.29872098565101624
vt 0.7255539894104004 0.30362701416015625
vt 0.7684590220451355 0.3878070116043091
vt 0.7832469940185547 0.48112499713897705
vt 0.7915940284729004 0.48112401366233826
vt 0.7915940284729004 0.48112401366233826
vt 0.7763950228691101 0.3852269947528839
vt 0.7684590220451355 0.3878070116043091
vt 0.7832469940185547 0.48112499713897705
vt 0.7684640288352966 0.574442982673645
vt 0.7764109969139099 0.5770260095596313
vt 0.7764109969139099 0.5770260095596313
vt 0.7915940284729004 0.48112401366233826
vt 0.7832469940185547 0.48112499713897705
vt 0.7684640288352966 0.574442982673645
vt 0.7255589962005615 0.6586250066757202
vt 0.7323240041732788 0.6635419726371765
vt 0.7323240041732788 0.6635419726371765
vt 0.7764109969139099 0.5770260095596313
vt 0.7684640288352966 0.574442982673645
vt 0.7255589962005615 0.6586250066757202
vt 0.6587370038032532 0.7254250049591064
vt 0.6636490225791931 0.7321900129318237
vt 0.6636490225791931 0.7321900129318237
vt 0.7323240041732788 0.6635419726371765
vt 0.7255589962005615 0.6586250066757202
vt 0.6587370038032532 0.7254250049591064
vt 0.5745390057563782 0.7683039903640747
vt 0.5771210193634033 0.7762489914894104
vt 0.5771210193634033 0.7762489914894104
vt 0.6636490225791931 0.7321900129318237
vt 0.6587370038032532 0.7254250049591064
vt 0.5745390057563782 0.7683039903640747
vt 0.4812150001525879 0.783070981502533
vt 0.4812160134315491 0.7914149761199951
vt 0.4812160134315491 0.7914149761199951
vt 0.5771210193634033 0.7762489914894104
vt 0.5745390057563782 0.7683039903640747
vt 0.4812150001525879 0.783070981502533
vt 0.38789400458335876 0.7682830095291138
vt 0.38532501459121704 0.776203989982605
vt 0.38532501459121704 0.776203989982605
vt 0.4812160134315491 0.7914149761199951
vt 0.4812150001525879 0.783070981502533
vt 0.38789400458335876 0.7682830095291138
vt 0.30369699001312256 0.7254080176353455
vt 0.29881200194358826 0.7321469783782959
vt 0.29881200194358826 0.7321469783782959
vt 0.38532501459121704 0.776203989982605
vt 0.38789400458335876 0.7682830095291138
vt 0.30369699001312256 0.7254080176353455
vt 0.23686599731445312 0.6586179733276367
vt 0.23013000190258026 0.6635220050811768
vt 0.23013000190258026 0.6635220050811768
vt 0.29881200194358826 0.7321469783782959
vt 0.30369699001312256 0.7254080176353455
vt 0.23686599731445312 0.6586179733276367
vt 0.19395999610424042 0.5744400024414062
vt 0.1860319972038269 0.577019989490509
vt 0.1860319972038269 0.577019989490509
vt 0.23013000190258026 0.6635220050811768
vt 0.23686599731445312 0.6586179733276367
vt 0.19395999610424042 0.5744400024414062
vt 0.1791660040616989 0.48112401366233826
vt 0.17082299292087555 0.48112401366233826
vt 0.17082299292087555 0.48112401366233826
vt 0.1860319972038269 0.577019989490509
vt 0.19395999610424042 0.5744400024414062
vt 0.3097060024738312 0.3567410111427307
vt 0.3563550114631653 0.30931299924850464
vt 0.3498600125312805 0.30031999945640564
vt 0.3498600125312805 0.30031999945640564
vt 0.30028200149536133 0.3496679961681366
vt 0.3097060024738312 0.3567410111427307
vt 0.30028200149536133 0.3496679961681366
vt 0.2684609889984131 0.4120030105113983
vt 0.28029200434684753 0.41585400700569153
vt 0.28029200434684753 0.41585400700569153
vt 0.3097060024738312 0.3567410111427307
vt 0.30028200149536133 0.3496679961681366
vt 0.2684609889984131 0.4120030105113983
vt 0.25750699639320374 0.4811230003833771
vt 0.26994800567626953 0.4811210036277771
vt 0.26994800567626953 0.4811210036277771
vt 0.28029200434684753 0.41585400700569153
vt 0.2684609889984131 0.4120030105113983
vt 0.3563550114631653 0.30931299924850464
vt 0.41560500860214233 0.2792060077190399
vt 0.4121910035610199 0.26865899562835693
vt 0.4121910035610199 0.26865899562835693
vt 0.3498600125312805 0.30031999945640564
vt 0.3563550114631653 0.30931299924850464
vt 0.41560500860214233 0.2792060077190399
vt 0.4812430143356323 0.2687999904155731
vt 0.4812430143356323 0.2576949894428253
vt 0.4812430143356323 0.2576949894428253
vt 0.4121910035610199 0.26865899562835693
vt 0.41560500860214233 0.2792060077190399
vt 0.4812430143356323 0.2687999904155731
vt 0.5468950271606445 0.27913400530815125
vt 0.5503309965133667 0.26855799555778503
vt 0.5503309965133667 0.26855799555778503
vt 0.4812430143356323 0.2576949894428253
vt 0.4812430143356323 0.2687999904155731
vt 0.5468950271606445 0.27913400530815125
vt 0.60589200258255 0.3098669946193695
vt 0.6126909852027893 0.30024999380111694
vt 0.6126909852027893 0.30024999380111694
vt 0.5503309965133667 0.26855799555778503
vt 0.5468950271606445 0.27913400530815125
vt 0.60589200258255 0.3098669946193695
vt 0.6521270275115967 0.356999009847641
vt 0.6621930003166199 0.34968799352645874
vt 0.6621930003166199 0.34968799352645874
vt 0.6126909852027893 0.30024999380111694
vt 0.60589200258255 0.3098669946193695
vt 0.6521270275115967 0.356999009847641
vt 0.6821410059928894 0.4158639907836914
vt 0.693979024887085 0.41201698780059814
vt 0.693979024887085 0.41201698780059814
vt 0.6621930003166199 0.34968799352645874
vt 0.6521270275115967 0.356999009847641
vt 0.6821410059928894 0.4158639907836914
vt 0.6931250095367432 0.4809669852256775
vt 0.7049229741096497 0.4811199903488159
vt 0.7049229741096497 0.4811199903488159
vt 0.693979024887085 0.41201698780059814
vt 0.6821410059928894 0.4158639907836914
vt 0.6931250095367432 0.4809669852256775
vt 0.6833369731903076 0.5467650294303894
vt 0.6939380168914795 0.5502110123634338
vt 0.6939380168914795 0.5502110123634338
vt 0.7049229741096497 0.4811199903488159
vt 0.6931250095367432 0.4809669852256775
vt 0.6833369731903076 0.5467650294303894
vt 0.6531130075454712 0.6059550046920776
vt 0.6621289849281311 0.6125069856643677
vt 0.6621289849281311 0.6125069856643677
vt 0.6939380168914795 0.5502110123634338
vt 0.6833369731903076 0.5467650294303894
vt 0.6531130075454712 0.6059550046920776
vt 0.606099009513855 0.6529240012168884
vt 0.6126440167427063 0.6619309782981873
vt 0.6126440167427063 0.6619309782981873
vt 0.6621289849281311 0.6125069856643677
vt 0.6531130075454712 0.6059550046920776
vt 0.606099009513855 0.6529240012168884
vt 0.5468760132789612 0.6830769777297974
vt 0.5503150224685669 0.6936550140380859
vt 0.5503150224685669 0.6936550140380859
vt 0.6126440167427063 0.6619309782981873
vt 0.606099009513855 0.6529240012168884
vt 0.5468760132789612 0.6830769777297974
vt 0.48123699426651 0.6934990286827087
vt 0.48124000430107117 0.7045950293540955
vt 0.48124000430107117 0.7045950293540955
vt 0.5503150224685669 0.6936550140380859
vt 0.5468760132789612 0.6830769777297974
vt 0.48123699426651 0.6934990286827087
vt 0.4156250059604645 0.6824830174446106
vt 0.41216200590133667 0.6936820149421692
vt 0.41216200590133667 0.6936820149421692
vt 0.48124000430107117 0.7045950293540955
vt 0.48123699426651 0.6934990286827087
vt 0.4156250059604645 0.6824830174446106
vt 0.357030987739563 0.6519849896430969
vt 0.34977099299430847 0.6620500087738037
vt 0.34977099299430847 0.6620500087738037
vt 0.41216200590133667 0.6936820149421692
vt 0.4156250059604645 0.6824830174446106
vt 0.357030987739563 0.6519849896430969
vt 0.3102569878101349 0.6053119897842407
vt 0.3001900017261505 0.6126459836959839
vt 0.3001900017261505 0.6126459836959839
vt 0.34977099299430847 0.6620500087738037
vt 0.357030987739563 0.6519849896430969
vt 0.3102569878101349 0.6053119897842407
vt 0.2802709937095642 0.5463979840278625
vt 0.26844000816345215 0.5502489805221558
vt 0.26844000816345215 0.5502489805221558
vt 0.3001900017261505 0.6126459836959839
vt 0.3102569878101349 0.6053119897842407
vt 0.2802709937095642 0.5463979840278625
vt 0.26994800567626953 0.4811210036277771
vt 0.25750699639320374 0.4811230003833771
vt 0.25750699639320374 0.4811230003833771
vt 0.26844000816345215 0.5502489805221558
vt 0.2802709937095642 0.5463979840278625
vt 0.363072007894516 0.3953169882297516
vt 0.3956409990787506 0.36333900690078735
vt 0.389398992061615 0.3544819951057434
vt 0.389398992061615 0.3544819951057434
vt 0.3540300130844116 0.38855600357055664
vt 0.363072007894516 0.3953169882297516
vt 0.3540300130844116 0.38855600357055664
vt 0.33170899748802185 0.4325459897518158
vt 0.3423439860343933 0.4359929859638214
vt 0.3423439860343933 0.4359929859638214
vt 0.363072007894516 0.3953169882297516
vt 0.3540300130844116 0.38855600357055664
vt 0.33170899748802185 0.4325459897518158
vt 0.32406899333000183 0.4811230003833771
vt 0.3352220058441162 0.4811210036277771
vt 0.3352220058441162 0.4811210036277771
vt 0.3423439860343933 0.4359929859638214
vt 0.33170899748802185 0.4325459897518158
vt 0.3956409990787506 0.36333900690078735
vt 0.4363130033016205 0.342631995677948
vt 0.43293699622154236 0.33222800493240356
vt 0.43293699622154236 0.33222800493240356
vt 0.389398992061615 0.3544819951057434
vt 0.3956409990787506 0.36333900690078735
vt 0.4363130033016205 0.342631995677948
vt 0.4813530147075653 0.3354380130767822
vt 0.4813689887523651 0.32445499300956726
vt 0.4813689887523651 0.32445499300956726
vt 0.43293699622154236 0.33222800493240356
vt 0.4363130033016205 0.342631995677948
vt 0.4813530147075653 0.3354380130767822
vt 0.5264059901237488 0.3425300121307373
vt 0.5298169851303101 0.3320690095424652
vt 0.5298169851303101 0.3320690095424652
vt 0.4813689887523651 0.32445499300956726
vt 0.4813530147075653 0.3354380130767822
vt 0.5264059901237488 0.3425300121307373
vt 0.5670599937438965 0.363211989402771
vt 0.5735470056533813 0.35429900884628296
vt 0.5735470056533813 0.35429900884628296
vt 0.5298169851303101 0.3320690095424652
vt 0.5264059901237488 0.3425300121307373
vt 0.5670599937438965 0.363211989402771
vt 0.5993340015411377 0.39544299244880676
vt 0.6082640290260315 0.38896098732948303
vt 0.6082640290260315 0.38896098732948303
vt 0.5735470056533813 0.35429900884628296
vt 0.5670599937438965 0.363211989402771
vt 0.5993340015411377 0.39544299244880676
vt 0.6200590133666992 0.43607398867607117
vt 0.6305609941482544 0.43266499042510986
vt 0.6305609941482544 0.43266499042510986
vt 0.6082640290260315 0.38896098732948303
vt 0.5993340015411377 0.39544299244880676
vt 0.6200590133666992 0.43607398867607117
vt 0.6272019743919373 0.4811230003833771
vt 0.6382449865341187 0.4811230003833771
vt 0.6382449865341187 0.4811230003833771
vt 0.6305609941482544 0.43266499042510986
vt 0.6200590133666992 0.43607398867607117
vt 0.6272019743919373 0.4811230003833771
vt 0.6200609803199768 0.5261729955673218
vt 0.6305620074272156 0.5295810103416443
vt 0.6305620074272156 0.5295810103416443
vt 0.6382449865341187 0.4811230003833771
vt 0.6272019743919373 0.4811230003833771
vt 0.6200609803199768 0.5261729955673218
vt 0.59934002161026 0.5668039917945862
vt 0.6082680225372314 0.5732839703559875
vt 0.6082680225372314 0.5732839703559875
vt 0.6305620074272156 0.5295810103416443
vt 0.6200609803199768 0.5261729955673218
vt 0.59934002161026 0.5668039917945862
vt 0.56706702709198 0.5990369915962219
vt 0.5735499858856201 0.60794597864151
vt 0.5735499858856201 0.60794597864151
vt 0.6082680225372314 0.5732839703559875
vt 0.59934002161026 0.5668039917945862
vt 0.56706702709198 0.5990369915962219
vt 0.5264120101928711 0.6197130084037781
vt 0.52982097864151 0.630174994468689
vt 0.52982097864151 0.630174994468689
vt 0.5735499858856201 0.60794597864151
vt 0.56706702709198 0.5990369915962219
vt 0.5264120101928711 0.6197130084037781
vt 0.4813559949398041 0.6268010139465332
vt 0.48137199878692627 0.6377879977226257
vt 0.48137199878692627 0.6377879977226257
vt 0.52982097864151 0.630174994468689
vt 0.5264120101928711 0.6197130084037781
vt 0.4813559949398041 0.6268010139465332
vt 0.4363139867782593 0.6196119785308838
vt 0.43293800950050354 0.6300190091133118
vt 0.43293800950050354 0.6300190091133118
vt 0.48137199878692627 0.6377879977226257
vt 0.4813559949398041 0.6268010139465332
vt 0.4363139867782593 0.6196119785308838
vt 0.39564400911331177 0.5989050269126892
vt 0.389398992061615 0.6077650189399719
vt 0.389398992061615 0.6077650189399719
vt 0.43293800950050354 0.6300190091133118
vt 0.4363139867782593 0.6196119785308838
vt 0.39564400911331177 0.5989050269126892
vt 0.3630770146846771 0.5669249892234802
vt 0.3540329933166504 0.5736889839172363
vt 0.3540329933166504 0.5736889839172363
vt 0.389398992061615 0.6077650189399719
vt 0.39564400911331177 0.5989050269126892
vt 0.3630770146846771 0.5669249892234802
vt 0.3423449993133545 0.5262500047683716
vt 0.3317109942436218 0.5296970009803772
vt 0.3317109942436218 0.5296970009803772
vt 0.3540329933166504 0.5736889839172363
vt 0.3630770146846771 0.5669249892234802
vt 0.3423449993133545 0.5262500047683716
vt 0.3352220058441162 0.4811210036277771
vt 0.32406899333000183 0.4811230003833771
vt 0.32406899333000183 0.4811230003833771
vt 0.3317109942436218 0.5296970009803772
vt 0.3423449993133545 0.5262500047683716

f 1/1/1 2/2/2 3/3/3
f 4/4/4 5/5/5 6/6/6
f 7/7/7 8/8/8 9/9/9
f 10/10/10 11/11/11 12/12/12
f 13/13/13 14/14/14 15/15/15
f 16/16/16 17/17/17 18/18/18
f 19/19/19 20/20/20 21/21/21
f 22/22/22 23/23/23 24/24/24
f 25/25/25 26/26/26 27/27/27
f 28/28/28 29/29/29 30/30/30
f 31/31/31 32/32/32 33/33/33
f 34/34/34 35/35/35 36/36/36
f 37/37/37 38/38/38 39/39/39
f 40/40/40 41/41/41 42/42/42
f 43/43/43 44/44/44 45/45/45
f 46/46/46 47/47/47 48/48/48
f 49/49/49 50/50/50 51/51/51
f 52/52/52 53/53/53 54/54/54
f 55/55/55 56/56/56 57/57/57
f 58/58/58 59/59/59 60/60/60
f 61/61/61 62/62/62 63/63/63
f 64/64/64 65/65/65 66/66/66
f 67/67/67 68/68/68 69/69/69
f 70/70/70 71/71/71 72/72/72
f 73/73/73 74/74/74 75/75/75
f 76/76/76 77/77/77 78/78/78
f 79/79/79 80/80/80 81/81/81
f 82/82/82 83/83/83 84/84/84
f 85/85/85 86/86/86 87/87/87
f 88/88/88 89/89/89 90/90/90
f 91/91/91 92/92/92 93/93/93
f 94/94/94 95/95/95 96/96/96
f 97/97/97 98/98/98 99/99/99
f 100/100/100 101/101/101 102/102/102
f 103/103/103 104/104/104 105/105/105
f 106/106/106 107/107/107 108/108/108
f 109/109/109 110/110/110 111/111/111
f 112/112/112 113/113/113 114/114/114
f 115/115/115 116/116/116 117/117/117
f 118/118/118 119/119/119 120/120/120
f 121/121/121 122/122/122 123/123/123
f 124/124/124 125/125/125 126/126/126
f 127/127/127 128/128/128 129/129/129
f 130/130/130 131/131/131 132/132/132
f 133/133/133 134/134/134 135/135/135
f 136/136/136 137/137/137 138/138/138
f 139/139/139 140/140/140 141/141/141
f 142/142/142 143/143/143 144/144/144
f 145/145/145 146/146/146 147/147/147
f 148/148/148 149/149/149 150/150/150
f 151/151/151 152/152/152 153/153/153
f 154/154/154 155/155/155 156/156/156
f 157/157/157 158/158/158 159/159/159
f 160/160/160 161/161/161 162/162/162
f 163/163/163 164/164/164 165/165/165
f 166/166/166 167/167/167 168/168/168
f 169/169/169 170/170/170 171/171/171
f 172/172/172 173/173/173 174/174/174
f 175/175/175 176/176/176 177/177/177
f 178/178/178 179/179/179 180/180/180
f 181/181/181 182/182/182 183/183/183
f 184/184/184 185/185/185 186/186/186
f 187/187/187 188/188/188 189/189/189
f 190/190/190 191/191/191 192/192/192
f 193/193/193 194/194/194 195/195/195
f 196/196/196 197/197/197 198/198/198
f 199/199/199 200/200/200 201/201/201
f 202/202/202 203/203/203 204/204/204
f 205/205/205 206/206/206 207/207/207
f 208/208/208 209/209/209 210/210/210
f 211/211/211 212/212/212 213/213/213
f 214/214/214 215/215/215 216/216/216
f 217/217/217 218/218/218 219/219/219
f 220/220/220 221/221/221 222/222/222
f 223/223/223 224/224/224 225/225/225
f 226/226/226 227/227/227 228/228/228
f 229/229/229 230/230/230 231/231/231
f 232/232/232 233/233/233 234/234/234
f 235/235/235 236/236/236 237/237/237
f 238/238/238 239/239/239 240/240/240
f 241/241/241 242/242/242 243/243/243
f 244/244/244 245/245/245 246/246/246
f 247/247/247 248/248/248 249/249/249
f 250/250/250 251/251/251 252/252/252
f 253/253/253 254/254/254 255/255/255
f 256/256/256 257/257/257 258/258/258
f 259/259/259 260/260/260 261/261/261
f 262/262/262 263/263/263 264/264/264
f 265/265/265 266/266/266 267/267/267
f 268/268/268 269/269/269 270/270/270
f 271/271/271 272/272/272 273/273/273
f 274/274/274 275/275/275 276/276/276
f 277/277/277 278/278/278 279/279/279
f 280/280/280 281/281/281 282/282/282
f 283/283/283 284/284/284 285/285/285
f 286/286/286 287/287/287 288/288/288
f 289/289/289 290/290/290 291/291/291
f 292/292/292 293/293/293 294/294/294
f 295/295/295 296/296/296 297/297/297
f 298/298/298 299/299/299 300/300/300
f 301/301/301 302/302/302 303/303/303
f 304/304/304 305/305/305 306/306/306
f 307/307/307 308/308/308 309/309/309
f 310/310/310 311/311/311 312/312/312
f 313/313/313 314/314/314 315/315/315
f 316/316/316 317/317/317 318/318/318
f 319/319/319 320/320/320 321/321/321
f 322/322/322 323/323/323 324/324/324
f 325/325/325 326/326/326 327/327/327
f 328/328/328 329/329/329 330/330/330
f 331/331/331 332/332/332 333/333/333
f 334/334/334 335/335/335 336/336/336
f 337/337/337 338/338/338 339/339/339
f 340/340/340 341/341/341 342/342/342
f 343/343/343 344/344/344 345/345/345
f 346/346/346 347/347/347 348/348/348
f 349/349/349 350/350/350 351/351/351
f 352/352/352 353/353/353 354/354/354
f 355/355/355 356/356/356 357/357/357
f 358/358/358 359/359/359 360/360/360
f 361/361/361 362/362/362 363/363/363
f 364/364/364 365/365/365 366/366/366
f 367/367/367 368/368/368 369/369/369
f 370/370/370 371/371/371 372/372/372
f 373/373/373 374/374/374 375/375/375
f 376/376/376 377/377/377 378/378/378
f 379/379/379 380/380/380 381/381/381
f 382/382/382 383/383/383 384/384/384
f 385/385/385 386/386/386 387/387/387
f 388/388/388 389/389/389 390/390/390
f 391/391/391 392/392/392 393/393/393
f 394/394/394 395/395/395 396/396/396
f 397/397/397 398/398/398 399/399/399
f 400/400/400 401/401/401 402/402/402
f 403/403/403 404/404/404 405/405/405
f 406/406/406 407/407/407 408/408/408
f 409/409/409 410/410/410 411/411/411
f 412/412/412 413/413/413 414/414/414
f 415/415/415 416/416/416 417/417/417
f 418/418/418 419/419/419 420/420/420
f 421/421/421 422/422/422 423/423/423
f 424/424/424 425/425/425 426/426/426
f 427/427/427 428/428/428 429/429/429
f 430/430/430 431/431/431 432/432/432
f 433/433/433 434/434/434 435/435/435
f 436/436/436 437/437/437 438/438/438
f 439/439/439 440/440/440 441/441/441
f 442/442/442 443/443/443 444/444/444
f 445/445/445 446/446/446 447/447/447
f 448/448/448 449/449/449 450/450/450
f 451/451/451 452/452/452 453/453/453
f 454/454/454 455/455/455 456/456/456
f 457/457/457 458/458/458 459/459/459
f 460/460/460 461/461/461 462/462/462
f 463/463/463 464/464/464 465/465/465
f 466/466/466 467/467/467 468/468/468
f 469/469/469 470/470/470 471/471/471
f 472/472/472 473/473/473 474/474/474
f 475/475/475 476/476/476 477/477/477
f 478/478/478 479/479/479 480/480/480
f 481/481/481 482/482/482 483/483/483
f 484/484/484 485/485/485 486/486/486
f 487/487/487 488/488/488 489/489/489
f 490/490/490 491/491/491 492/492/492
f 493/493/493 494/494/494 495/495/495
f 496/496/496 497/497/497 498/498/498
f 499/499/499 500/500/500 501/501/501
f 502/502/502 503/503/503 504/504/504
f 505/505/505 506/506/506 507/507/507
f 508/508/508 509/509/509 510/510/510
f 511/511/511 512/512/512 513/513/513
f 514/514/514 515/515/515 516/516/516
f 517/517/517 518/518/518 519/519/519
f 520/520/520 521/521/521 522/522/522
f 523/523/523 524/524/524 525/525/525
f 526/526/526 527/527/527 528/528/528
f 529/529/529 530/530/530 531/531/531
f 532/532/532 533/533/533 534/534/534
f 535/535/535 536/536/536 537/537/537
f 538/538/538 539/539/539 540/540/540
f 541/541/541 542/542/542 543/543/543
f 544/544/544 545/545/545 546/546/546
f 547/547/547 548/548/548 549/549/549
f 550/550/550 551/551/551 552/552/552
f 553/553/553 554/554/554 555/555/555
f 556/556/556 557/557/557 558/558/558
f 559/559/559 560/560/560 561/561/561
f 562/562/562 563/563/563 564/564/564
f 565/565/565 566/566/566 567/567/567
f 568/568/568 569/569/569 570/570/570
f 571/571/571 572/572/572 573/573/573
f 574/574/574 575/575/575 576/576/576
f 577/577/577 578/578/578 579/579/579
f 580/580/580 581/581/581 582/582/582
f 583/583/583 584/584/584 585/585/585
f 586/586/586 587/587/587 588/588/588
f 589/589/589 590/590/590 591/591/591
f 592/592/592 593/593/593 594/594/594
f 595/595/595 596/596/596 597/597/597
f 598/598/598 599/599/599 600/600/600
f 601/601/601 602/602/602 603/603/603
f 604/604/604 605/605/605 606/606/606
f 607/607/607 608/608/608 609/609/609
f 610/610/610 611/611/611 612/612/612
f 613/613/613 614/614/614 615/615/615
f 616/616/616 617/617/617 618/618/618
f 619/619/619 620/620/620 621/621/621
f 622/622/622 623/623/623 624/624/624
f 625/625/625 626/626/626 627/627/627
f 628/628/628 629/629/629 630/630/630
f 631/631/631 632/632/632 633/633/633
f 634/634/634 635/635/635 636/636/636
f 637/637/637 638/638/638 639/639/639
f 640/640/640 641/641/641 642/642/642
f 643/643/643 644/644/644 645/645/645
f 646/646/646 647/647/647 648/648/648
f 649/649/649 650/650/650 651/651/651
f 652/652/652 653/653/653 654/654/654
f 655/655/655 656/656/656 657/657/657
f 658/658/658 659/659/659 660/660/660
f 661/661/661 662/662/662 663/663/663
f 664/664/664 665/665/665 666/666/666
f 667/667/667 668/668/668 669/669/669
f 670/670/670 671/671/671 672/672/672
f 673/673/673 674/674/674 675/675/675
f 676/676/676 677/677/677 678/678/678
f 679/679/679 680/680/680 681/681/681
f 682/682/682 683/683/683 684/684/684
f 685/685/685 686/686/686 687/687/687
f 688/688/688 689/689/689 690/690/690
f 691/691/691 692/692/692 693/693/693
f 694/694/694 695/695/695 696/696/696
f 697/697/697 698/698/698 699/699/699
f 700/700/700 701/701/701 702/702/702
f 703/703/703 704/704/704 705/705/705
f 706/706/706 707/707/707 708/708/708
f 709/709/709 710/710/710 711/711/711
f 712/712/712 713/713/713 714/714/714
f 715/715/715 716/716/716 717/717/717
f 718/718/718 719/719/719 720/720/720
f 721/721/721 722/722/722 723/723/723
f 724/724/724 725/725/725 726/726/726
f 727/727/727 728/728/728 729/729/729
f 730/730/730 731/731/731 732/732/732
f 733/733/733 734/734/734 735/735/735
f 736/736/736 737/737/737 738/738/738
f 739/739/739 740/740/740 741/741/741
f 742/742/742 743/743/743 744/744/744
f 745/745/745 746/746/746 747/747/747
f 748/748/748 749/749/749 750/750/750
f 751/751/751 752/752/752 753/753/753
f 754/754/754 755/755/755 756/756/756
f 757/757/757 758/758/758 759/759/759
f 760/760/760 761/761/761 762/762/762
f 763/763/763 764/764/764 765/765/765
f 766/766/766 767/767/767 768/768/768
f 769/769/769 770/770/770 771/771/771
f 772/772/772 773/773/773 774/774/774
f 775/775/775 776/776/776 777/777/777
f 778/778/778 779/779/779 780/780/780
f 781/781/781 782/782/782 783/783/783
f 784/784/784 785/785/785 786/786/786
f 787/787/787 788/788/788 789/789/789
f 790/790/790 791/791/791 792/792/792
f 793/793/793 794/794/794 795/795/795
f 796/796/796 797/797/797 798/798/798
f 799/799/799 800/800/800 801/801/801
f 802/802/802 803/803/803 804/804/804
f 805/805/805 806/806/806 807/807/807
f 808/808/808 809/809/809 810/810/810
f 811/811/811 812/812/812 813/813/813
f 814/814/814 815/815/815 816/816/816
f 817/817/817 818/818/818 819/819/819
f 820/820/820 821/821/821 822/822/822
f 823/823/823 824/824/824 825/825/825
f 826/826/826 827/827/827 828/828/828
f 829/829/829 830/830/830 831/831/831
f 832/832/832 833/833/833 834/834/834
f 835/835/835 836/836/836 837/837/837
f 838/838/838 839/839/839 840/840/840
f 841/841/841 842/842/842 843/843/843
f 844/844/844 845/845/845 846/846/846
f 847/847/847 848/848/848 849/849/849
f 850/850/850 851/851/851 852/852/852
f 853/853/853 854/854/854 855/855/855
f 856/856/856 857/857/857 858/858/858
f 859/859/859 860/860/860 861/861/861
f 862/862/862 863/863/863 864/864/864
f 865/865/865 866/866/866 867/867/867
f 868/868/868 869/869/869 870/870/870
f 871/871/871 872/872/872 873/873/873
f 874/874/874 875/875/875 876/876/876
f 877/877/877 878/878/878 879/879/879
f 880/880/880 881/881/881 882/882/882
f 883/883/883 884/884/884 885/885/885
f 886/886/886 887/887/887 888/888/888
f 889/889/889 890/890/890 891/891/891
f 892/892/892 893/893/893 894/894/894
f 895/895/895 896/896/896 897/897/897
f 898/898/898 899/899/899 900/900/900
f 901/901/901 902/902/902 903/903/903
f 904/904/904 905/905/905 906/906/906
f 907/907/907 908/908/908 909/909/909
f 910/910/910 911/911/911 912/912/912
f 913/913/913 914/914/914 915/915/915
f 916/916/916 917/917/917 918/918/918
f 919/919/919 920/920/920 921/921/921
f 922/922/922 923/923/923 924/924/924
f 925/925/925 926/926/926 927/927/927
f 928/928/928 929/929/929 930/930/930
f 931/931/931 932/932/932 933/933/933
f 934/934/934 935/935/935 936/936/936
f 937/937/937 938/938/938 939/939/939
f 940/940/940 941/941/941 942/942/942
f 943/943/943 944/944/944 945/945/945
f 946/946/946 947/947/947 948/948/948
f 949/949/949 950/950/950 951/951/951
f 952/952/952 953/953/953 954/954/954
f 955/955/955 956/956/956 957/957/957
f 958/958/958 959/959/959 960/960/960
f 961/961/961 962/962/962 963/963/963
f 964/964/964 965/965/965 966/966/966
f 967/967/967 968/968/968 969/969/969
f 970/970/970 971/971/971 972/972/972
f 973/973/973 974/974/974 975/975/975
f 976/976/976 977/977/977 978/978/978
f 979/979/979 980/980/980 981/981/981
f 982/982/982 983/983/983 984/984/984
f 985/985/985 986/986/986 987/987/987
f 988/988/988 989/989/989 990/990/990
f 991/991/991 992/992/992 993/993/993
f 994/994/994 995/995/995 996/996/996
f 997/997/997 998/998/998 999/999/999
f 1000/1000/1000 1001/1001/1001 1002/1002/1002
f 1003/1003/1003 1004/1004/1004 1005/1005/1005
f 1006/1006/1006 1007/1007/1007 1008/1008/1008
f 1009/1009/1009 1010/1010/1010 1011/1011/1011
f 1012/1012/1012 1013/1013/1013 1014/1014/1014
f 1015/1015/1015 1016/1016/1016 1017/1017/1017
f 1018/1018/1018 1019/1019/1019 1020/1020/1020
f 1021/1021/1021 1022/1022/1022 1023/1023/1023
f 1024/1024/1024 1025/1025/1025 1026/1026/1026
f 1027/1027/1027 1028/1028/1028 1029/1029/1029
f 1030/1030/1030 1031/1031/1031 1032/1032/1032
f 1033/1033/1033 1034/1034/1034 1035/1035/1035
f 1036/1036/1036 1037/1037/1037 1038/1038/1038
f 1039/1039/1039 1040/1040/1040 1041/1041/1041
f 1042/1042/1042 1043/1043/1043 1044/1044/1044
f 1045/1045/1045 1046/1046/1046 1047/1047/1047
f 1048/1048/1048 1049/1049/1049 1050/1050/1050
f 1051/1051/1051 1052/1052/1052 1053/1053/1053
f 1054/1054/1054 1055/1055/1055 1056/1056/1056
f 1057/1057/1057 1058/1058/1058 1059/1059/1059
f 1060/1060/1060 1061/1061/1061 1062/1062/1062
f 1063/1063/1063 1064/1064/1064 1065/1065/1065
f 1066/1066/1066 1067/1067/1067 1068/1068/1068
f 1069/1069/1069 1070/1070/1070 1071/1071/1071
f 1072/1072/1072 1073/1073/1073 1074/1074/1074
f 1075/1075/1075 1076/1076/1076 1077/1077/1077
f 1078/1078/1078 1079/1079/1079 1080/1080/1080
f 1081/1081/1081 1082/1082/1082 1083/1083/1083
f 1084/1084/1084 1085/1085/1085 1086/1086/1086
f 1087/1087/1087 1088/1088/1088 1089/1089/1089
f 1090/1090/1090 1091/1091/1091 1092/1092/1092
f 1093/1093/1093 1094/1094/1094 1095/1095/1095
f 1096/1096/1096 1097/1097/1097 1098/1098/1098
f 1099/1099/1099 1100/1100/1100 1101/1101/1101
f 1102/1102/1102 1103/1103/1103 1104/1104/1104
f 1105/1105/1105 1106/1106/1106 1107/1107/1107
f 1108/1108/1108 1109/1109/1109 1110/1110/1110
f 1111/1111/1111 1112/1112/1112 1113/1113/1113
f 1114/1114/1114 1115/1115/1115 1116/1116/1116
f 1117/1117/1117 1118/1118/1118 1119/1119/1119
f 1120/1120/1120 1121/1121/1121 1122/1122/1122
f 1123/1123/1123 1124/1124/1124 1125/1125/1125
f 1126/1126/1126 1127/1127/1127 1128/1128/1128
f 1129/1129/1129 1130/1130/1130 1131/1131/1131
f 1132/1132/1132 1133/1133/1133 1134/1134/1134
f 1135/1135/1135 1136/1136/1136 1137/1137/1137
f 1138/1138/1138 1139/1139/1139 1140/1140/1140
f 1141/1141/1141 1142/1142/1142 1143/1143/1143
f 1144/1144/1144 1145/1145/1145 1146/1146/1146
f 1147/1147/1147 1148/1148/1148 1149/1149/1149
f 1150/1150/1150 1151/1151/1151 1152/1152/1152
f 1153/1153/1153 1154/1154/1154 1155/1155/1155
f 1156/1156/1156 1157/1157/1157 1158/1158/1158
f 1159/1159/1159 1160/1160/1160 1161/1161/1161
f 1162/1162/1162 1163/1163/1163 1164/1164/1164
f 1165/1165/1165 1166/1166/1166 1167/1167/1167
f 1168/1168/1168 1169/1169/1169 1170/1170/1170
f 1171/1171/1171 1172/1172/1172 1173/1173/1173
f 1174/1174/1174 1175/1175/1175 1176/1176/1176
f 1177/1177/1177 1178/1178/1178 1179/1179/1179
f 1180/1180/1180 1181/1181/1181 1182/1182/1182
f 1183/1183/1183 1184/1184/1184 1185/1185/1185
f 1186/1186/1186 1187/1187/1187 1188/1188/1188
f 1189/1189/1189 1190/1190/1190 1191/1191/1191
f 1192/1192/1192 1193/1193/1193 1194/1194/1194
f 1195/1195/1195 1196/1196/1196 1197/1197/1197
f 1198/1198/1198 1199/1199/1199 1200/1200/1200
f 1201/1201/1201 1202/1202/1202 1203/1203/1203
f 1204/1204/1204 1205/1205/1205 1206/1206/1206
f 1207/1207/1207 1208/1208/1208 1209/1209/1209
f 1210/1210/1210 1211/1211/1211 1212/1212/1212
f 1213/1213/1213 1214/1214/1214 1215/1215/1215
f 1216/1216/1216 1217/1217/1217 1218/1218/1218
f 1219/1219/1219 1220/1220/1220 1221/1221/1221
f 1222/1222/1222 1223/1223/1223 1224/1224/1224
f 1225/1225/1225 1226/1226/1226 1227/1227/1227
f 1228/1228/1228 1229/1229/1229 1230/1230/1230
f 1231/1231/1231 1232/1232/1232 1233/1233/1233
f 1234/1234/1234 1235/1235/1235 1236/1236/1236
f 1237/1237/1237 1238/1238/1238 1239/1239/1239
f 1240/1240/1240 1241/1241/1241 1242/1242/1242
f 1243/1243/1243 1244/1244/1244 1245/1245/1245
f 1246/1246/1246 1247/1247/1247 1248/1248/1248
f 1249/1249/1249 1250/1250/1250 1251/1251/1251
f 1252/1252/1252 1253/1253/1253 1254/1254/1254
f 1255/1255/1255 1256/1256/1256 1257/1257/1257
f 1258/1258/1258 1259/1259/1259 1260/1260/1260
f 1261/1261/1261 1262/1262/1262 1263/1263/1263
f 1264/1264/1264 1265/1265/1265 1266/1266/1266
f 1267/1267/1267 1268/1268/1268 1269/1269/1269
f 1270/1270/1270 1271/1271/1271 1272/1272/1272
f 1273/1273/1273 1274/1274/1274 1275/1275/1275
f 1276/1276/1276 1277/1277/1277 1278/1278/1278
f 1279/1279/1279 1280/1280/1280 1281/1281/1281
f 1282/1282/1282 1283/1283/1283 1284/1284/1284
f 1285/1285/1285 1286/1286/1286 1287/1287/1287
f 1288/1288/1288 1289/1289/1289 1290/1290/1290
f 1291/1291/1291 1292/1292/1292 1293/1293/1293
f 1294/1294/1294 1295/1295/1295 1296/1296/1296
f 1297/1297/1297 1298/1298/1298 1299/1299/1299
f 1300/1300/1300 1301/1301/1301 1302/1302/1302
f 1303/1303/1303 1304/1304/1304 1305/1305/1305
f 1306/1306/1306 1307/1307/1307 1308/1308/1308
f 1309/1309/1309 1310/1310/1310 1311/1311/1311
f 1312/1312/1312 1313/1313/1313 1314/1314/1314
f 1315/1315/1315 1316/1316/1316 1317/1317/1317
f 1318/1318/1318 1319/1319/1319 1320/1320/1320
f 1321/1321/1321 1322/1322/1322 1323/1323/1323
f 1324/1324/1324 1325/1325/1325 1326/1326/1326
f 1327/1327/1327 1328/1328/1328 1329/1329/1329
f 1330/1330/1330 1331/1331/1331 1332/1332/1332
f 1333/1333/1333 1334/1334/1334 1335/1335/1335
f 1336/1336/1336 1337/1337/1337 1338/1338/1338
f 1339/1339/1339 1340/1340/1340 1341/1341/1341
f 1342/1342/1342 1343/1343/1343 1344/1344/1344
f 1345/1345/1345 1346/1346/1346 1347/1347/1347
f 1348/1348/1348 1349/1349/1349 1350/1350/1350
f 1351/1351/1351 1352/1352/1352 1353/1353/1353
f 1354/1354/1354 1355/1355/1355 1356/1356/1356
f 1357/1357/1357 1358/1358/1358 1359/1359/1359
f 1360/1360/1360 1361/1361/1361 1362/1362/1362
f 1363/1363/1363 1364/1364/1364 1365/1365/1365
f 1366/1366/1366 1367/1367/1367 1368/1368/1368
f 1369/1369/1369 1370/1370/1370 1371/1371/1371
f 1372/1372/1372 1373/1373/1373 1374/1374/1374
f 1375/1375/1375 1376/1376/1376 1377/1377/1377
f 1378/1378/1378 1379/1379/1379 1380/1380/1380
f 1381/1381/1381 1382/1382/1382 1383/1383/1383
f 1384/1384/1384 1385/1385/1385 1386/1386/1386
f 1387/1387/1387 1388/1388/1388 1389/1389/1389
f 1390/1390/1390 1391/1391/1391 1392/1392/1392
f 1393/1393/1393 1394/1394/1394 1395/1395/1395
f 1396/1396/1396 1397/1397/1397 1398/1398/1398
f 1399/1399/1399 1400/1400/1400 1401/1401/1401
f 1402/1402/1402 1403/1403/1403 1404/1404/1404
f 1405/1405/1405 1406/1406/1406 1407/1407/1407
f 1408/1408/1408 1409/1409/1409 1410/1410/1410
f 1411/1411/1411 1412/1412/1412 1413/1413/1413
f 1414/1414/1414 1415/1415/1415 1416/1416/1416
f 1417/1417/1417 1418/1418/1418 1419/1419/1419
f 1420/1420/1420 1421/1421/1421 1422/1422/1422
f 1423/1423/1423 1424/1424/1424 1425/1425/1425
f 1426/1426/1426 1427/1427/1427 1428/1428/1428
f 1429/1429/1429 1430/1430/1430 1431/1431/1431
f 1432/1432/1432 1433/1433/1433 1434/1434/1434
f 1435/1435/1435 1436/1436/1436 1437/1437/1437
f 1438/1438/1438 1439/1439/1439 1440/1440/1440
f 1441/1441/1441 1442/1442/1442 1443/1443/1443
f 1444/1444/1444 1445/1445/1445 1446/1446/1446
f 1447/1447/1447 1448/1448/1448 1449/1449/1449
f 1450/1450/1450 1451/1451/1451 1452/1452/1452
f 1453/1453/1453 1454/1454/1454 1455/1455/1455
f 1456/1456/1456 1457/1457/1457 1458/1458/1458
f 1459/1459/1459 1460/1460/1460 1461/1461/1461
f 1462/1462/1462 1463/1463/1463 1464/1464/1464
f 1465/1465/1465 1466/1466/1466 1467/1467/1467
f 1468/1468/1468 1469/1469/1469 1470/1470/1470
f 1471/1471/1471 1472/1472/1472 1473/1473/1473
f 1474/1474/1474 1475/1475/1475 1476/1476/1476
f 1477/1477/1477 1478/1478/1478 1479/1479/1479
f 1480/1480/1480 1481/1481/1481 1482/1482/1482
f 1483/1483/1483 1484/1484/1484 1485/1485/1485
f 1486/1486/1486 1487/1487/1487 1488/1488/1488
f 1489/1489/1489 1490/1490/1490 1491/1491/1491
f 1492/1492/1492 1493/1493/1493 1494/1494/1494
f 1495/1495/1495 1496/1496/1496 1497/1497/1497
f 1498/1498/1498 1499/1499/1499 1500/1500/1500
f 1501/1501/1501 1502/1502/1502 1503/1503/1503
f 1504/1504/1504 1505/1505/1505 1506/1506/1506
f 1507/1507/1507 1508/1508/1508 1509/1509/1509
f 1510/1510/1510 1511/1511/1511 1512/1512/1512
f 1513/1513/1513 1514/1514/1514 1515/1515/1515
f 1516/1516/1516 1517/1517/1517 1518/1518/1518
f 1519/1519/1519 1520/1520/1520 1521/1521/1521
f 1522/1522/1522 1523/1523/1523 1524/1524/1524
f 1525/1525/1525 1526/1526/1526 1527/1527/1527
f 1528/1528/1528 1529/1529/1529 1530/1530/1530
f 1531/1531/1531 1532/1532/1532 1533/1533/1533
f 1534/1534/1534 1535/1535/1535 1536/1536/1536
f 1537/1537/1537 1538/1538/1538 1539/1539/1539
f 1540/1540/1540 1541/1541/1541 1542/1542/1542
f 1543/1543/1543 1544/1544/1544 1545/1545/1545
f 1546/1546/1546 1547/1547/1547 1548/1548/1548
f 1549/1549/1549 1550/1550/1550 1551/1551/1551
f 1552/1552/1552 1553/1553/1553 1554/1554/1554
f 1555/1555/1555 1556/1556/1556 1557/1557/1557
f 1558/1558/1558 1559/1559/1559 1560/1560/1560
f 1561/1561/1561 1562/1562/1562 1563/1563/1563
f 1564/1564/1564 1565/1565/1565 1566/1566/1566
f 1567/1567/1567 1568/1568/1568 1569/1569/1569
f 1570/1570/1570 1571/1571/1571 1572/1572/1572
f 1573/1573/1573 1574/1574/1574 1575/1575/1575
f 1576/1576/1576 1577/1577/1577 1578/1578/1578
f 1579/1579/1579 1580/1580/1580 1581/1581/1581
f 1582/1582/1582 1583/1583/1583 1584/1584/1584
f 1585/1585/1585 1586/1586/1586 1587/1587/1587
f 1588/1588/1588 1589/1589/1589 1590/1590/1590
f 1591/1591/1591 1592/1592/1592 1593/1593/1593
f 1594/1594/1594 1595/1595/1595 1596/1596/1596
f 1597/1597/1597 1598/1598/1598 1599/1599/1599
f 1600/1600/1600 1601/1601/1601 1602/1602/1602
f 1603/1603/1603 1604/1604/1604 1605/1605/1605
f 1606/1606/1606 1607/1607/1607 1608/1608/1608
f 1609/1609/1609 1610/1610/1610 1611/1611/1611
f 1612/1612/1612 1613/1613/1613 1614/1614/1614
f 1615/1615/1615 1616/1616/1616 1617/1617/1617
f 1618/1618/1618 1619/1619/1619 1620/1620/1620
f 1621/1621/1621 1622/1622/1622 1623/1623/1623
f 1624/1624/1624 1625/1625/1625 1626/1626/1626
f 1627/1627/1627 1628/1628/1628 1629/1629/1629
f 1630/1630/1630 1631/1631/1631 1632/1632/1632
f 1633/1633/1633 1634/1634/1634 1635/1635/1635
f 1636/1636/1636 1637/1637/1637 1638/1638/1638
f 1639/1639/1639 1640/1640/1640 1641/1641/1641
f 1642/1642/1642 1643/1643/1643 1644/1644/1644
f 1645/1645/1645 1646/1646/1646 1647/1647/1647
f 1648/1648/1648 1649/1649/1649 1650/1650/1650
f 1651/1651/1651 1652/1652/1652 1653/1653/1653
f 1654/1654/1654 1655/1655/1655 1656/1656/1656
f 1657/1657/1657 1658/1658/1658 1659/1659/1659
f 1660/1660/1660 1661/1661/1661 1662/1662/1662
f 1663/1663/1663 1664/1664/1664 1665/1665/1665
f 1666/1666/1666 1667/1667/1667 1668/1668/1668
f 1669/1669/1669 1670/1670/1670 1671/1671/1671
f 1672/1672/1672 1673/1673/1673 1674/1674/1674
f 1675/1675/1675 1676/1676/1676 1677/1677/1677
f 1678/1678/1678 1679/1679/1679 1680/1680/1680
f 1681/1681/1681 1682/1682/1682 1683/1683/1683
f 1684/1684/1684 1685/1685/1685 1686/1686/1686
f 1687/1687/1687 1688/1688/1688 1689/1689/1689
f 1690/1690/1690 1691/1691/1691 1692/1692/1692
f 1693/1693/1693 1694/1694/1694 1695/1695/1695
f 1696/1696/1696 1697/1697/1697 1698/1698/1698
f 1699/1699/1699 1700/1700/1700 1701/1701/1701
f 1702/1702/1702 1703/1703/1703 1704/1704/1704
f 1705/1705/1705 1706/1706/1706 1707/1707/1707
f 1708/1708/1708 1709/1709/1709 1710/1710/1710
f 1711/1711/1711 1712/1712/1712 1713/1713/1713
f 1714/1714/1714 1715/1715/1715 1716/1716/1716
f 1717/1717/1717 1718/1718/1718 1719/1719/1719
f 1720/1720/1720 1721/1721/1721 1722/1722/1722
f 1723/1723/1723 1724/1724/1724 1725/1725/1725
f 1726/1726/1726 1727/1727/1727 1728/1728/1728
f 1729/1729/1729 1730/1730/1730 1731/1731/1731
f 1732/1732/1732 1733/1733/1733 1734/1734/1734
f 1735/1735/1735 1736/1736/1736 1737/1737/1737
f 1738/1738/1738 1739/1739/1739 1740/1740/1740
f 1741/1741/1741 1742/1742/1742 1743/1743/1743
f 1744/1744/1744 1745/1745/1745 1746/1746/1746
f 1747/1747/1747 1748/1748/1748 1749/1749/1749
f 1750/1750/1750 1751/1751/1751 1752/1752/1752
f 1753/1753/1753 1754/1754/1754 1755/1755/1755
f 1756/1756/1756 1757/1757/1757 1758/1758/1758
f 1759/1759/1759 1760/1760/1760 1761/1761/1761
f 1762/1762/1762 1763/1763/1763 1764/1764/1764
f 1765/1765/1765 1766/1766/1766 1767/1767/1767
f 1768/1768/1768 1769/1769/1769 1770/1770/1770
f 1771/1771/1771 1772/1772/1772 1773/1773/1773
f 1774/1774/1774 1775/1775/1775 1776/1776/1776
f 1777/1777/1777 1778/1778/1778 1779/1779/1779
f 1780/1780/1780 1781/1781/1781 1782/1782/1782
f 1783/1783/1783 1784/1784/1784 1785/1785/1785
f 1786/1786/1786 1787/1787/1787 1788/1788/1788
f 1789/1789/1789 1790/1790/1790 1791/1791/1791
f 1792/1792/1792 1793/1793/1793 1794/1794/1794
f 1795/1795/1795 1796/1796/1796 1797/1797/1797
f 1798/1798/1798 1799/1799/1799 1800/1800/1800
f 1801/1801/1801 1802/1802/1802 1803/1803/1803
f 1804/1804/1804 1805/1805/1805 1806/1806/1806
f 1807/1807/1807 1808/1808/1808 1809/1809/1809
f 1810/1810/1810 1811/1811/1811 1812/1812/1812
f 1813/1813/1813 1814/1814/1814 1815/1815/1815
f 1816/1816/1816 1817/1817/1817 1818/1818/1818
f 1819/1819/1819 1820/1820/1820 1821/1821/1821
f 1822/1822/1822 1823/1823/1823 1824/1824/1824
f 1825/1825/1825 1826/1826/1826 1827/1827/1827
f 1828/1828/1828 1829/1829/1829 1830/1830/1830
f 1831/1831/1831 1832/1832/1832 1833/1833/1833
f 1834/1834/1834 1835/1835/1835 1836/1836/1836
f 1837/1837/1837 1838/1838/1838 1839/1839/1839
f 1840/1840/1840 1841/1841/1841 1842/1842/1842
f 1843/1843/1843 1844/1844/1844 1845/1845/1845
f 1846/1846/1846 1847/1847/1847 1848/1848/1848
f 1849/1849/1849 1850/1850/1850 1851/1851/1851
f 1852/1852/1852 1853/1853/1853 1854/1854/1854
f 1855/1855/1855 1856/1856/1856 1857/1857/1857
f 1858/1858/1858 1859/1859/1859 1860/1860/1860
f 1861/1861/1861 1862/1862/1862 1863/1863/1863
f 1864/1864/1864 1865/1865/1865 1866/1866/1866
f 1867/1867/1867 1868/1868/1868 1869/1869/1869
f 1870/1870/1870 1871/1871/1871 1872/1872/1872
f 1873/1873/1873 1874/1874/1874 1875/1875/1875
f 1876/1876/1876 1877/1877/1877 1878/1878/1878
f 1879/1879/1879 1880/1880/1880 1881/1881/1881
f 1882/1882/1882 1883/1883/1883 1884/1884/1884
f 1885/1885/1885 1886/1886/1886 1887/1887/1887
f 1888/1888/1888 1889/1889/1889 1890/1890/1890
f 1891/1891/1891 1892/1892/1892 1893/1893/1893
f 1894/1894/1894 1895/1895/1895 1896/1896/1896
f 1897/1897/1897 1898/1898/1898 1899/1899/1899
f 1900/1900/1900 1901/1901/1901 1902/1902/1902
f 1903/1903/1903 1904/1904/1904 1905/1905/1905
f 1906/1906/1906 1907/1907/1907 1908/1908/1908
f 1909/1909/1909 1910/1910/1910 1911/1911/1911
f 1912/1912/1912 1913/1913/1913 1914/1914/1914
f 1915/1915/1915 1916/1916/1916 1917/1917/1917
f 1918/1918/1918 1919/1919/1919 1920/1920/1920
f 1921/1921/1921 1922/1922/1922 1923/1923/1923
f 1924/1924/1924 1925/1925/1925 1926/1926/1926
f 1927/1927/1927 1928/1928/1928 1929/1929/1929
f 1930/1930/1930 1931/1931/1931 1932/1932/1932
f 1933/1933/1933 1934/1934/1934 1935/1935/1935
f 1936/1936/1936 1937/1937/1937 1938/1938/1938
f 1939/1939/1939 1940/1940/1940 1941/1941/1941
f 1942/1942/1942 1943/1943/1943 1944/1944/1944
f 1945/1945/1945 1946/1946/1946 1947/1947/1947
f 1948/1948/1948 1949/1949/1949 1950/1950/1950
f 1951/1951/1951 1952/1952/1952 1953/1953/1953
f 1954/1954/1954 1955/1955/1955 1956/1956/1956
f 1957/1957/1957 1958/1958/1958 1959/1959/1959
f 1960/1960/1960 1961/1961/1961 1962/1962/1962
f 1963/1963/1963 1964/1964/1964 1965/1965/1965
f 1966/1966/1966 1967/1967/1967 1968/1968/1968
f 1969/1969/1969 1970/1970/1970 1971/1971/1971
f 1972/1972/1972 1973/1973/1973 1974/1974/1974
f 1975/1975/1975 1976/1976/1976 1977/1977/1977
f 1978/1978/1978 1979/1979/1979 1980/1980/1980
f 1981/1981/1981 1982/1982/1982 1983/1983/1983
f 1984/1984/1984 1985/1985/1985 1986/1986/1986
f 1987/1987/1987 1988/1988/1988 1989/1989/1989
f 1990/1990/1990 1991/1991/1991 1992/1992/1992
f 1993/1993/1993 1994/1994/1994 1995/1995/1995
f 1996/1996/1996 1997/1997/1997 1998/1998/1998
f 1999/1999/1999 2000/2000/2000 2001/2001/2001
f 2002/2002/2002 2003/2003/2003 2004/2004/2004
f 2005/2005/2005 2006/2006/2006 2007/2007/2007
f 2008/2008/2008 2009/2009/2009 2010/2010/2010
f 2011/2011/2011 2012/2012/2012 2013/2013/2013
f 2014/2014/2014 2015/2015/2015 2016/2016/2016
f 2017/2017/2017 2018/2018/2018 2019/2019/2019
f 2020/2020/2020 2021/2021/2021 2022/2022/2022
f 2023/2023/2023 2024/2024/2024 2025/2025/2025
f 2026/2026/2026 2027/2027/2027 2028/2028/2028
f 2029/2029/2029 2030/2030/2030 2031/2031/2031
f 2032/2032/2032 2033/2033/2033 2034/2034/2034
f 2035/2035/2035 2036/2036/2036 2037/2037/2037
f 2038/2038/2038 2039/2039/2039 2040/2040/2040
f 2041/2041/2041 2042/2042/2042 2043/2043/2043
f 2044/2044/2044 2045/2045/2045 2046/2046/2046
f 2047/2047/2047 2048/2048/2048 2049/2049/2049
f 2050/2050/2050 2051/2051/2051 2052/2052/2052
f 2053/2053/2053 2054/2054/2054 2055/2055/2055
f 2056/2056/2056 2057/2057/2057 2058/2058/2058
f 2059/2059/2059 2060/2060/2060 2061/2061/2061
f 2062/2062/2062 2063/2063/2063 2064/2064/2064
f 2065/2065/2065 2066/2066/2066 2067/2067/2067
f 2068/2068/2068 2069/2069/2069 2070/2070/2070
f 2071/2071/2071 2072/2072/2072 2073/2073/2073
f 2074/2074/2074 2075/2075/2075 2076/2076/2076
f 2077/2077/2077 2078/2078/2078 2079/2079/2079
f 2080/2080/2080 2081/2081/2081 2082/2082/2082
f 2083/2083/2083 2084/2084/2084 2085/2085/2085
f 2086/2086/2086 2087/2087/2087 2088/2088/2088
f 2089/2089/2089 2090/2090/2090 2091/2091/2091
f 2092/2092/2092 2093/2093/2093 2094/2094/2094
f 2095/2095/2095 2096/2096/2096 2097/2097/2097
f 2098/2098/2098 2099/2099/2099 2100/2100/2100
f 2101/2101/2101 2102/2102/2102 2103/2103/2103
f 2104/2104/2104 2105/2105/2105 2106/2106/2106
f 2107/2107/2107 2108/2108/2108 2109/2109/2109
f 2110/2110/2110 2111/2111/2111 2112/2112/2112
f 2113/2113/2113 2114/2114/2114 2115/2115/2115
f 2116/2116/2116 2117/2117/2117 2118/2118/2118
f 2119/2119/2119 2120/2120/2120 2121/2121/2121
f 2122/2122/2122 2123/2123/2123 2124/2124/2124
f 2125/2125/2125 2126/2126/2126 2127/2127/2127
f 2128/2128/2128 2129/2129/2129 2130/2130/2130
f 2131/2131/2131 2132/2132/2132 2133/2133/2133
f 2134/2134/2134 2135/2135/2135 2136/2136/2136
f 2137/2137/2137 2138/2138/2138 2139/2139/2139
f 2140/2140/2140 2141/2141/2141 2142/2142/2142
f 2143/2143/2143 2144/2144/2144 2145/2145/2145
f 2146/2146/2146 2147/2147/2147 2148/2148/2148
f 2149/2149/2149 2150/2150/2150 2151/2151/2151
f 2152/2152/2152 2153/2153/2153 2154/2154/2154
f 2155/2155/2155 2156/2156/2156 2157/2157/2157
f 2158/2158/2158 2159/2159/2159 2160/2160/2160
f 2161/2161/2161 2162/2162/2162 2163/2163/2163
f 2164/2164/2164 2165/2165/2165 2166/2166/2166
f 2167/2167/2167 2168/2168/2168 2169/2169/2169
f 2170/2170/2170 2171/2171/2171 2172/2172/2172
f 2173/2173/2173 2174/2174/2174 2175/2175/2175
f 2176/2176/2176 2177/2177/2177 2178/2178/2178
f 2179/2179/2179 2180/2180/2180 2181/2181/2181
f 2182/2182/2182 2183/2183/2183 2184/2184/2184
f 2185/2185/2185 2186/2186/2186 2187/2187/2187
f 2188/2188/2188 2189/2189/2189 2190/2190/2190
f 2191/2191/2191 2192/2192/2192 2193/2193/2193
f 2194/2194/2194 2195/2195/2195 2196/2196/2196
f 2197/2197/2197 2198/2198/2198 2199/2199/2199
f 2200/2200/2200 2201/2201/2201 2202/2202/2202
f 2203/2203/2203 2204/2204/2204 2205/2205/2205
f 2206/2206/2206 2207/2207/2207 2208/2208/2208
f 2209/2209/2209 2210/2210/2210 2211/2211/2211
f 2212/2212/2212 2213/2213/2213 2214/2214/2214
f 2215/2215/2215 2216/2216/2216 2217/2217/2217
f 2218/2218/2218 2219/2219/2219 2220/2220/2220
f 2221/2221/2221 2222/2222/2222 2223/2223/2223
f 2224/2224/2224 2225/2225/2225 2226/2226/2226
f 2227/2227/2227 2228/2228/2228 2229/2229/2229
f 2230/2230/2230 2231/2231/2231 2232/2232/2232
f 2233/2233/2233 2234/2234/2234 2235/2235/2235
f 2236/2236/2236 2237/2237/2237 2238/2238/2238
f 2239/2239/2239 2240/2240/2240 2241/2241/2241
f 2242/2242/2242 2243/2243/2243 2244/2244/2244
f 2245/2245/2245 2246/2246/2246 2247/2247/2247
f 2248/2248/2248 2249/2249/2249 2250/2250/2250
f 2251/2251/2251 2252/2252/2252 2253/2253/2253
f 2254/2254/2254 2255/2255/2255 2256/2256/2256
f 2257/2257/2257 2258/2258/2258 2259/2259/2259
f 2260/2260/2260 2261/2261/2261 2262/2262/2262
f 2263/2263/2263 2264/2264/2264 2265/2265/2265
f 2266/2266/2266 2267/2267/2267 2268/2268/2268
f 2269/2269/2269 2270/2270/2270 2271/2271/2271
f 2272/2272/2272 2273/2273/2273 2274/2274/2274
f 2275/2275/2275 2276/2276/2276 2277/2277/2277
f 2278/2278/2278 2279/2279/2279 2280/2280/2280
f 2281/2281/2281 2282/2282/2282 2283/2283/2283
f 2284/2284/2284 2285/2285/2285 2286/2286/2286
f 2287/2287/2287 2288/2288/2288 2289/2289/2289
f 2290/2290/2290 2291/2291/2291 2292/2292/2292
f 2293/2293/2293 2294/2294/2294 2295/2295/2295
f 2296/2296/2296 2297/2297/2297 2298/2298/2298
f 2299/2299/2299 2300/2300/2300 2301/2301/2301
f 2302/2302/2302 2303/2303/2303 2304/2304/2304
f 2305/2305/2305 2306/2306/2306 2307/2307/2307
f 2308/2308/2308 2309/2309/2309 2310/2310/2310
f 2311/2311/2311 2312/2312/2312 2313/2313/2313
f 2314/2314/2314 2315/2315/2315 2316/2316/2316
f 2317/2317/2317 2318/2318/2318 2319/2319/2319
f 2320/2320/2320 2321/2321/2321 2322/2322/2322
f 2323/2323/2323 2324/2324/2324 2325/2325/2325
f 2326/2326/2326 2327/2327/2327 2328/2328/2328
f 2329/2329/2329 2330/2330/2330 2331/2331/2331
f 2332/2332/2332 2333/2333/2333 2334/2334/2334
f 2335/2335/2335 2336/2336/2336 2337/2337/2337
f 2338/2338/2338 2339/2339/2339 2340/2340/2340
f 2341/2341/2341 2342/2342/2342 2343/2343/2343
f 2344/2344/2344 2345/2345/2345 2346/2346/2346
f 2347/2347/2347 2348/2348/2348 2349/2349/2349
f 2350/2350/2350 2351/2351/2351 2352/2352/2352
f 2353/2353/2353 2354/2354/2354 2355/2355/2355
f 2356/2356/2356 2357/2357/2357 2358/2358/2358
f 2359/2359/2359 2360/2360/2360 2361/2361/2361
f 2362/2362/2362 2363/2363/2363 2364/2364/2364
f 2365/2365/2365 2366/2366/2366 2367/2367/2367
f 2368/2368/2368 2369/2369/2369 2370/2370/2370
f 2371/2371/2371 2372/2372/2372 2373/2373/2373
f 2374/2374/2374 2375/2375/2375 2376/2376/2376
f 2377/2377/2377 2378/2378/2378 2379/2379/2379
f 2380/2380/2380 2381/2381/2381 2382/2382/2382
f 2383/2383/2383 2384/2384/2384 2385/2385/2385
f 2386/2386/2386 2387/2387/2387 2388/2388/2388
f 2389/2389/2389 2390/2390/2390 2391/2391/2391
f 2392/2392/2392 2393/2393/2393 2394/2394/2394
f 2395/2395/2395 2396/2396/2396 2397/2397/2397
f 2398/2398/2398 2399/2399/2399 2400/2400/2400
f 2401/2401/2401 2402/2402/2402 2403/2403/2403
f 2404/2404/2404 2405/2405/2405 2406/2406/2406
f 2407/2407/2407 2408/2408/2408 2409/2409/2409
f 2410/2410/2410 2411/2411/2411 2412/2412/2412
f 2413/2413/2413 2414/2414/2414 2415/2415/2415
f 2416/2416/2416 2417/2417/2417 2418/2418/2418
f 2419/2419/2419 2420/2420/2420 2421/2421/2421
f 2422/2422/2422 2423/2423/2423 2424/2424/2424
f 2425/2425/2425 2426/2426/2426 2427/2427/2427
f 2428/2428/2428 2429/2429/2429 2430/2430/2430
f 2431/2431/2431 2432/2432/2432 2433/2433/2433
f 2434/2434/2434 2435/2435/2435 2436/2436/2436
f 2437/2437/2437 2438/2438/2438 2439/2439/2439
f 2440/2440/2440 2441/2441/2441 2442/2442/2442
f 2443/2443/2443 2444/2444/2444 2445/2445/2445
f 2446/2446/2446 2447/2447/2447 2448/2448/2448
f 2449/2449/2449 2450/2450/2450 2451/2451/2451
f 2452/2452/2452 2453/2453/2453 2454/2454/2454
f 2455/2455/2455 2456/2456/2456 2457/2457/2457
f 2458/2458/2458 2459/2459/2459 2460/2460/2460
f 2461/2461/2461 2462/2462/2462 2463/2463/2463
f 2464/2464/2464 2465/2465/2465 2466/2466/2466
f 2467/2467/2467 2468/2468/2468 2469/2469/2469
f 2470/2470/2470 2471/2471/2471 2472/2472/2472
f 2473/2473/2473 2474/2474/2474 2475/2475/2475
f 2476/2476/2476 2477/2477/2477 2478/2478/2478
f 2479/2479/2479 2480/2480/2480 2481/2481/2481
f 2482/2482/2482 2483/2483/2483 2484/2484/2484
f 2485/2485/2485 2486/2486/2486 2487/2487/2487
f 2488/2488/2488 2489/2489/2489 2490/2490/2490
f 2491/2491/2491 2492/2492/2492 2493/2493/2493
f 2494/2494/2494 2495/2495/2495 2496/2496/2496
f 2497/2497/2497 2498/2498/2498 2499/2499/2499
f 2500/2500/2500 2501/2501/2501 2502/2502/2502
f 2503/2503/2503 2504/2504/2504 2505/2505/2505
f 2506/2506/2506 2507/2507/2507 2508/2508/2508
f 2509/2509/2509 2510/2510/2510 2511/2511/2511
f 2512/2512/2512 2513/2513/2513 2514/2514/2514
f 2515/2515/2515 2516/2516/2516 2517/2517/2517
f 2518/2518/2518 2519/2519/2519 2520/2520/2520